/**
  ******************************************************************************
  * @file    font24.c
  * @author  MCD Application Team
  * @version V1.0.0
  * @date    18-February-2014
  * @brief   This file provides text font24 for STM32xx-EVAL's LCD driver. 
  ******************************************************************************
  * @attention
  *
  * <h2><center>&copy; COPYRIGHT(c) 2014 STMicroelectronics</center></h2>
  *
  * Redistribution and use in source and binary forms, with or without modification,
  * are permitted provided that the following conditions are met:
  *   1. Redistributions of source code must retain the above copyright notice,
  *      this list of conditions and the following disclaimer.
  *   2. Redistributions in binary form must reproduce the above copyright notice,
  *      this list of conditions and the following disclaimer in the documentation
  *      and/or other materials provided with the distribution.
  *   3. Neither the name of STMicroelectronics nor the names of its contributors
  *      may be used to endorse or promote products derived from this software
  *      without specific prior written permission.
  *
  * THIS SOFTWARE IS PROVIDED BY THE COPYRIGHT HOLDERS AND CONTRIBUTORS "AS IS"
  * AND ANY EXPRESS OR IMPLIED WARRANTIES, INCLUDING, BUT NOT LIMITED TO, THE
  * IMPLIED WARRANTIES OF MERCHANTABILITY AND FITNESS FOR A PARTICULAR PURPOSE ARE
  * DISCLAIMED. IN NO EVENT SHALL THE COPYRIGHT HOLDER OR CONTRIBUTORS BE LIABLE
  * FOR ANY DIRECT, INDIRECT, INCIDENTAL, SPECIAL, EXEMPLARY, OR CONSEQUENTIAL
  * DAMAGES (INCLUDING, BUT NOT LIMITED TO, PROCUREMENT OF SUBSTITUTE GOODS OR
  * SERVICES; LOSS OF USE, DATA, OR PROFITS; OR BUSINESS INTERRUPTION) HOWEVER
  * CAUSED AND ON ANY THEORY OF LIABILITY, WHETHER IN CONTRACT, STRICT LIABILITY,
  * OR TORT (INCLUDING NEGLIGENCE OR OTHERWISE) ARISING IN ANY WAY OUT OF THE USE
  * OF THIS SOFTWARE, EVEN IF ADVISED OF THE POSSIBILITY OF SUCH DAMAGE.
  *
  ******************************************************************************
  */

/* Includes ------------------------------------------------------------------*/
#include "fonts.h"

const uint8_t Font48_Table [] = 
{
	/*--  文字:     --*/
/*--  微软雅黑48;  此字体下对应的点阵为：宽x高=19x83   --*/
/*--  宽度不是8的倍数，现调整为：宽度x高度=24x83  --*/
0x00,0x00,0x00,0x00,0x00,0x00,0x00,0x00,0x00,0x00,0x00,0x00,0x00,0x00,0x00,0x00,
0x00,0x00,0x00,0x00,0x00,0x00,0x00,0x00,0x00,0x00,0x00,0x00,0x00,0x00,0x00,0x00,
0x00,0x00,0x00,0x00,0x00,0x00,0x00,0x00,0x00,0x00,0x00,0x00,0x00,0x00,0x00,0x00,
0x00,0x00,0x00,0x00,0x00,0x00,0x00,0x00,0x00,0x00,0x00,0x00,0x00,0x00,0x00,0x00,
0x00,0x00,0x00,0x00,0x00,0x00,0x00,0x00,0x00,0x00,0x00,0x00,0x00,0x00,0x00,0x00,
0x00,0x00,0x00,0x00,0x00,0x00,0x00,0x00,0x00,0x00,0x00,0x00,0x00,0x00,0x00,0x00,
0x00,0x00,0x00,0x00,0x00,0x00,0x00,0x00,0x00,0x00,0x00,0x00,0x00,0x00,0x00,0x00,
0x00,0x00,0x00,0x00,0x00,0x00,0x00,0x00,0x00,0x00,0x00,0x00,0x00,0x00,0x00,0x00,
0x00,0x00,0x00,0x00,0x00,0x00,0x00,0x00,0x00,0x00,0x00,0x00,0x00,0x00,0x00,0x00,
0x00,0x00,0x00,0x00,0x00,0x00,0x00,0x00,0x00,0x00,0x00,0x00,0x00,0x00,0x00,0x00,
0x00,0x00,0x00,0x00,0x00,0x00,0x00,0x00,0x00,0x00,0x00,0x00,0x00,0x00,0x00,0x00,
0x00,0x00,0x00,0x00,0x00,0x00,0x00,0x00,0x00,0x00,0x00,0x00,0x00,0x00,0x00,0x00,
0x00,0x00,0x00,0x00,0x00,0x00,0x00,0x00,0x00,0x00,0x00,0x00,0x00,0x00,0x00,0x00,
0x00,0x00,0x00,0x00,0x00,0x00,0x00,0x00,0x00,0x00,0x00,0x00,0x00,0x00,0x00,0x00,
0x00,0x00,0x00,0x00,0x00,0x00,0x00,0x00,0x00,0x00,0x00,0x00,0x00,0x00,0x00,0x00,
0x00,0x00,0x00,0x00,0x00,0x00,0x00,0x00,0x00,

/*--  文字:  !  --*/
/*--  微软雅黑48;  此字体下对应的点阵为：宽x高=19x83   --*/
/*--  宽度不是8的倍数，现调整为：宽度x高度=24x83  --*/
0x00,0x00,0x00,0x00,0x00,0x00,0x00,0x00,0x00,0x00,0x00,0x00,0x00,0x00,0x00,0x00,
0x00,0x00,0x00,0x00,0x00,0x00,0x00,0x00,0x00,0x00,0x00,0x00,0x00,0x00,0x00,0x00,
0x00,0x00,0x00,0x00,0x00,0x00,0x00,0x00,0x00,0x00,0x00,0x00,0x00,0x00,0x00,0x00,
0x00,0x00,0x00,0x03,0xFC,0x00,0x03,0xFC,0x00,0x03,0xFC,0x00,0x03,0xFC,0x00,0x03,
0xFC,0x00,0x03,0xFC,0x00,0x03,0xFC,0x00,0x03,0xFC,0x00,0x03,0xFC,0x00,0x03,0xFC,
0x00,0x03,0xFC,0x00,0x03,0xFC,0x00,0x03,0xFC,0x00,0x03,0xFC,0x00,0x03,0xFC,0x00,
0x03,0xFC,0x00,0x03,0xFC,0x00,0x03,0xFC,0x00,0x03,0xFC,0x00,0x03,0xF8,0x00,0x03,
0xF8,0x00,0x03,0xF8,0x00,0x03,0xF8,0x00,0x03,0xF8,0x00,0x03,0xF8,0x00,0x03,0xF8,
0x00,0x03,0xF8,0x00,0x01,0xF8,0x00,0x01,0xF8,0x00,0x01,0xF8,0x00,0x01,0xF8,0x00,
0x01,0xF8,0x00,0x01,0xF8,0x00,0x01,0xF8,0x00,0x01,0xF8,0x00,0x01,0xF0,0x00,0x00,
0x00,0x00,0x00,0x00,0x00,0x00,0x00,0x00,0x00,0x00,0x00,0x00,0x00,0x00,0x00,0x60,
0x00,0x01,0xF8,0x00,0x03,0xFC,0x00,0x07,0xFE,0x00,0x07,0xFE,0x00,0x07,0xFE,0x00,
0x03,0xFC,0x00,0x03,0xFC,0x00,0x00,0xF0,0x00,0x00,0x00,0x00,0x00,0x00,0x00,0x00,
0x00,0x00,0x00,0x00,0x00,0x00,0x00,0x00,0x00,0x00,0x00,0x00,0x00,0x00,0x00,0x00,
0x00,0x00,0x00,0x00,0x00,0x00,0x00,0x00,0x00,0x00,0x00,0x00,0x00,0x00,0x00,0x00,
0x00,0x00,0x00,0x00,0x00,0x00,0x00,0x00,0x00,

/*--  文字:  "  --*/
/*--  微软雅黑48;  此字体下对应的点阵为：宽x高=19x83   --*/
/*--  宽度不是8的倍数，现调整为：宽度x高度=24x83  --*/
0x00,0x00,0x00,0x00,0x00,0x00,0x00,0x00,0x00,0x00,0x00,0x00,0x00,0x00,0x00,0x00,
0x00,0x00,0x00,0x00,0x00,0x00,0x00,0x00,0x00,0x00,0x00,0x00,0x00,0x00,0x00,0x00,
0x00,0x00,0x00,0x00,0x00,0x00,0x00,0x00,0x00,0x00,0x00,0x00,0x00,0x00,0x00,0x00,
0x00,0x00,0x00,0x03,0xFB,0xE0,0x03,0xFF,0xE0,0x03,0xFB,0xE0,0x03,0xFB,0xE0,0x03,
0xF9,0xE0,0x03,0xF9,0xE0,0x03,0xF9,0xE0,0x03,0xF9,0xE0,0x03,0xF9,0xE0,0x03,0xF9,
0xE0,0x01,0xF9,0xE0,0x01,0xF9,0xE0,0x01,0xF9,0xE0,0x01,0xF9,0xE0,0x01,0xF9,0xE0,
0x01,0xF9,0xE0,0x00,0x00,0x00,0x00,0x00,0x00,0x00,0x00,0x00,0x00,0x00,0x00,0x00,
0x00,0x00,0x00,0x00,0x00,0x00,0x00,0x00,0x00,0x00,0x00,0x00,0x00,0x00,0x00,0x00,
0x00,0x00,0x00,0x00,0x00,0x00,0x00,0x00,0x00,0x00,0x00,0x00,0x00,0x00,0x00,0x00,
0x00,0x00,0x00,0x00,0x00,0x00,0x00,0x00,0x00,0x00,0x00,0x00,0x00,0x00,0x00,0x00,
0x00,0x00,0x00,0x00,0x00,0x00,0x00,0x00,0x00,0x00,0x00,0x00,0x00,0x00,0x00,0x00,
0x00,0x00,0x00,0x00,0x00,0x00,0x00,0x00,0x00,0x00,0x00,0x00,0x00,0x00,0x00,0x00,
0x00,0x00,0x00,0x00,0x00,0x00,0x00,0x00,0x00,0x00,0x00,0x00,0x00,0x00,0x00,0x00,
0x00,0x00,0x00,0x00,0x00,0x00,0x00,0x00,0x00,0x00,0x00,0x00,0x00,0x00,0x00,0x00,
0x00,0x00,0x00,0x00,0x00,0x00,0x00,0x00,0x00,0x00,0x00,0x00,0x00,0x00,0x00,0x00,
0x00,0x00,0x00,0x00,0x00,0x00,0x00,0x00,0x00,

/*--  文字:  #  --*/
/*--  微软雅黑48;  此字体下对应的点阵为：宽x高=19x83   --*/
/*--  宽度不是8的倍数，现调整为：宽度x高度=24x83  --*/
0x00,0x00,0x00,0x00,0x00,0x00,0x00,0x00,0x00,0x00,0x00,0x00,0x00,0x00,0x00,0x00,
0x00,0x00,0x00,0x00,0x00,0x00,0x00,0x00,0x00,0x00,0x00,0x00,0x00,0x00,0x00,0x00,
0x00,0x00,0x00,0x00,0x00,0x00,0x00,0x00,0x00,0x00,0x00,0x00,0x00,0x00,0x00,0x00,
0x00,0x00,0x00,0x00,0x00,0xE0,0x00,0x01,0xE0,0x00,0x01,0xE0,0x00,0x01,0xE0,0x00,
0x01,0xE0,0x00,0x03,0xE0,0x00,0x03,0xE0,0x00,0x03,0xE0,0x00,0x03,0xE0,0x00,0x03,
0xE0,0x00,0x07,0xE0,0x00,0x07,0xE0,0x00,0x07,0xE0,0x00,0x07,0xE0,0x1F,0xFF,0xE0,
0x1F,0xFF,0xE0,0x1F,0xFF,0xE0,0x1F,0xFF,0xE0,0x00,0x0F,0xC0,0x00,0x1F,0xC0,0x00,
0x1F,0x80,0x00,0x1F,0x80,0x00,0x1F,0x80,0x00,0x1F,0x80,0x00,0x3F,0x00,0x00,0x3F,
0x00,0x00,0x3F,0x00,0x3F,0xFF,0xE0,0x7F,0xFF,0xE0,0x7F,0xFF,0xE0,0x7F,0xFF,0xE0,
0xFF,0xFF,0xE0,0x00,0x7E,0x00,0x00,0x7E,0x00,0x00,0xFC,0x00,0x00,0xFC,0x00,0x00,
0xFC,0x00,0x00,0xFC,0x00,0x01,0xFC,0x00,0x01,0xF8,0x00,0x01,0xF8,0x00,0x01,0xF8,
0x00,0x01,0xF8,0x00,0x03,0xF0,0x00,0x03,0xF0,0x00,0x00,0x00,0x00,0x00,0x00,0x00,
0x00,0x00,0x00,0x00,0x00,0x00,0x00,0x00,0x00,0x00,0x00,0x00,0x00,0x00,0x00,0x00,
0x00,0x00,0x00,0x00,0x00,0x00,0x00,0x00,0x00,0x00,0x00,0x00,0x00,0x00,0x00,0x00,
0x00,0x00,0x00,0x00,0x00,0x00,0x00,0x00,0x00,0x00,0x00,0x00,0x00,0x00,0x00,0x00,
0x00,0x00,0x00,0x00,0x00,0x00,0x00,0x00,0x00,

/*--  文字:  $  --*/
/*--  微软雅黑48;  此字体下对应的点阵为：宽x高=19x83   --*/
/*--  宽度不是8的倍数，现调整为：宽度x高度=24x83  --*/
0x00,0x00,0x00,0x00,0x00,0x00,0x00,0x00,0x00,0x00,0x00,0x00,0x00,0x00,0x00,0x00,
0x00,0x00,0x00,0x00,0x00,0x00,0x00,0x00,0x00,0x00,0x00,0x00,0x00,0x00,0x00,0x00,
0x00,0x00,0x00,0x60,0x00,0x00,0x60,0x00,0x00,0x60,0x00,0x00,0x60,0x00,0x00,0x60,
0x00,0x00,0x60,0x00,0x01,0xE0,0x00,0x0F,0xE0,0x00,0x1F,0xE0,0x00,0x7F,0xE0,0x00,
0xFF,0xE0,0x01,0xFF,0xE0,0x01,0xFF,0x60,0x03,0xFC,0x60,0x03,0xF8,0x60,0x07,0xF8,
0x60,0x07,0xF0,0x60,0x07,0xF0,0x60,0x07,0xF0,0x60,0x07,0xF0,0x60,0x07,0xF0,0x60,
0x07,0xF8,0x60,0x07,0xF8,0x60,0x07,0xFC,0x60,0x03,0xFE,0x60,0x03,0xFF,0x60,0x01,
0xFF,0xE0,0x00,0xFF,0xE0,0x00,0x7F,0xE0,0x00,0x3F,0xE0,0x00,0x1F,0xE0,0x00,0x07,
0xE0,0x00,0x01,0xE0,0x00,0x00,0x60,0x00,0x00,0x60,0x00,0x00,0x60,0x00,0x00,0x60,
0x00,0x00,0x60,0x00,0x00,0x60,0x00,0x00,0x60,0x00,0x00,0x60,0x00,0x00,0x60,0x00,
0x00,0x60,0x00,0x00,0x60,0x00,0x00,0x60,0x00,0x00,0x60,0x06,0x00,0x60,0x07,0x80,
0x60,0x07,0xE0,0x60,0x07,0xFF,0xE0,0x07,0xFF,0xE0,0x07,0xFF,0xE0,0x07,0xFF,0xE0,
0x01,0xFF,0xE0,0x00,0x3F,0xE0,0x00,0x00,0x60,0x00,0x00,0x60,0x00,0x00,0x60,0x00,
0x00,0x60,0x00,0x00,0x60,0x00,0x00,0x60,0x00,0x00,0x60,0x00,0x00,0x00,0x00,0x00,
0x00,0x00,0x00,0x00,0x00,0x00,0x00,0x00,0x00,0x00,0x00,0x00,0x00,0x00,0x00,0x00,
0x00,0x00,0x00,0x00,0x00,0x00,0x00,0x00,0x00,

/*--  文字:  %  --*/
/*--  微软雅黑48;  此字体下对应的点阵为：宽x高=19x83   --*/
/*--  宽度不是8的倍数，现调整为：宽度x高度=24x83  --*/
0x00,0x00,0x00,0x00,0x00,0x00,0x00,0x00,0x00,0x00,0x00,0x00,0x00,0x00,0x00,0x00,
0x00,0x00,0x00,0x00,0x00,0x00,0x00,0x00,0x00,0x00,0x00,0x00,0x00,0x00,0x00,0x00,
0x00,0x00,0x00,0x00,0x00,0x00,0x00,0x00,0x00,0x00,0x00,0x00,0x00,0x00,0x00,0x00,
0x00,0x06,0x00,0x00,0x7F,0xE0,0x01,0xFF,0xE0,0x03,0xFF,0xE0,0x07,0xFF,0xE0,0x0F,
0xF0,0xE0,0x0F,0xE0,0x20,0x1F,0xC0,0x00,0x1F,0x80,0x00,0x3F,0x80,0x00,0x3F,0x80,
0x00,0x3F,0x00,0x00,0x3F,0x00,0x00,0x3F,0x00,0x00,0x3F,0x00,0x00,0x3F,0x00,0x00,
0x3F,0x80,0x00,0x3F,0x80,0x00,0x1F,0x80,0x00,0x1F,0xC0,0x20,0x1F,0xE0,0x60,0x0F,
0xFF,0xE0,0x07,0xFF,0xE0,0x03,0xFF,0xE0,0x01,0xFF,0xE0,0x00,0x7F,0xC0,0x00,0x00,
0x00,0x00,0x00,0x00,0x00,0x00,0x00,0x00,0x00,0x00,0x00,0x00,0x00,0x00,0x00,0x00,
0x00,0x00,0x00,0x00,0x00,0x00,0x00,0x00,0x00,0x00,0x00,0x00,0x00,0x00,0x20,0x00,
0x00,0x20,0x00,0x00,0x60,0x00,0x00,0xE0,0x00,0x00,0xE0,0x00,0x01,0xE0,0x00,0x03,
0xE0,0x00,0x03,0xE0,0x00,0x07,0xE0,0x00,0x0F,0xE0,0x00,0x0F,0xE0,0x00,0x1F,0xC0,
0x00,0x1F,0x80,0x00,0x3F,0x80,0x00,0x3F,0x00,0x00,0x00,0x00,0x00,0x00,0x00,0x00,
0x00,0x00,0x00,0x00,0x00,0x00,0x00,0x00,0x00,0x00,0x00,0x00,0x00,0x00,0x00,0x00,
0x00,0x00,0x00,0x00,0x00,0x00,0x00,0x00,0x00,0x00,0x00,0x00,0x00,0x00,0x00,0x00,
0x00,0x00,0x00,0x00,0x00,0x00,0x00,0x00,0x00,

/*--  文字:  &  --*/
/*--  微软雅黑48;  此字体下对应的点阵为：宽x高=19x83   --*/
/*--  宽度不是8的倍数，现调整为：宽度x高度=24x83  --*/
0x00,0x00,0x00,0x00,0x00,0x00,0x00,0x00,0x00,0x00,0x00,0x00,0x00,0x00,0x00,0x00,
0x00,0x00,0x00,0x00,0x00,0x00,0x00,0x00,0x00,0x00,0x00,0x00,0x00,0x00,0x00,0x00,
0x00,0x00,0x00,0x00,0x00,0x00,0x00,0x00,0x00,0x00,0x00,0x00,0x00,0x00,0x00,0x00,
0x00,0x00,0x00,0x00,0x00,0xE0,0x00,0x03,0xE0,0x00,0x0F,0xE0,0x00,0x0F,0xE0,0x00,
0x1F,0xE0,0x00,0x3F,0xE0,0x00,0x3F,0xC0,0x00,0x7F,0x80,0x00,0x7F,0x00,0x00,0x7F,
0x00,0x00,0x7F,0x00,0x00,0x7F,0x00,0x00,0x7F,0x00,0x00,0x7F,0x00,0x00,0x7F,0x80,
0x00,0x3F,0x80,0x00,0x3F,0xC0,0x00,0x1F,0xE0,0x00,0x0F,0xE0,0x00,0x07,0xE0,0x00,
0x03,0xE0,0x00,0x07,0xE0,0x00,0x1F,0xE0,0x00,0x3F,0xE0,0x00,0xFF,0xE0,0x01,0xFF,
0x80,0x03,0xFF,0x00,0x03,0xFC,0x00,0x07,0xF8,0x00,0x0F,0xF0,0x00,0x0F,0xF0,0x00,
0x0F,0xE0,0x00,0x1F,0xE0,0x00,0x1F,0xE0,0x00,0x1F,0xE0,0x00,0x1F,0xE0,0x00,0x1F,
0xE0,0x00,0x1F,0xE0,0x00,0x1F,0xE0,0x00,0x0F,0xF0,0x00,0x0F,0xF0,0x00,0x0F,0xF8,
0x00,0x07,0xFC,0x00,0x07,0xFF,0x00,0x03,0xFF,0xE0,0x01,0xFF,0xE0,0x00,0xFF,0xE0,
0x00,0x7F,0xE0,0x00,0x1F,0xE0,0x00,0x03,0xE0,0x00,0x00,0x00,0x00,0x00,0x00,0x00,
0x00,0x00,0x00,0x00,0x00,0x00,0x00,0x00,0x00,0x00,0x00,0x00,0x00,0x00,0x00,0x00,
0x00,0x00,0x00,0x00,0x00,0x00,0x00,0x00,0x00,0x00,0x00,0x00,0x00,0x00,0x00,0x00,
0x00,0x00,0x00,0x00,0x00,0x00,0x00,0x00,0x00,

/*--  文字:  '  --*/
/*--  微软雅黑48;  此字体下对应的点阵为：宽x高=19x83   --*/
/*--  宽度不是8的倍数，现调整为：宽度x高度=24x83  --*/
0x00,0x00,0x00,0x00,0x00,0x00,0x00,0x00,0x00,0x00,0x00,0x00,0x00,0x00,0x00,0x00,
0x00,0x00,0x00,0x00,0x00,0x00,0x00,0x00,0x00,0x00,0x00,0x00,0x00,0x00,0x00,0x00,
0x00,0x00,0x00,0x00,0x00,0x00,0x00,0x00,0x00,0x00,0x00,0x00,0x00,0x00,0x00,0x00,
0x00,0x00,0x00,0x07,0xF0,0x00,0x0F,0xF0,0x00,0x0F,0xF0,0x00,0x07,0xF0,0x00,0x07,
0xF0,0x00,0x07,0xF0,0x00,0x07,0xF0,0x00,0x07,0xF0,0x00,0x07,0xF0,0x00,0x07,0xE0,
0x00,0x07,0xE0,0x00,0x07,0xE0,0x00,0x07,0xE0,0x00,0x07,0xE0,0x00,0x07,0xE0,0x00,
0x07,0xE0,0x00,0x00,0x00,0x00,0x00,0x00,0x00,0x00,0x00,0x00,0x00,0x00,0x00,0x00,
0x00,0x00,0x00,0x00,0x00,0x00,0x00,0x00,0x00,0x00,0x00,0x00,0x00,0x00,0x00,0x00,
0x00,0x00,0x00,0x00,0x00,0x00,0x00,0x00,0x00,0x00,0x00,0x00,0x00,0x00,0x00,0x00,
0x00,0x00,0x00,0x00,0x00,0x00,0x00,0x00,0x00,0x00,0x00,0x00,0x00,0x00,0x00,0x00,
0x00,0x00,0x00,0x00,0x00,0x00,0x00,0x00,0x00,0x00,0x00,0x00,0x00,0x00,0x00,0x00,
0x00,0x00,0x00,0x00,0x00,0x00,0x00,0x00,0x00,0x00,0x00,0x00,0x00,0x00,0x00,0x00,
0x00,0x00,0x00,0x00,0x00,0x00,0x00,0x00,0x00,0x00,0x00,0x00,0x00,0x00,0x00,0x00,
0x00,0x00,0x00,0x00,0x00,0x00,0x00,0x00,0x00,0x00,0x00,0x00,0x00,0x00,0x00,0x00,
0x00,0x00,0x00,0x00,0x00,0x00,0x00,0x00,0x00,0x00,0x00,0x00,0x00,0x00,0x00,0x00,
0x00,0x00,0x00,0x00,0x00,0x00,0x00,0x00,0x00,

/*--  文字:  (  --*/
/*--  微软雅黑48;  此字体下对应的点阵为：宽x高=19x83   --*/
/*--  宽度不是8的倍数，现调整为：宽度x高度=24x83  --*/
0x00,0x00,0x00,0x00,0x00,0x00,0x00,0x00,0x00,0x00,0x00,0x00,0x00,0x00,0x00,0x00,
0x00,0x00,0x00,0x00,0x00,0x00,0x00,0x00,0x00,0x00,0x00,0x00,0x00,0x00,0x00,0x00,
0x00,0x00,0x00,0x00,0x00,0x00,0x00,0x00,0x00,0x00,0x00,0x00,0x00,0x00,0x00,0x00,
0x00,0x00,0x00,0x00,0x01,0xE0,0x00,0x03,0xE0,0x00,0x07,0xE0,0x00,0x0F,0xE0,0x00,
0x0F,0xE0,0x00,0x1F,0xC0,0x00,0x3F,0x80,0x00,0x3F,0x80,0x00,0x7F,0x00,0x00,0x7F,
0x00,0x00,0xFE,0x00,0x00,0xFE,0x00,0x01,0xFC,0x00,0x01,0xFC,0x00,0x01,0xFC,0x00,
0x03,0xF8,0x00,0x03,0xF8,0x00,0x03,0xF8,0x00,0x07,0xF0,0x00,0x07,0xF0,0x00,0x07,
0xF0,0x00,0x07,0xF0,0x00,0x07,0xF0,0x00,0x0F,0xE0,0x00,0x0F,0xE0,0x00,0x0F,0xE0,
0x00,0x0F,0xE0,0x00,0x0F,0xE0,0x00,0x0F,0xE0,0x00,0x0F,0xE0,0x00,0x0F,0xE0,0x00,
0x0F,0xE0,0x00,0x0F,0xE0,0x00,0x0F,0xE0,0x00,0x0F,0xE0,0x00,0x0F,0xE0,0x00,0x0F,
0xE0,0x00,0x0F,0xE0,0x00,0x07,0xF0,0x00,0x07,0xF0,0x00,0x07,0xF0,0x00,0x07,0xF0,
0x00,0x07,0xF0,0x00,0x03,0xF8,0x00,0x03,0xF8,0x00,0x03,0xF8,0x00,0x01,0xFC,0x00,
0x01,0xFC,0x00,0x01,0xFC,0x00,0x00,0xFE,0x00,0x00,0xFE,0x00,0x00,0x7F,0x00,0x00,
0x7F,0x00,0x00,0x3F,0x80,0x00,0x3F,0x80,0x00,0x1F,0xC0,0x00,0x0F,0xE0,0x00,0x07,
0xE0,0x00,0x07,0xE0,0x00,0x03,0xE0,0x00,0x00,0x00,0x00,0x00,0x00,0x00,0x00,0x00,
0x00,0x00,0x00,0x00,0x00,0x00,0x00,0x00,0x00,

/*--  文字:  )  --*/
/*--  微软雅黑48;  此字体下对应的点阵为：宽x高=19x83   --*/
/*--  宽度不是8的倍数，现调整为：宽度x高度=24x83  --*/
0x00,0x00,0x00,0x00,0x00,0x00,0x00,0x00,0x00,0x00,0x00,0x00,0x00,0x00,0x00,0x00,
0x00,0x00,0x00,0x00,0x00,0x00,0x00,0x00,0x00,0x00,0x00,0x00,0x00,0x00,0x00,0x00,
0x00,0x00,0x00,0x00,0x00,0x00,0x00,0x00,0x00,0x00,0x00,0x00,0x00,0x00,0x00,0x00,
0x00,0x00,0x00,0xFE,0x00,0x00,0x7F,0x00,0x00,0x7F,0x00,0x00,0x3F,0x80,0x00,0x1F,
0xC0,0x00,0x0F,0xE0,0x00,0x0F,0xE0,0x00,0x07,0xF0,0x00,0x07,0xF0,0x00,0x03,0xF8,
0x00,0x03,0xF8,0x00,0x01,0xFC,0x00,0x01,0xFC,0x00,0x00,0xFE,0x00,0x00,0xFE,0x00,
0x00,0xFE,0x00,0x00,0x7F,0x00,0x00,0x7F,0x00,0x00,0x7F,0x00,0x00,0x7F,0x00,0x00,
0x3F,0x80,0x00,0x3F,0x80,0x00,0x3F,0x80,0x00,0x3F,0x80,0x00,0x3F,0x80,0x00,0x3F,
0x80,0x00,0x3F,0x80,0x00,0x3F,0x80,0x00,0x1F,0x80,0x00,0x1F,0x80,0x00,0x1F,0x80,
0x00,0x1F,0x80,0x00,0x1F,0x80,0x00,0x3F,0x80,0x00,0x3F,0x80,0x00,0x3F,0x80,0x00,
0x3F,0x80,0x00,0x3F,0x80,0x00,0x3F,0x80,0x00,0x3F,0x80,0x00,0x3F,0x80,0x00,0x7F,
0x00,0x00,0x7F,0x00,0x00,0x7F,0x00,0x00,0x7F,0x00,0x00,0xFE,0x00,0x00,0xFE,0x00,
0x01,0xFE,0x00,0x01,0xFC,0x00,0x01,0xFC,0x00,0x03,0xF8,0x00,0x03,0xF8,0x00,0x07,
0xF0,0x00,0x07,0xF0,0x00,0x0F,0xE0,0x00,0x1F,0xC0,0x00,0x1F,0xC0,0x00,0x3F,0x80,
0x00,0x7F,0x00,0x00,0xFE,0x00,0x00,0x00,0x00,0x00,0x00,0x00,0x00,0x00,0x00,0x00,
0x00,0x00,0x00,0x00,0x00,0x00,0x00,0x00,0x00,

/*--  文字:  *  --*/
/*--  微软雅黑48;  此字体下对应的点阵为：宽x高=19x83   --*/
/*--  宽度不是8的倍数，现调整为：宽度x高度=24x83  --*/
0x00,0x00,0x00,0x00,0x00,0x00,0x00,0x00,0x00,0x00,0x00,0x00,0x00,0x00,0x00,0x00,
0x00,0x00,0x00,0x00,0x00,0x00,0x00,0x00,0x00,0x00,0x00,0x00,0x00,0x00,0x00,0x00,
0x00,0x00,0x00,0x00,0x00,0x00,0x00,0x00,0x00,0x00,0x00,0x00,0x00,0x00,0x00,0x00,
0x00,0x00,0x00,0x00,0x0F,0xC0,0x00,0x1F,0xC0,0x00,0x0F,0xC0,0x00,0x0F,0xC0,0x00,
0x0F,0xC0,0x00,0x0F,0x80,0x00,0x0F,0x80,0x1C,0x0F,0x80,0x1F,0x0F,0x80,0x1F,0xEF,
0xA0,0x3F,0xFF,0xE0,0x3F,0xFF,0xE0,0x1F,0xFF,0xE0,0x00,0xFF,0xE0,0x00,0x3F,0xE0,
0x00,0x3F,0xE0,0x00,0x7F,0xE0,0x00,0xFD,0xE0,0x01,0xFC,0xE0,0x01,0xF8,0xE0,0x03,
0xF8,0x60,0x07,0xF0,0x60,0x07,0xE0,0x20,0x01,0xE0,0x20,0x00,0xC0,0x00,0x00,0x00,
0x00,0x00,0x00,0x00,0x00,0x00,0x00,0x00,0x00,0x00,0x00,0x00,0x00,0x00,0x00,0x00,
0x00,0x00,0x00,0x00,0x00,0x00,0x00,0x00,0x00,0x00,0x00,0x00,0x00,0x00,0x00,0x00,
0x00,0x00,0x00,0x00,0x00,0x00,0x00,0x00,0x00,0x00,0x00,0x00,0x00,0x00,0x00,0x00,
0x00,0x00,0x00,0x00,0x00,0x00,0x00,0x00,0x00,0x00,0x00,0x00,0x00,0x00,0x00,0x00,
0x00,0x00,0x00,0x00,0x00,0x00,0x00,0x00,0x00,0x00,0x00,0x00,0x00,0x00,0x00,0x00,
0x00,0x00,0x00,0x00,0x00,0x00,0x00,0x00,0x00,0x00,0x00,0x00,0x00,0x00,0x00,0x00,
0x00,0x00,0x00,0x00,0x00,0x00,0x00,0x00,0x00,0x00,0x00,0x00,0x00,0x00,0x00,0x00,
0x00,0x00,0x00,0x00,0x00,0x00,0x00,0x00,0x00,

/*--  文字:  +  --*/
/*--  微软雅黑48;  此字体下对应的点阵为：宽x高=19x83   --*/
/*--  宽度不是8的倍数，现调整为：宽度x高度=24x83  --*/
0x00,0x00,0x00,0x00,0x00,0x00,0x00,0x00,0x00,0x00,0x00,0x00,0x00,0x00,0x00,0x00,
0x00,0x00,0x00,0x00,0x00,0x00,0x00,0x00,0x00,0x00,0x00,0x00,0x00,0x00,0x00,0x00,
0x00,0x00,0x00,0x00,0x00,0x00,0x00,0x00,0x00,0x00,0x00,0x00,0x00,0x00,0x00,0x00,
0x00,0x00,0x00,0x00,0x00,0x00,0x00,0x00,0x00,0x00,0x00,0x00,0x00,0x00,0x00,0x00,
0x00,0x00,0x00,0x00,0x00,0x00,0x00,0x00,0x00,0x00,0x00,0x00,0x00,0x00,0x00,0x00,
0x00,0x00,0x00,0x00,0x00,0x00,0x00,0x00,0x00,0x00,0x00,0x00,0x00,0x00,0x00,0x00,
0x00,0x00,0x00,0x00,0x00,0x00,0x00,0x00,0x00,0x00,0x00,0x00,0x00,0x00,0x00,0x00,
0x00,0x00,0x00,0x00,0x00,0x00,0x00,0x00,0x00,0x00,0x00,0x00,0x00,0x00,0x00,0x00,
0x00,0x01,0xFF,0xE0,0x01,0xFF,0xE0,0x01,0xFF,0xE0,0x01,0xFF,0xE0,0x01,0xFF,0xE0,
0x00,0xFF,0xE0,0x00,0x00,0x00,0x00,0x00,0x00,0x00,0x00,0x00,0x00,0x00,0x00,0x00,
0x00,0x00,0x00,0x00,0x00,0x00,0x00,0x00,0x00,0x00,0x00,0x00,0x00,0x00,0x00,0x00,
0x00,0x00,0x00,0x00,0x00,0x00,0x00,0x00,0x00,0x00,0x00,0x00,0x00,0x00,0x00,0x00,
0x00,0x00,0x00,0x00,0x00,0x00,0x00,0x00,0x00,0x00,0x00,0x00,0x00,0x00,0x00,0x00,
0x00,0x00,0x00,0x00,0x00,0x00,0x00,0x00,0x00,0x00,0x00,0x00,0x00,0x00,0x00,0x00,
0x00,0x00,0x00,0x00,0x00,0x00,0x00,0x00,0x00,0x00,0x00,0x00,0x00,0x00,0x00,0x00,
0x00,0x00,0x00,0x00,0x00,0x00,0x00,0x00,0x00,

/*--  文字:  ,  --*/
/*--  微软雅黑48;  此字体下对应的点阵为：宽x高=19x83   --*/
/*--  宽度不是8的倍数，现调整为：宽度x高度=24x83  --*/
0x00,0x00,0x00,0x00,0x00,0x00,0x00,0x00,0x00,0x00,0x00,0x00,0x00,0x00,0x00,0x00,
0x00,0x00,0x00,0x00,0x00,0x00,0x00,0x00,0x00,0x00,0x00,0x00,0x00,0x00,0x00,0x00,
0x00,0x00,0x00,0x00,0x00,0x00,0x00,0x00,0x00,0x00,0x00,0x00,0x00,0x00,0x00,0x00,
0x00,0x00,0x00,0x00,0x00,0x00,0x00,0x00,0x00,0x00,0x00,0x00,0x00,0x00,0x00,0x00,
0x00,0x00,0x00,0x00,0x00,0x00,0x00,0x00,0x00,0x00,0x00,0x00,0x00,0x00,0x00,0x00,
0x00,0x00,0x00,0x00,0x00,0x00,0x00,0x00,0x00,0x00,0x00,0x00,0x00,0x00,0x00,0x00,
0x00,0x00,0x00,0x00,0x00,0x00,0x00,0x00,0x00,0x00,0x00,0x00,0x00,0x00,0x00,0x00,
0x00,0x00,0x00,0x00,0x00,0x00,0x00,0x00,0x00,0x00,0x00,0x00,0x00,0x00,0x00,0x00,
0x00,0x00,0x00,0x00,0x00,0x00,0x00,0x00,0x00,0x00,0x00,0x00,0x00,0x00,0x00,0x00,
0x00,0x00,0x00,0x00,0x00,0x00,0x00,0x00,0x00,0x00,0x00,0x00,0x00,0x00,0x00,0x00,
0x00,0x00,0x00,0x00,0x00,0x00,0x00,0x00,0x00,0x00,0x00,0x00,0x00,0x00,0x0F,0xF0,
0x00,0x0F,0xE0,0x00,0x0F,0xE0,0x00,0x0F,0xE0,0x00,0x1F,0xC0,0x00,0x1F,0xC0,0x00,
0x1F,0xC0,0x00,0x1F,0xC0,0x00,0x1F,0x80,0x00,0x3F,0x80,0x00,0x3F,0x80,0x00,0x3F,
0x00,0x00,0x3F,0x00,0x00,0x7F,0x00,0x00,0x7E,0x00,0x00,0x7E,0x00,0x00,0x7E,0x00,
0x00,0x00,0x00,0x00,0x00,0x00,0x00,0x00,0x00,0x00,0x00,0x00,0x00,0x00,0x00,0x00,
0x00,0x00,0x00,0x00,0x00,0x00,0x00,0x00,0x00,

/*--  文字:  -  --*/
/*--  微软雅黑48;  此字体下对应的点阵为：宽x高=19x83   --*/
/*--  宽度不是8的倍数，现调整为：宽度x高度=24x83  --*/
0x00,0x00,0x00,0x00,0x00,0x00,0x00,0x00,0x00,0x00,0x00,0x00,0x00,0x00,0x00,0x00,
0x00,0x00,0x00,0x00,0x00,0x00,0x00,0x00,0x00,0x00,0x00,0x00,0x00,0x00,0x00,0x00,
0x00,0x00,0x00,0x00,0x00,0x00,0x00,0x00,0x00,0x00,0x00,0x00,0x00,0x00,0x00,0x00,
0x00,0x00,0x00,0x00,0x00,0x00,0x00,0x00,0x00,0x00,0x00,0x00,0x00,0x00,0x00,0x00,
0x00,0x00,0x00,0x00,0x00,0x00,0x00,0x00,0x00,0x00,0x00,0x00,0x00,0x00,0x00,0x00,
0x00,0x00,0x00,0x00,0x00,0x00,0x00,0x00,0x00,0x00,0x00,0x00,0x00,0x00,0x00,0x00,
0x00,0x00,0x00,0x00,0x00,0x00,0x00,0x00,0x00,0x00,0x00,0x00,0x00,0x00,0x00,0x00,
0x00,0x00,0x00,0x00,0x00,0x00,0x00,0x00,0x00,0x00,0x00,0x00,0x00,0x00,0x00,0x00,
0x00,0x00,0x00,0x00,0x0F,0xFF,0xE0,0x0F,0xFF,0xE0,0x0F,0xFF,0xE0,0x0F,0xFF,0xE0,
0x0F,0xFF,0xE0,0x07,0xFF,0xE0,0x00,0x00,0x00,0x00,0x00,0x00,0x00,0x00,0x00,0x00,
0x00,0x00,0x00,0x00,0x00,0x00,0x00,0x00,0x00,0x00,0x00,0x00,0x00,0x00,0x00,0x00,
0x00,0x00,0x00,0x00,0x00,0x00,0x00,0x00,0x00,0x00,0x00,0x00,0x00,0x00,0x00,0x00,
0x00,0x00,0x00,0x00,0x00,0x00,0x00,0x00,0x00,0x00,0x00,0x00,0x00,0x00,0x00,0x00,
0x00,0x00,0x00,0x00,0x00,0x00,0x00,0x00,0x00,0x00,0x00,0x00,0x00,0x00,0x00,0x00,
0x00,0x00,0x00,0x00,0x00,0x00,0x00,0x00,0x00,0x00,0x00,0x00,0x00,0x00,0x00,0x00,
0x00,0x00,0x00,0x00,0x00,0x00,0x00,0x00,0x00,

/*--  文字:  .  --*/
/*--  微软雅黑48;  此字体下对应的点阵为：宽x高=19x83   --*/
/*--  宽度不是8的倍数，现调整为：宽度x高度=24x83  --*/
0x00,0x00,0x00,0x00,0x00,0x00,0x00,0x00,0x00,0x00,0x00,0x00,0x00,0x00,0x00,0x00,
0x00,0x00,0x00,0x00,0x00,0x00,0x00,0x00,0x00,0x00,0x00,0x00,0x00,0x00,0x00,0x00,
0x00,0x00,0x00,0x00,0x00,0x00,0x00,0x00,0x00,0x00,0x00,0x00,0x00,0x00,0x00,0x00,
0x00,0x00,0x00,0x00,0x00,0x00,0x00,0x00,0x00,0x00,0x00,0x00,0x00,0x00,0x00,0x00,
0x00,0x00,0x00,0x00,0x00,0x00,0x00,0x00,0x00,0x00,0x00,0x00,0x00,0x00,0x00,0x00,
0x00,0x00,0x00,0x00,0x00,0x00,0x00,0x00,0x00,0x00,0x00,0x00,0x00,0x00,0x00,0x00,
0x00,0x00,0x00,0x00,0x00,0x00,0x00,0x00,0x00,0x00,0x00,0x00,0x00,0x00,0x00,0x00,
0x00,0x00,0x00,0x00,0x00,0x00,0x00,0x00,0x00,0x00,0x00,0x00,0x00,0x00,0x00,0x00,
0x00,0x00,0x00,0x00,0x00,0x00,0x00,0x00,0x00,0x00,0x00,0x00,0x00,0x00,0x00,0x00,
0x00,0x00,0x00,0x00,0x00,0x00,0x00,0x00,0x00,0x00,0x00,0x00,0x00,0x00,0x00,0x00,
0x00,0x00,0x00,0x00,0x00,0x00,0x00,0x00,0x00,0x00,0x00,0x00,0x00,0x00,0x01,0x80,
0x00,0x0F,0xE0,0x00,0x0F,0xF0,0x00,0x1F,0xF0,0x00,0x1F,0xF8,0x00,0x1F,0xF8,0x00,
0x1F,0xF0,0x00,0x0F,0xE0,0x00,0x07,0xC0,0x00,0x00,0x00,0x00,0x00,0x00,0x00,0x00,
0x00,0x00,0x00,0x00,0x00,0x00,0x00,0x00,0x00,0x00,0x00,0x00,0x00,0x00,0x00,0x00,
0x00,0x00,0x00,0x00,0x00,0x00,0x00,0x00,0x00,0x00,0x00,0x00,0x00,0x00,0x00,0x00,
0x00,0x00,0x00,0x00,0x00,0x00,0x00,0x00,0x00,

/*--  文字:  /  --*/
/*--  微软雅黑48;  此字体下对应的点阵为：宽x高=19x83   --*/
/*--  宽度不是8的倍数，现调整为：宽度x高度=24x83  --*/
0x00,0x00,0x00,0x00,0x00,0x00,0x00,0x00,0x00,0x00,0x00,0x00,0x00,0x00,0x00,0x00,
0x00,0x00,0x00,0x00,0x00,0x00,0x00,0x00,0x00,0x00,0x00,0x00,0x00,0x00,0x00,0x00,
0x00,0x00,0x00,0x00,0x00,0x00,0x00,0x00,0x00,0x00,0x00,0x00,0x00,0x00,0x00,0x00,
0x00,0x00,0x00,0x00,0x00,0x00,0x00,0x00,0x00,0x00,0x00,0x00,0x00,0x00,0x00,0x00,
0x00,0x00,0x00,0x00,0x00,0x00,0x00,0x00,0x00,0x00,0x00,0x00,0x00,0x20,0x00,0x00,
0x20,0x00,0x00,0x60,0x00,0x00,0x60,0x00,0x00,0x60,0x00,0x00,0xE0,0x00,0x00,0xE0,
0x00,0x01,0xE0,0x00,0x01,0xE0,0x00,0x03,0xE0,0x00,0x03,0xE0,0x00,0x03,0xE0,0x00,
0x07,0xE0,0x00,0x07,0xE0,0x00,0x0F,0xE0,0x00,0x0F,0xE0,0x00,0x0F,0xE0,0x00,0x1F,
0xC0,0x00,0x1F,0xC0,0x00,0x3F,0xC0,0x00,0x3F,0x80,0x00,0x3F,0x80,0x00,0x7F,0x00,
0x00,0x7F,0x00,0x00,0xFF,0x00,0x00,0xFE,0x00,0x01,0xFE,0x00,0x01,0xFC,0x00,0x01,
0xFC,0x00,0x03,0xF8,0x00,0x03,0xF8,0x00,0x07,0xF8,0x00,0x07,0xF0,0x00,0x07,0xF0,
0x00,0x0F,0xE0,0x00,0x0F,0xE0,0x00,0x1F,0xE0,0x00,0x1F,0xC0,0x00,0x1F,0xC0,0x00,
0x3F,0x80,0x00,0x3F,0x80,0x00,0x7F,0x80,0x00,0x7F,0x00,0x00,0xFF,0x00,0x00,0xFE,
0x00,0x00,0xFE,0x00,0x00,0xFC,0x00,0x00,0xFC,0x00,0x00,0xFC,0x00,0x00,0x00,0x00,
0x00,0x00,0x00,0x00,0x00,0x00,0x00,0x00,0x00,0x00,0x00,0x00,0x00,0x00,0x00,0x00,
0x00,0x00,0x00,0x00,0x00,0x00,0x00,0x00,0x00,

/*--  文字:  0  --*/
/*--  微软雅黑48;  此字体下对应的点阵为：宽x高=19x83   --*/
/*--  宽度不是8的倍数，现调整为：宽度x高度=24x83  --*/
0x00,0x00,0x00,0x00,0x00,0x00,0x00,0x00,0x00,0x00,0x00,0x00,0x00,0x00,0x00,0x00,
0x00,0x00,0x00,0x00,0x00,0x00,0x00,0x00,0x00,0x00,0x00,0x00,0x00,0x00,0x00,0x00,
0x00,0x00,0x00,0x00,0x00,0x00,0x00,0x00,0x00,0x00,0x00,0x00,0x00,0x00,0x00,0x00,
0x00,0x00,0x60,0x00,0x07,0xE0,0x00,0x1F,0xE0,0x00,0x3F,0xE0,0x00,0x7F,0xE0,0x00,
0xFF,0xE0,0x01,0xFF,0x80,0x03,0xFE,0x00,0x03,0xFC,0x00,0x07,0xF8,0x00,0x07,0xF8,
0x00,0x0F,0xF0,0x00,0x0F,0xF0,0x00,0x0F,0xE0,0x00,0x1F,0xE0,0x00,0x1F,0xE0,0x00,
0x1F,0xE0,0x00,0x1F,0xC0,0x00,0x1F,0xC0,0x00,0x3F,0xC0,0x00,0x3F,0xC0,0x00,0x3F,
0xC0,0x00,0x3F,0xC0,0x00,0x3F,0xC0,0x00,0x3F,0xC0,0x00,0x3F,0xC0,0x00,0x3F,0xC0,
0x00,0x3F,0xC0,0x00,0x3F,0xC0,0x00,0x3F,0xC0,0x00,0x3F,0xC0,0x00,0x3F,0xC0,0x00,
0x3F,0xC0,0x00,0x3F,0xC0,0x00,0x1F,0xC0,0x00,0x1F,0xE0,0x00,0x1F,0xE0,0x00,0x1F,
0xE0,0x00,0x1F,0xE0,0x00,0x0F,0xF0,0x00,0x0F,0xF0,0x00,0x0F,0xF8,0x00,0x07,0xF8,
0x00,0x07,0xFC,0x00,0x03,0xFF,0x00,0x01,0xFF,0xE0,0x00,0xFF,0xE0,0x00,0xFF,0xE0,
0x00,0x3F,0xE0,0x00,0x1F,0xE0,0x00,0x03,0xE0,0x00,0x00,0x00,0x00,0x00,0x00,0x00,
0x00,0x00,0x00,0x00,0x00,0x00,0x00,0x00,0x00,0x00,0x00,0x00,0x00,0x00,0x00,0x00,
0x00,0x00,0x00,0x00,0x00,0x00,0x00,0x00,0x00,0x00,0x00,0x00,0x00,0x00,0x00,0x00,
0x00,0x00,0x00,0x00,0x00,0x00,0x00,0x00,0x00,

/*--  文字:  1  --*/
/*--  微软雅黑48;  此字体下对应的点阵为：宽x高=19x83   --*/
/*--  宽度不是8的倍数，现调整为：宽度x高度=24x83  --*/
0x00,0x00,0x00,0x00,0x00,0x00,0x00,0x00,0x00,0x00,0x00,0x00,0x00,0x00,0x00,0x00,
0x00,0x00,0x00,0x00,0x00,0x00,0x00,0x00,0x00,0x00,0x00,0x00,0x00,0x00,0x00,0x00,
0x00,0x00,0x00,0x00,0x00,0x00,0x00,0x00,0x00,0x00,0x00,0x00,0x00,0x00,0x00,0x00,
0x00,0x00,0x00,0x00,0x00,0x00,0x00,0x00,0x20,0x00,0x00,0xE0,0x00,0x01,0xE0,0x00,
0x07,0xE0,0x00,0x3F,0xE0,0x00,0xFF,0xE0,0x03,0xFF,0xE0,0x03,0xFF,0xE0,0x03,0xFF,
0x60,0x03,0xFE,0x60,0x03,0xF8,0x60,0x03,0xC0,0x60,0x00,0x00,0x60,0x00,0x00,0x60,
0x00,0x00,0x60,0x00,0x00,0x60,0x00,0x00,0x60,0x00,0x00,0x60,0x00,0x00,0x60,0x00,
0x00,0x60,0x00,0x00,0x60,0x00,0x00,0x60,0x00,0x00,0x60,0x00,0x00,0x60,0x00,0x00,
0x60,0x00,0x00,0x60,0x00,0x00,0x60,0x00,0x00,0x60,0x00,0x00,0x60,0x00,0x00,0x60,
0x00,0x00,0x60,0x00,0x00,0x60,0x00,0x00,0x60,0x00,0x00,0x60,0x00,0x00,0x60,0x00,
0x00,0x60,0x00,0x00,0x60,0x00,0x00,0x60,0x00,0x00,0x60,0x00,0x00,0x60,0x00,0x00,
0x60,0x00,0x00,0x60,0x00,0x00,0x60,0x00,0x00,0x60,0x00,0x00,0x60,0x00,0x00,0x60,
0x00,0x00,0x60,0x00,0x00,0x60,0x00,0x00,0x00,0x00,0x00,0x00,0x00,0x00,0x00,0x00,
0x00,0x00,0x00,0x00,0x00,0x00,0x00,0x00,0x00,0x00,0x00,0x00,0x00,0x00,0x00,0x00,
0x00,0x00,0x00,0x00,0x00,0x00,0x00,0x00,0x00,0x00,0x00,0x00,0x00,0x00,0x00,0x00,
0x00,0x00,0x00,0x00,0x00,0x00,0x00,0x00,0x00,

/*--  文字:  2  --*/
/*--  微软雅黑48;  此字体下对应的点阵为：宽x高=19x83   --*/
/*--  宽度不是8的倍数，现调整为：宽度x高度=24x83  --*/
0x00,0x00,0x00,0x00,0x00,0x00,0x00,0x00,0x00,0x00,0x00,0x00,0x00,0x00,0x00,0x00,
0x00,0x00,0x00,0x00,0x00,0x00,0x00,0x00,0x00,0x00,0x00,0x00,0x00,0x00,0x00,0x00,
0x00,0x00,0x00,0x00,0x00,0x00,0x00,0x00,0x00,0x00,0x00,0x00,0x00,0x00,0x00,0x00,
0x00,0x00,0xE0,0x00,0x1F,0xE0,0x00,0x7F,0xE0,0x00,0xFF,0xE0,0x03,0xFF,0xE0,0x07,
0xFF,0xE0,0x07,0xFE,0x00,0x07,0xF0,0x00,0x07,0xE0,0x00,0x07,0x80,0x00,0x07,0x00,
0x00,0x06,0x00,0x00,0x00,0x00,0x00,0x00,0x00,0x00,0x00,0x00,0x00,0x00,0x00,0x00,
0x00,0x00,0x00,0x00,0x00,0x00,0x00,0x00,0x00,0x00,0x00,0x00,0x00,0x00,0x00,0x00,
0x00,0x00,0x00,0x00,0x00,0x00,0x00,0x00,0x00,0x00,0x00,0x00,0x00,0x00,0x00,0x00,
0x20,0x00,0x00,0x60,0x00,0x01,0xE0,0x00,0x03,0xE0,0x00,0x07,0xE0,0x00,0x1F,0xE0,
0x00,0x3F,0xE0,0x00,0x7F,0xE0,0x00,0xFF,0xC0,0x01,0xFF,0x80,0x03,0xFE,0x00,0x03,
0xFC,0x00,0x07,0xF8,0x00,0x07,0xF0,0x00,0x0F,0xF0,0x00,0x0F,0xE0,0x00,0x1F,0xE0,
0x00,0x1F,0xE0,0x00,0x1F,0xFF,0xE0,0x1F,0xFF,0xE0,0x1F,0xFF,0xE0,0x1F,0xFF,0xE0,
0x1F,0xFF,0xE0,0x1F,0xFF,0xE0,0x00,0x00,0x00,0x00,0x00,0x00,0x00,0x00,0x00,0x00,
0x00,0x00,0x00,0x00,0x00,0x00,0x00,0x00,0x00,0x00,0x00,0x00,0x00,0x00,0x00,0x00,
0x00,0x00,0x00,0x00,0x00,0x00,0x00,0x00,0x00,0x00,0x00,0x00,0x00,0x00,0x00,0x00,
0x00,0x00,0x00,0x00,0x00,0x00,0x00,0x00,0x00,

/*--  文字:  3  --*/
/*--  微软雅黑48;  此字体下对应的点阵为：宽x高=19x83   --*/
/*--  宽度不是8的倍数，现调整为：宽度x高度=24x83  --*/
0x00,0x00,0x00,0x00,0x00,0x00,0x00,0x00,0x00,0x00,0x00,0x00,0x00,0x00,0x00,0x00,
0x00,0x00,0x00,0x00,0x00,0x00,0x00,0x00,0x00,0x00,0x00,0x00,0x00,0x00,0x00,0x00,
0x00,0x00,0x00,0x00,0x00,0x00,0x00,0x00,0x00,0x00,0x00,0x00,0x00,0x00,0x00,0x00,
0x00,0x01,0xE0,0x00,0x3F,0xE0,0x01,0xFF,0xE0,0x03,0xFF,0xE0,0x03,0xFF,0xE0,0x03,
0xFF,0xE0,0x03,0xF8,0x00,0x03,0xC0,0x00,0x03,0x80,0x00,0x00,0x00,0x00,0x00,0x00,
0x00,0x00,0x00,0x00,0x00,0x00,0x00,0x00,0x00,0x00,0x00,0x00,0x00,0x00,0x00,0x00,
0x00,0x00,0x00,0x00,0x00,0x00,0x00,0x00,0x00,0x00,0x00,0x00,0x00,0x00,0x00,0x00,
0x00,0x20,0x00,0x7F,0xE0,0x00,0x7F,0xE0,0x00,0x7F,0xE0,0x00,0x7F,0xE0,0x00,0x7F,
0xE0,0x00,0x7F,0xE0,0x00,0x00,0x00,0x00,0x00,0x00,0x00,0x00,0x00,0x00,0x00,0x00,
0x00,0x00,0x00,0x00,0x00,0x00,0x00,0x00,0x00,0x00,0x00,0x00,0x00,0x00,0x00,0x00,
0x00,0x00,0x00,0x00,0x00,0x00,0x00,0x00,0x00,0x00,0x00,0x00,0x00,0x00,0x0C,0x00,
0x00,0x0F,0x00,0x00,0x0F,0xC0,0x00,0x0F,0xFF,0xE0,0x0F,0xFF,0xE0,0x0F,0xFF,0xE0,
0x0F,0xFF,0xE0,0x03,0xFF,0xE0,0x00,0x7F,0xE0,0x00,0x00,0x00,0x00,0x00,0x00,0x00,
0x00,0x00,0x00,0x00,0x00,0x00,0x00,0x00,0x00,0x00,0x00,0x00,0x00,0x00,0x00,0x00,
0x00,0x00,0x00,0x00,0x00,0x00,0x00,0x00,0x00,0x00,0x00,0x00,0x00,0x00,0x00,0x00,
0x00,0x00,0x00,0x00,0x00,0x00,0x00,0x00,0x00,

/*--  文字:  4  --*/
/*--  微软雅黑48;  此字体下对应的点阵为：宽x高=19x83   --*/
/*--  宽度不是8的倍数，现调整为：宽度x高度=24x83  --*/
0x00,0x00,0x00,0x00,0x00,0x00,0x00,0x00,0x00,0x00,0x00,0x00,0x00,0x00,0x00,0x00,
0x00,0x00,0x00,0x00,0x00,0x00,0x00,0x00,0x00,0x00,0x00,0x00,0x00,0x00,0x00,0x00,
0x00,0x00,0x00,0x00,0x00,0x00,0x00,0x00,0x00,0x00,0x00,0x00,0x00,0x00,0x00,0x00,
0x00,0x00,0x00,0x00,0x00,0x00,0x00,0x00,0x00,0x00,0x00,0x00,0x00,0x00,0x00,0x00,
0x00,0x00,0x00,0x00,0x00,0x00,0x00,0x00,0x00,0x00,0x20,0x00,0x00,0x20,0x00,0x00,
0x60,0x00,0x00,0xE0,0x00,0x00,0xE0,0x00,0x01,0xE0,0x00,0x03,0xE0,0x00,0x03,0xE0,
0x00,0x07,0xE0,0x00,0x0F,0xE0,0x00,0x0F,0xE0,0x00,0x1F,0xC0,0x00,0x3F,0xC0,0x00,
0x3F,0x80,0x00,0x7F,0x00,0x00,0xFF,0x00,0x01,0xFE,0x00,0x01,0xFC,0x00,0x03,0xFC,
0x00,0x07,0xF8,0x00,0x0F,0xF0,0x00,0x1F,0xE0,0x00,0x1F,0xE0,0x00,0x3F,0xC0,0x00,
0x7F,0x80,0x00,0xFF,0xFF,0xE0,0xFF,0xFF,0xE0,0xFF,0xFF,0xE0,0xFF,0xFF,0xE0,0xFF,
0xFF,0xE0,0xFF,0xFF,0xE0,0x00,0x00,0x00,0x00,0x00,0x00,0x00,0x00,0x00,0x00,0x00,
0x00,0x00,0x00,0x00,0x00,0x00,0x00,0x00,0x00,0x00,0x00,0x00,0x00,0x00,0x00,0x00,
0x00,0x00,0x00,0x00,0x00,0x00,0x00,0x00,0x00,0x00,0x00,0x00,0x00,0x00,0x00,0x00,
0x00,0x00,0x00,0x00,0x00,0x00,0x00,0x00,0x00,0x00,0x00,0x00,0x00,0x00,0x00,0x00,
0x00,0x00,0x00,0x00,0x00,0x00,0x00,0x00,0x00,0x00,0x00,0x00,0x00,0x00,0x00,0x00,
0x00,0x00,0x00,0x00,0x00,0x00,0x00,0x00,0x00,

/*--  文字:  5  --*/
/*--  微软雅黑48;  此字体下对应的点阵为：宽x高=19x83   --*/
/*--  宽度不是8的倍数，现调整为：宽度x高度=24x83  --*/
0x00,0x00,0x00,0x00,0x00,0x00,0x00,0x00,0x00,0x00,0x00,0x00,0x00,0x00,0x00,0x00,
0x00,0x00,0x00,0x00,0x00,0x00,0x00,0x00,0x00,0x00,0x00,0x00,0x00,0x00,0x00,0x00,
0x00,0x00,0x00,0x00,0x00,0x00,0x00,0x00,0x00,0x00,0x00,0x00,0x00,0x00,0x00,0x00,
0x00,0x00,0x00,0x01,0xFF,0xE0,0x01,0xFF,0xE0,0x01,0xFF,0xE0,0x01,0xFF,0xE0,0x01,
0xFF,0xE0,0x01,0xFF,0xE0,0x01,0xFC,0x00,0x01,0xFC,0x00,0x01,0xFC,0x00,0x01,0xFC,
0x00,0x03,0xF8,0x00,0x03,0xF8,0x00,0x03,0xF8,0x00,0x03,0xF8,0x00,0x03,0xF8,0x00,
0x03,0xF8,0x00,0x03,0xF8,0x00,0x03,0xF8,0x00,0x03,0xF8,0x00,0x03,0xFF,0xE0,0x03,
0xFF,0xE0,0x03,0xFF,0xE0,0x03,0xFF,0xE0,0x07,0xFF,0xE0,0x07,0xFF,0xE0,0x00,0x00,
0x20,0x00,0x00,0x00,0x00,0x00,0x00,0x00,0x00,0x00,0x00,0x00,0x00,0x00,0x00,0x00,
0x00,0x00,0x00,0x00,0x00,0x00,0x00,0x00,0x00,0x00,0x00,0x00,0x00,0x00,0x00,0x00,
0x00,0x00,0x00,0x00,0x00,0x00,0x00,0x00,0x00,0x00,0x00,0x00,0x00,0x00,0x04,0x00,
0x00,0x07,0x00,0x00,0x07,0xC0,0x00,0x07,0xFF,0xE0,0x07,0xFF,0xE0,0x07,0xFF,0xE0,
0x07,0xFF,0xE0,0x03,0xFF,0xE0,0x00,0x7F,0xE0,0x00,0x00,0x00,0x00,0x00,0x00,0x00,
0x00,0x00,0x00,0x00,0x00,0x00,0x00,0x00,0x00,0x00,0x00,0x00,0x00,0x00,0x00,0x00,
0x00,0x00,0x00,0x00,0x00,0x00,0x00,0x00,0x00,0x00,0x00,0x00,0x00,0x00,0x00,0x00,
0x00,0x00,0x00,0x00,0x00,0x00,0x00,0x00,0x00,

/*--  文字:  6  --*/
/*--  微软雅黑48;  此字体下对应的点阵为：宽x高=19x83   --*/
/*--  宽度不是8的倍数，现调整为：宽度x高度=24x83  --*/
0x00,0x00,0x00,0x00,0x00,0x00,0x00,0x00,0x00,0x00,0x00,0x00,0x00,0x00,0x00,0x00,
0x00,0x00,0x00,0x00,0x00,0x00,0x00,0x00,0x00,0x00,0x00,0x00,0x00,0x00,0x00,0x00,
0x00,0x00,0x00,0x00,0x00,0x00,0x00,0x00,0x00,0x00,0x00,0x00,0x00,0x00,0x00,0x00,
0x00,0x00,0x00,0x00,0x00,0x60,0x00,0x01,0xE0,0x00,0x07,0xE0,0x00,0x0F,0xE0,0x00,
0x1F,0xE0,0x00,0x3F,0xE0,0x00,0x7F,0xE0,0x00,0xFF,0x80,0x00,0xFF,0x00,0x01,0xFE,
0x00,0x01,0xFC,0x00,0x03,0xFC,0x00,0x03,0xF8,0x00,0x07,0xF8,0x00,0x07,0xF0,0x00,
0x07,0xF0,0x00,0x0F,0xF0,0x00,0x0F,0xF0,0x00,0x0F,0xE0,0x20,0x0F,0xE1,0xE0,0x1F,
0xE7,0xE0,0x1F,0xEF,0xE0,0x1F,0xFF,0xE0,0x1F,0xFF,0xE0,0x1F,0xFF,0x80,0x1F,0xFE,
0x00,0x1F,0xFC,0x00,0x1F,0xF8,0x00,0x1F,0xF0,0x00,0x1F,0xF0,0x00,0x1F,0xE0,0x00,
0x1F,0xE0,0x00,0x1F,0xE0,0x00,0x1F,0xE0,0x00,0x1F,0xE0,0x00,0x0F,0xE0,0x00,0x0F,
0xE0,0x00,0x0F,0xF0,0x00,0x0F,0xF0,0x00,0x07,0xF0,0x00,0x07,0xF8,0x00,0x03,0xFC,
0x00,0x03,0xFE,0x00,0x01,0xFF,0x00,0x01,0xFF,0xE0,0x00,0xFF,0xE0,0x00,0x7F,0xE0,
0x00,0x3F,0xE0,0x00,0x0F,0xE0,0x00,0x01,0xE0,0x00,0x00,0x00,0x00,0x00,0x00,0x00,
0x00,0x00,0x00,0x00,0x00,0x00,0x00,0x00,0x00,0x00,0x00,0x00,0x00,0x00,0x00,0x00,
0x00,0x00,0x00,0x00,0x00,0x00,0x00,0x00,0x00,0x00,0x00,0x00,0x00,0x00,0x00,0x00,
0x00,0x00,0x00,0x00,0x00,0x00,0x00,0x00,0x00,

/*--  文字:  7  --*/
/*--  微软雅黑48;  此字体下对应的点阵为：宽x高=19x83   --*/
/*--  宽度不是8的倍数，现调整为：宽度x高度=24x83  --*/
0x00,0x00,0x00,0x00,0x00,0x00,0x00,0x00,0x00,0x00,0x00,0x00,0x00,0x00,0x00,0x00,
0x00,0x00,0x00,0x00,0x00,0x00,0x00,0x00,0x00,0x00,0x00,0x00,0x00,0x00,0x00,0x00,
0x00,0x00,0x00,0x00,0x00,0x00,0x00,0x00,0x00,0x00,0x00,0x00,0x00,0x00,0x00,0x00,
0x00,0x00,0x00,0x1F,0xFF,0xE0,0x1F,0xFF,0xE0,0x1F,0xFF,0xE0,0x1F,0xFF,0xE0,0x1F,
0xFF,0xE0,0x1F,0xFF,0xE0,0x00,0x00,0x00,0x00,0x00,0x00,0x00,0x00,0x00,0x00,0x00,
0x00,0x00,0x00,0x00,0x00,0x00,0x00,0x00,0x00,0x00,0x00,0x00,0x00,0x00,0x00,0x00,
0x00,0x00,0x00,0x00,0x00,0x00,0x00,0x00,0x00,0x00,0x00,0x00,0x00,0x00,0x00,0x00,
0x00,0x00,0x00,0x00,0x00,0x00,0x00,0x20,0x00,0x00,0x20,0x00,0x00,0x60,0x00,0x00,
0x60,0x00,0x00,0xE0,0x00,0x00,0xE0,0x00,0x00,0xE0,0x00,0x01,0xE0,0x00,0x01,0xE0,
0x00,0x03,0xE0,0x00,0x03,0xE0,0x00,0x03,0xE0,0x00,0x07,0xE0,0x00,0x07,0xE0,0x00,
0x07,0xE0,0x00,0x0F,0xE0,0x00,0x0F,0xE0,0x00,0x0F,0xE0,0x00,0x1F,0xE0,0x00,0x1F,
0xE0,0x00,0x1F,0xE0,0x00,0x1F,0xE0,0x00,0x1F,0xC0,0x00,0x3F,0xC0,0x00,0x3F,0xC0,
0x00,0x3F,0xC0,0x00,0x3F,0xC0,0x00,0x00,0x00,0x00,0x00,0x00,0x00,0x00,0x00,0x00,
0x00,0x00,0x00,0x00,0x00,0x00,0x00,0x00,0x00,0x00,0x00,0x00,0x00,0x00,0x00,0x00,
0x00,0x00,0x00,0x00,0x00,0x00,0x00,0x00,0x00,0x00,0x00,0x00,0x00,0x00,0x00,0x00,
0x00,0x00,0x00,0x00,0x00,0x00,0x00,0x00,0x00,

/*--  文字:  8  --*/
/*--  微软雅黑48;  此字体下对应的点阵为：宽x高=19x83   --*/
/*--  宽度不是8的倍数，现调整为：宽度x高度=24x83  --*/
0x00,0x00,0x00,0x00,0x00,0x00,0x00,0x00,0x00,0x00,0x00,0x00,0x00,0x00,0x00,0x00,
0x00,0x00,0x00,0x00,0x00,0x00,0x00,0x00,0x00,0x00,0x00,0x00,0x00,0x00,0x00,0x00,
0x00,0x00,0x00,0x00,0x00,0x00,0x00,0x00,0x00,0x00,0x00,0x00,0x00,0x00,0x00,0x00,
0x00,0x00,0x60,0x00,0x07,0xE0,0x00,0x1F,0xE0,0x00,0x7F,0xE0,0x00,0xFF,0xE0,0x01,
0xFF,0xE0,0x03,0xFF,0x80,0x03,0xFE,0x00,0x07,0xF8,0x00,0x07,0xF8,0x00,0x07,0xF0,
0x00,0x07,0xF0,0x00,0x0F,0xF0,0x00,0x0F,0xF0,0x00,0x0F,0xF0,0x00,0x07,0xF0,0x00,
0x07,0xF0,0x00,0x07,0xF8,0x00,0x03,0xF8,0x00,0x03,0xFC,0x00,0x01,0xFF,0x00,0x00,
0xFF,0xE0,0x00,0x7F,0xE0,0x00,0x1F,0xE0,0x00,0x7F,0xE0,0x00,0xFF,0xE0,0x01,0xFF,
0xE0,0x03,0xFF,0x00,0x07,0xFC,0x00,0x0F,0xF8,0x00,0x0F,0xF0,0x00,0x1F,0xE0,0x00,
0x1F,0xC0,0x00,0x1F,0xC0,0x00,0x3F,0xC0,0x00,0x3F,0xC0,0x00,0x3F,0xC0,0x00,0x3F,
0xC0,0x00,0x3F,0xC0,0x00,0x1F,0xC0,0x00,0x1F,0xE0,0x00,0x1F,0xE0,0x00,0x0F,0xF0,
0x00,0x0F,0xF8,0x00,0x07,0xFE,0x00,0x07,0xFF,0xE0,0x03,0xFF,0xE0,0x01,0xFF,0xE0,
0x00,0x7F,0xE0,0x00,0x1F,0xE0,0x00,0x07,0xE0,0x00,0x00,0x00,0x00,0x00,0x00,0x00,
0x00,0x00,0x00,0x00,0x00,0x00,0x00,0x00,0x00,0x00,0x00,0x00,0x00,0x00,0x00,0x00,
0x00,0x00,0x00,0x00,0x00,0x00,0x00,0x00,0x00,0x00,0x00,0x00,0x00,0x00,0x00,0x00,
0x00,0x00,0x00,0x00,0x00,0x00,0x00,0x00,0x00,

/*--  文字:  9  --*/
/*--  微软雅黑48;  此字体下对应的点阵为：宽x高=19x83   --*/
/*--  宽度不是8的倍数，现调整为：宽度x高度=24x83  --*/
0x00,0x00,0x00,0x00,0x00,0x00,0x00,0x00,0x00,0x00,0x00,0x00,0x00,0x00,0x00,0x00,
0x00,0x00,0x00,0x00,0x00,0x00,0x00,0x00,0x00,0x00,0x00,0x00,0x00,0x00,0x00,0x00,
0x00,0x00,0x00,0x00,0x00,0x00,0x00,0x00,0x00,0x00,0x00,0x00,0x00,0x00,0x00,0x00,
0x00,0x00,0x60,0x00,0x0F,0xE0,0x00,0x3F,0xE0,0x00,0x7F,0xE0,0x00,0xFF,0xE0,0x01,
0xFF,0xE0,0x03,0xFF,0x00,0x07,0xFC,0x00,0x0F,0xF8,0x00,0x0F,0xF0,0x00,0x1F,0xE0,
0x00,0x1F,0xE0,0x00,0x1F,0xE0,0x00,0x1F,0xC0,0x00,0x1F,0xC0,0x00,0x3F,0xC0,0x00,
0x3F,0xC0,0x00,0x3F,0xC0,0x00,0x3F,0xC0,0x00,0x1F,0xC0,0x00,0x1F,0xE0,0x00,0x1F,
0xE0,0x00,0x1F,0xE0,0x00,0x0F,0xF0,0x00,0x0F,0xF8,0x00,0x07,0xFE,0x00,0x07,0xFF,
0xE0,0x03,0xFF,0xE0,0x01,0xFF,0xE0,0x00,0xFF,0xE0,0x00,0x7F,0xE0,0x00,0x1F,0xE0,
0x00,0x00,0xC0,0x00,0x00,0x00,0x00,0x00,0x00,0x00,0x00,0x00,0x00,0x00,0x00,0x00,
0x00,0x00,0x00,0x00,0x00,0x00,0x00,0x00,0x00,0x00,0x00,0x00,0x00,0x00,0x00,0x00,
0x00,0x06,0x00,0x00,0x07,0x80,0x00,0x07,0xFF,0xE0,0x07,0xFF,0xE0,0x07,0xFF,0xE0,
0x07,0xFF,0xE0,0x07,0xFF,0xE0,0x00,0xFF,0xE0,0x00,0x00,0x00,0x00,0x00,0x00,0x00,
0x00,0x00,0x00,0x00,0x00,0x00,0x00,0x00,0x00,0x00,0x00,0x00,0x00,0x00,0x00,0x00,
0x00,0x00,0x00,0x00,0x00,0x00,0x00,0x00,0x00,0x00,0x00,0x00,0x00,0x00,0x00,0x00,
0x00,0x00,0x00,0x00,0x00,0x00,0x00,0x00,0x00,

/*--  文字:  :  --*/
/*--  微软雅黑48;  此字体下对应的点阵为：宽x高=19x83   --*/
/*--  宽度不是8的倍数，现调整为：宽度x高度=24x83  --*/
0x00,0x00,0x00,0x00,0x00,0x00,0x00,0x00,0x00,0x00,0x00,0x00,0x00,0x00,0x00,0x00,
0x00,0x00,0x00,0x00,0x00,0x00,0x00,0x00,0x00,0x00,0x00,0x00,0x00,0x00,0x00,0x00,
0x00,0x00,0x00,0x00,0x00,0x00,0x00,0x00,0x00,0x00,0x00,0x00,0x00,0x00,0x00,0x00,
0x00,0x00,0x00,0x00,0x00,0x00,0x00,0x00,0x00,0x00,0x00,0x00,0x00,0x00,0x00,0x00,
0x00,0x00,0x00,0x00,0x00,0x00,0x00,0x00,0x00,0x00,0x00,0x00,0x00,0x00,0x00,0x00,
0x00,0x00,0x00,0x00,0x00,0x00,0x00,0x00,0x00,0x00,0x03,0x80,0x00,0x0F,0xE0,0x00,
0x0F,0xF0,0x00,0x1F,0xF0,0x00,0x1F,0xF8,0x00,0x1F,0xF0,0x00,0x1F,0xF0,0x00,0x0F,
0xE0,0x00,0x07,0xC0,0x00,0x00,0x00,0x00,0x00,0x00,0x00,0x00,0x00,0x00,0x00,0x00,
0x00,0x00,0x00,0x00,0x00,0x00,0x00,0x00,0x00,0x00,0x00,0x00,0x00,0x00,0x00,0x00,
0x00,0x00,0x00,0x00,0x00,0x00,0x00,0x00,0x00,0x00,0x00,0x00,0x00,0x00,0x00,0x00,
0x00,0x00,0x00,0x00,0x00,0x00,0x00,0x00,0x00,0x00,0x00,0x00,0x00,0x00,0x01,0x80,
0x00,0x0F,0xE0,0x00,0x0F,0xF0,0x00,0x1F,0xF0,0x00,0x1F,0xF8,0x00,0x1F,0xF8,0x00,
0x1F,0xF0,0x00,0x0F,0xE0,0x00,0x07,0xC0,0x00,0x00,0x00,0x00,0x00,0x00,0x00,0x00,
0x00,0x00,0x00,0x00,0x00,0x00,0x00,0x00,0x00,0x00,0x00,0x00,0x00,0x00,0x00,0x00,
0x00,0x00,0x00,0x00,0x00,0x00,0x00,0x00,0x00,0x00,0x00,0x00,0x00,0x00,0x00,0x00,
0x00,0x00,0x00,0x00,0x00,0x00,0x00,0x00,0x00,

/*--  文字:  ;  --*/
/*--  微软雅黑48;  此字体下对应的点阵为：宽x高=19x83   --*/
/*--  宽度不是8的倍数，现调整为：宽度x高度=24x83  --*/
0x00,0x00,0x00,0x00,0x00,0x00,0x00,0x00,0x00,0x00,0x00,0x00,0x00,0x00,0x00,0x00,
0x00,0x00,0x00,0x00,0x00,0x00,0x00,0x00,0x00,0x00,0x00,0x00,0x00,0x00,0x00,0x00,
0x00,0x00,0x00,0x00,0x00,0x00,0x00,0x00,0x00,0x00,0x00,0x00,0x00,0x00,0x00,0x00,
0x00,0x00,0x00,0x00,0x00,0x00,0x00,0x00,0x00,0x00,0x00,0x00,0x00,0x00,0x00,0x00,
0x00,0x00,0x00,0x00,0x00,0x00,0x00,0x00,0x00,0x00,0x00,0x00,0x00,0x00,0x00,0x00,
0x00,0x00,0x00,0x00,0x00,0x00,0x00,0x00,0x00,0x00,0x03,0x80,0x00,0x07,0xE0,0x00,
0x0F,0xF0,0x00,0x1F,0xF0,0x00,0x1F,0xF8,0x00,0x1F,0xF8,0x00,0x1F,0xF0,0x00,0x0F,
0xE0,0x00,0x07,0xC0,0x00,0x00,0x00,0x00,0x00,0x00,0x00,0x00,0x00,0x00,0x00,0x00,
0x00,0x00,0x00,0x00,0x00,0x00,0x00,0x00,0x00,0x00,0x00,0x00,0x00,0x00,0x00,0x00,
0x00,0x00,0x00,0x00,0x00,0x00,0x00,0x00,0x00,0x00,0x00,0x00,0x00,0x00,0x00,0x00,
0x00,0x00,0x00,0x00,0x00,0x00,0x00,0x00,0x00,0x00,0x00,0x00,0x00,0x00,0x0F,0xF0,
0x00,0x0F,0xE0,0x00,0x0F,0xE0,0x00,0x0F,0xE0,0x00,0x1F,0xC0,0x00,0x1F,0xC0,0x00,
0x1F,0xC0,0x00,0x1F,0xC0,0x00,0x1F,0x80,0x00,0x3F,0x80,0x00,0x3F,0x80,0x00,0x3F,
0x00,0x00,0x3F,0x00,0x00,0x7F,0x00,0x00,0x7E,0x00,0x00,0x7E,0x00,0x00,0x7E,0x00,
0x00,0x00,0x00,0x00,0x00,0x00,0x00,0x00,0x00,0x00,0x00,0x00,0x00,0x00,0x00,0x00,
0x00,0x00,0x00,0x00,0x00,0x00,0x00,0x00,0x00,

/*--  文字:  <  --*/
/*--  微软雅黑48;  此字体下对应的点阵为：宽x高=19x83   --*/
/*--  宽度不是8的倍数，现调整为：宽度x高度=24x83  --*/
0x00,0x00,0x00,0x00,0x00,0x00,0x00,0x00,0x00,0x00,0x00,0x00,0x00,0x00,0x00,0x00,
0x00,0x00,0x00,0x00,0x00,0x00,0x00,0x00,0x00,0x00,0x00,0x00,0x00,0x00,0x00,0x00,
0x00,0x00,0x00,0x00,0x00,0x00,0x00,0x00,0x00,0x00,0x00,0x00,0x00,0x00,0x00,0x00,
0x00,0x00,0x00,0x00,0x00,0x00,0x00,0x00,0x00,0x00,0x00,0x00,0x00,0x00,0x00,0x00,
0x00,0x00,0x00,0x00,0x00,0x00,0x00,0x00,0x00,0x00,0x00,0x00,0x00,0x00,0x00,0x00,
0x00,0x00,0x00,0x00,0x00,0x00,0x00,0x00,0x00,0x00,0x00,0x00,0x00,0x00,0x00,0x00,
0x00,0x00,0x00,0x00,0x00,0x00,0x00,0x00,0x00,0x00,0x00,0x00,0x00,0x00,0x00,0x00,
0x00,0x00,0x00,0x00,0x00,0x00,0x00,0x20,0x00,0x00,0xE0,0x00,0x03,0xE0,0x00,0x07,
0xE0,0x00,0x1F,0xE0,0x00,0x7F,0xE0,0x00,0xFF,0xE0,0x00,0xFF,0xE0,0x00,0x7F,0xE0,
0x00,0x3F,0xE0,0x00,0x0F,0xE0,0x00,0x03,0xE0,0x00,0x00,0xE0,0x00,0x00,0x20,0x00,
0x00,0x00,0x00,0x00,0x00,0x00,0x00,0x00,0x00,0x00,0x00,0x00,0x00,0x00,0x00,0x00,
0x00,0x00,0x00,0x00,0x00,0x00,0x00,0x00,0x00,0x00,0x00,0x00,0x00,0x00,0x00,0x00,
0x00,0x00,0x00,0x00,0x00,0x00,0x00,0x00,0x00,0x00,0x00,0x00,0x00,0x00,0x00,0x00,
0x00,0x00,0x00,0x00,0x00,0x00,0x00,0x00,0x00,0x00,0x00,0x00,0x00,0x00,0x00,0x00,
0x00,0x00,0x00,0x00,0x00,0x00,0x00,0x00,0x00,0x00,0x00,0x00,0x00,0x00,0x00,0x00,
0x00,0x00,0x00,0x00,0x00,0x00,0x00,0x00,0x00,

/*--  文字:  =  --*/
/*--  微软雅黑48;  此字体下对应的点阵为：宽x高=19x83   --*/
/*--  宽度不是8的倍数，现调整为：宽度x高度=24x83  --*/
0x00,0x00,0x00,0x00,0x00,0x00,0x00,0x00,0x00,0x00,0x00,0x00,0x00,0x00,0x00,0x00,
0x00,0x00,0x00,0x00,0x00,0x00,0x00,0x00,0x00,0x00,0x00,0x00,0x00,0x00,0x00,0x00,
0x00,0x00,0x00,0x00,0x00,0x00,0x00,0x00,0x00,0x00,0x00,0x00,0x00,0x00,0x00,0x00,
0x00,0x00,0x00,0x00,0x00,0x00,0x00,0x00,0x00,0x00,0x00,0x00,0x00,0x00,0x00,0x00,
0x00,0x00,0x00,0x00,0x00,0x00,0x00,0x00,0x00,0x00,0x00,0x00,0x00,0x00,0x00,0x00,
0x00,0x00,0x00,0x00,0x00,0x00,0x00,0x00,0x00,0x00,0x00,0x00,0x00,0x00,0x00,0x00,
0x00,0x00,0x00,0x00,0x00,0x00,0x00,0x00,0x00,0x00,0x00,0x00,0x01,0xFF,0xE0,0x01,
0xFF,0xE0,0x01,0xFF,0xE0,0x01,0xFF,0xE0,0x01,0xFF,0xE0,0x00,0x00,0x00,0x00,0x00,
0x00,0x00,0x00,0x00,0x00,0x00,0x00,0x00,0x00,0x00,0x00,0x00,0x00,0x00,0x00,0x00,
0x00,0x00,0x00,0x00,0x00,0x00,0x00,0xFF,0xE0,0x01,0xFF,0xE0,0x01,0xFF,0xE0,0x01,
0xFF,0xE0,0x01,0xFF,0xE0,0x01,0xFF,0xE0,0x00,0x00,0x00,0x00,0x00,0x00,0x00,0x00,
0x00,0x00,0x00,0x00,0x00,0x00,0x00,0x00,0x00,0x00,0x00,0x00,0x00,0x00,0x00,0x00,
0x00,0x00,0x00,0x00,0x00,0x00,0x00,0x00,0x00,0x00,0x00,0x00,0x00,0x00,0x00,0x00,
0x00,0x00,0x00,0x00,0x00,0x00,0x00,0x00,0x00,0x00,0x00,0x00,0x00,0x00,0x00,0x00,
0x00,0x00,0x00,0x00,0x00,0x00,0x00,0x00,0x00,0x00,0x00,0x00,0x00,0x00,0x00,0x00,
0x00,0x00,0x00,0x00,0x00,0x00,0x00,0x00,0x00,

/*--  文字:  >  --*/
/*--  微软雅黑48;  此字体下对应的点阵为：宽x高=19x83   --*/
/*--  宽度不是8的倍数，现调整为：宽度x高度=24x83  --*/
0x00,0x00,0x00,0x00,0x00,0x00,0x00,0x00,0x00,0x00,0x00,0x00,0x00,0x00,0x00,0x00,
0x00,0x00,0x00,0x00,0x00,0x00,0x00,0x00,0x00,0x00,0x00,0x00,0x00,0x00,0x00,0x00,
0x00,0x00,0x00,0x00,0x00,0x00,0x00,0x00,0x00,0x00,0x00,0x00,0x00,0x00,0x00,0x00,
0x00,0x00,0x00,0x00,0x00,0x00,0x00,0x00,0x00,0x00,0x00,0x00,0x00,0x00,0x00,0x00,
0x00,0x00,0x00,0x00,0x00,0x00,0x00,0x00,0x00,0x00,0x00,0x00,0x00,0x00,0x00,0x00,
0x00,0x00,0x00,0x00,0x00,0x00,0x00,0x00,0xE0,0x00,0x00,0xF8,0x00,0x00,0xFE,0x00,
0x00,0xFF,0x80,0x00,0xFF,0xE0,0x00,0x7F,0xE0,0x00,0x3F,0xE0,0x00,0x0F,0xE0,0x00,
0x03,0xE0,0x00,0x00,0xE0,0x00,0x00,0x20,0x00,0x00,0x00,0x00,0x00,0x00,0x00,0x00,
0x00,0x00,0x00,0x00,0x00,0x00,0x00,0x00,0x00,0x00,0x00,0x00,0x00,0x00,0x00,0x00,
0x00,0x00,0x00,0x00,0x00,0x00,0x00,0x00,0x00,0x00,0x00,0x00,0x00,0x00,0xE0,0x00,
0x03,0xE0,0x00,0x0F,0xE0,0x00,0x3F,0xE0,0x00,0xFF,0xE0,0x00,0xFF,0xE0,0x00,0xFF,
0x80,0x00,0xFE,0x00,0x00,0xF8,0x00,0x00,0xE0,0x00,0x00,0x00,0x00,0x00,0x00,0x00,
0x00,0x00,0x00,0x00,0x00,0x00,0x00,0x00,0x00,0x00,0x00,0x00,0x00,0x00,0x00,0x00,
0x00,0x00,0x00,0x00,0x00,0x00,0x00,0x00,0x00,0x00,0x00,0x00,0x00,0x00,0x00,0x00,
0x00,0x00,0x00,0x00,0x00,0x00,0x00,0x00,0x00,0x00,0x00,0x00,0x00,0x00,0x00,0x00,
0x00,0x00,0x00,0x00,0x00,0x00,0x00,0x00,0x00,

/*--  文字:  ?  --*/
/*--  微软雅黑48;  此字体下对应的点阵为：宽x高=19x83   --*/
/*--  宽度不是8的倍数，现调整为：宽度x高度=24x83  --*/
0x00,0x00,0x00,0x00,0x00,0x00,0x00,0x00,0x00,0x00,0x00,0x00,0x00,0x00,0x00,0x00,
0x00,0x00,0x00,0x00,0x00,0x00,0x00,0x00,0x00,0x00,0x00,0x00,0x00,0x00,0x00,0x00,
0x00,0x00,0x00,0x00,0x00,0x00,0x00,0x00,0x00,0x00,0x00,0x00,0x00,0x00,0x00,0x00,
0x00,0x07,0x80,0x00,0xFF,0xE0,0x03,0xFF,0xE0,0x0F,0xFF,0xE0,0x1F,0xFF,0xE0,0x1F,
0xFF,0xE0,0x1F,0xF0,0xE0,0x1F,0x80,0x20,0x1E,0x00,0x00,0x1C,0x00,0x00,0x00,0x00,
0x00,0x00,0x00,0x00,0x00,0x00,0x00,0x00,0x00,0x00,0x00,0x00,0x00,0x00,0x00,0x00,
0x00,0x00,0x00,0x00,0x00,0x00,0x00,0x00,0x20,0x00,0x00,0x60,0x00,0x00,0xE0,0x00,
0x01,0xE0,0x00,0x03,0xE0,0x00,0x07,0xE0,0x00,0x0F,0xE0,0x00,0x0F,0xE0,0x00,0x1F,
0xE0,0x00,0x3F,0xC0,0x00,0x3F,0x80,0x00,0x3F,0x80,0x00,0x3F,0x80,0x00,0x3F,0x80,
0x00,0x3F,0x80,0x00,0x3F,0x80,0x00,0x3F,0x80,0x00,0x3F,0x80,0x00,0x3F,0xC0,0x00,
0x00,0x00,0x00,0x00,0x00,0x00,0x00,0x00,0x00,0x00,0x00,0x00,0x00,0x00,0x00,0x06,
0x00,0x00,0x1F,0xC0,0x00,0x3F,0xC0,0x00,0x3F,0xE0,0x00,0x3F,0xE0,0x00,0x3F,0xE0,
0x00,0x3F,0xE0,0x00,0x1F,0xC0,0x00,0x0F,0x80,0x00,0x00,0x00,0x00,0x00,0x00,0x00,
0x00,0x00,0x00,0x00,0x00,0x00,0x00,0x00,0x00,0x00,0x00,0x00,0x00,0x00,0x00,0x00,
0x00,0x00,0x00,0x00,0x00,0x00,0x00,0x00,0x00,0x00,0x00,0x00,0x00,0x00,0x00,0x00,
0x00,0x00,0x00,0x00,0x00,0x00,0x00,0x00,0x00,

/*--  文字:  @  --*/
/*--  微软雅黑48;  此字体下对应的点阵为：宽x高=19x83   --*/
/*--  宽度不是8的倍数，现调整为：宽度x高度=24x83  --*/
0x00,0x00,0x00,0x00,0x00,0x00,0x00,0x00,0x00,0x00,0x00,0x00,0x00,0x00,0x00,0x00,
0x00,0x00,0x00,0x00,0x00,0x00,0x00,0x00,0x00,0x00,0x00,0x00,0x00,0x00,0x00,0x00,
0x00,0x00,0x00,0x00,0x00,0x00,0x00,0x00,0x00,0x00,0x00,0x00,0x00,0x00,0x00,0x00,
0x00,0x00,0x00,0x00,0x00,0x00,0x00,0x00,0x00,0x00,0x00,0x00,0x00,0x00,0x20,0x00,
0x00,0x60,0x00,0x00,0xE0,0x00,0x03,0xE0,0x00,0x07,0xE0,0x00,0x0F,0xE0,0x00,0x0F,
0xE0,0x00,0x1F,0xC0,0x00,0x3F,0xC0,0x00,0x7F,0x80,0x00,0x7F,0x00,0x00,0xFE,0x00,
0x00,0xFE,0x00,0x01,0xFC,0x00,0x01,0xFC,0x00,0x03,0xF8,0x00,0x03,0xF8,0x00,0x03,
0xF0,0x00,0x03,0xF0,0x00,0x07,0xF0,0x00,0x07,0xF0,0x00,0x07,0xF0,0x00,0x07,0xF0,
0x00,0x07,0xE0,0x00,0x07,0xE0,0x20,0x07,0xE0,0x20,0x07,0xE0,0x20,0x07,0xE0,0x20,
0x07,0xF0,0x20,0x07,0xF0,0x20,0x07,0xF0,0x00,0x07,0xF0,0x00,0x03,0xF0,0x00,0x03,
0xF8,0x00,0x03,0xF8,0x00,0x03,0xF8,0x00,0x01,0xFC,0x00,0x01,0xFC,0x00,0x00,0xFE,
0x00,0x00,0xFE,0x00,0x00,0x7F,0x00,0x00,0x3F,0x80,0x00,0x3F,0xC0,0x00,0x1F,0xE0,
0x00,0x0F,0xE0,0x00,0x07,0xE0,0x00,0x03,0xE0,0x00,0x01,0xE0,0x00,0x00,0x60,0x00,
0x00,0x20,0x00,0x00,0x00,0x00,0x00,0x00,0x00,0x00,0x00,0x00,0x00,0x00,0x00,0x00,
0x00,0x00,0x00,0x00,0x00,0x00,0x00,0x00,0x00,0x00,0x00,0x00,0x00,0x00,0x00,0x00,
0x00,0x00,0x00,0x00,0x00,0x00,0x00,0x00,0x00,

/*--  文字:  A  --*/
/*--  微软雅黑48;  此字体下对应的点阵为：宽x高=19x83   --*/
/*--  宽度不是8的倍数，现调整为：宽度x高度=24x83  --*/
0x00,0x00,0x00,0x00,0x00,0x00,0x00,0x00,0x00,0x00,0x00,0x00,0x00,0x00,0x00,0x00,
0x00,0x00,0x00,0x00,0x00,0x00,0x00,0x00,0x00,0x00,0x00,0x00,0x00,0x00,0x00,0x00,
0x00,0x00,0x00,0x00,0x00,0x00,0x00,0x00,0x00,0x00,0x00,0x00,0x00,0x00,0x00,0x00,
0x00,0x00,0x00,0x00,0x00,0x00,0x00,0x00,0x20,0x00,0x00,0x20,0x00,0x00,0x60,0x00,
0x00,0x60,0x00,0x00,0x60,0x00,0x00,0xE0,0x00,0x00,0xE0,0x00,0x01,0xE0,0x00,0x01,
0xE0,0x00,0x01,0xE0,0x00,0x03,0xE0,0x00,0x03,0xE0,0x00,0x07,0xE0,0x00,0x07,0xE0,
0x00,0x07,0xE0,0x00,0x0F,0xE0,0x00,0x0F,0xE0,0x00,0x0F,0xE0,0x00,0x1F,0xE0,0x00,
0x1F,0xE0,0x00,0x3F,0xC0,0x00,0x3F,0xC0,0x00,0x3F,0x80,0x00,0x7F,0x80,0x00,0x7F,
0x80,0x00,0x7F,0x00,0x00,0xFF,0x00,0x00,0xFF,0x00,0x01,0xFE,0x00,0x01,0xFF,0xE0,
0x01,0xFF,0xE0,0x03,0xFF,0xE0,0x03,0xFF,0xE0,0x07,0xFF,0xE0,0x07,0xFF,0xE0,0x07,
0xF8,0x00,0x0F,0xF0,0x00,0x0F,0xF0,0x00,0x0F,0xF0,0x00,0x1F,0xE0,0x00,0x1F,0xE0,
0x00,0x3F,0xE0,0x00,0x3F,0xC0,0x00,0x3F,0xC0,0x00,0x7F,0xC0,0x00,0x7F,0x80,0x00,
0x7F,0x80,0x00,0xFF,0x80,0x00,0x00,0x00,0x00,0x00,0x00,0x00,0x00,0x00,0x00,0x00,
0x00,0x00,0x00,0x00,0x00,0x00,0x00,0x00,0x00,0x00,0x00,0x00,0x00,0x00,0x00,0x00,
0x00,0x00,0x00,0x00,0x00,0x00,0x00,0x00,0x00,0x00,0x00,0x00,0x00,0x00,0x00,0x00,
0x00,0x00,0x00,0x00,0x00,0x00,0x00,0x00,0x00,

/*--  文字:  B  --*/
/*--  微软雅黑48;  此字体下对应的点阵为：宽x高=19x83   --*/
/*--  宽度不是8的倍数，现调整为：宽度x高度=24x83  --*/
0x00,0x00,0x00,0x00,0x00,0x00,0x00,0x00,0x00,0x00,0x00,0x00,0x00,0x00,0x00,0x00,
0x00,0x00,0x00,0x00,0x00,0x00,0x00,0x00,0x00,0x00,0x00,0x00,0x00,0x00,0x00,0x00,
0x00,0x00,0x00,0x00,0x00,0x00,0x00,0x00,0x00,0x00,0x00,0x00,0x00,0x00,0x00,0x00,
0x00,0x00,0x00,0x03,0xFF,0xE0,0x07,0xFF,0xE0,0x07,0xFF,0xE0,0x07,0xFF,0xE0,0x07,
0xFF,0xE0,0x07,0xFF,0xE0,0x07,0xF8,0x00,0x07,0xF8,0x00,0x07,0xF8,0x00,0x07,0xF8,
0x00,0x07,0xF8,0x00,0x07,0xF8,0x00,0x07,0xF8,0x00,0x07,0xF8,0x00,0x07,0xF8,0x00,
0x07,0xF8,0x00,0x07,0xF8,0x00,0x07,0xF8,0x00,0x07,0xF8,0x00,0x07,0xF8,0x00,0x07,
0xF8,0x00,0x07,0xFF,0xE0,0x07,0xFF,0xE0,0x07,0xFF,0xE0,0x07,0xFF,0xE0,0x07,0xFF,
0xE0,0x07,0xFF,0xE0,0x07,0xF8,0x00,0x07,0xF8,0x00,0x07,0xF8,0x00,0x07,0xF8,0x00,
0x07,0xF8,0x00,0x07,0xF8,0x00,0x07,0xF8,0x00,0x07,0xF8,0x00,0x07,0xF8,0x00,0x07,
0xF8,0x00,0x07,0xF8,0x00,0x07,0xF8,0x00,0x07,0xF8,0x00,0x07,0xF8,0x00,0x07,0xF8,
0x00,0x07,0xF8,0x00,0x07,0xFF,0xE0,0x07,0xFF,0xE0,0x07,0xFF,0xE0,0x07,0xFF,0xE0,
0x07,0xFF,0xE0,0x07,0xFF,0xE0,0x00,0x00,0x00,0x00,0x00,0x00,0x00,0x00,0x00,0x00,
0x00,0x00,0x00,0x00,0x00,0x00,0x00,0x00,0x00,0x00,0x00,0x00,0x00,0x00,0x00,0x00,
0x00,0x00,0x00,0x00,0x00,0x00,0x00,0x00,0x00,0x00,0x00,0x00,0x00,0x00,0x00,0x00,
0x00,0x00,0x00,0x00,0x00,0x00,0x00,0x00,0x00,

/*--  文字:  C  --*/
/*--  微软雅黑48;  此字体下对应的点阵为：宽x高=19x83   --*/
/*--  宽度不是8的倍数，现调整为：宽度x高度=24x83  --*/
0x00,0x00,0x00,0x00,0x00,0x00,0x00,0x00,0x00,0x00,0x00,0x00,0x00,0x00,0x00,0x00,
0x00,0x00,0x00,0x00,0x00,0x00,0x00,0x00,0x00,0x00,0x00,0x00,0x00,0x00,0x00,0x00,
0x00,0x00,0x00,0x00,0x00,0x00,0x00,0x00,0x00,0x00,0x00,0x00,0x00,0x00,0x00,0x00,
0x00,0x00,0x00,0x00,0x00,0x00,0x00,0x00,0x60,0x00,0x01,0xE0,0x00,0x07,0xE0,0x00,
0x0F,0xE0,0x00,0x1F,0xE0,0x00,0x3F,0xE0,0x00,0x7F,0xE0,0x00,0xFF,0xC0,0x01,0xFF,
0x80,0x03,0xFF,0x00,0x03,0xFE,0x00,0x07,0xFC,0x00,0x07,0xF8,0x00,0x0F,0xF8,0x00,
0x0F,0xF0,0x00,0x0F,0xF0,0x00,0x1F,0xF0,0x00,0x1F,0xE0,0x00,0x1F,0xE0,0x00,0x1F,
0xE0,0x00,0x1F,0xE0,0x00,0x1F,0xE0,0x00,0x3F,0xC0,0x00,0x3F,0xC0,0x00,0x3F,0xC0,
0x00,0x3F,0xC0,0x00,0x3F,0xE0,0x00,0x3F,0xE0,0x00,0x1F,0xE0,0x00,0x1F,0xE0,0x00,
0x1F,0xE0,0x00,0x1F,0xE0,0x00,0x1F,0xF0,0x00,0x0F,0xF0,0x00,0x0F,0xF8,0x00,0x0F,
0xF8,0x00,0x07,0xFC,0x00,0x07,0xFE,0x00,0x03,0xFF,0x00,0x03,0xFF,0x80,0x01,0xFF,
0xC0,0x00,0xFF,0xE0,0x00,0x7F,0xE0,0x00,0x3F,0xE0,0x00,0x1F,0xE0,0x00,0x0F,0xE0,
0x00,0x03,0xE0,0x00,0x00,0xE0,0x00,0x00,0x00,0x00,0x00,0x00,0x00,0x00,0x00,0x00,
0x00,0x00,0x00,0x00,0x00,0x00,0x00,0x00,0x00,0x00,0x00,0x00,0x00,0x00,0x00,0x00,
0x00,0x00,0x00,0x00,0x00,0x00,0x00,0x00,0x00,0x00,0x00,0x00,0x00,0x00,0x00,0x00,
0x00,0x00,0x00,0x00,0x00,0x00,0x00,0x00,0x00,

/*--  文字:  D  --*/
/*--  微软雅黑48;  此字体下对应的点阵为：宽x高=19x83   --*/
/*--  宽度不是8的倍数，现调整为：宽度x高度=24x83  --*/
0x00,0x00,0x00,0x00,0x00,0x00,0x00,0x00,0x00,0x00,0x00,0x00,0x00,0x00,0x00,0x00,
0x00,0x00,0x00,0x00,0x00,0x00,0x00,0x00,0x00,0x00,0x00,0x00,0x00,0x00,0x00,0x00,
0x00,0x00,0x00,0x00,0x00,0x00,0x00,0x00,0x00,0x00,0x00,0x00,0x00,0x00,0x00,0x00,
0x00,0x00,0x00,0x03,0xFF,0xE0,0x07,0xFF,0xE0,0x07,0xFF,0xE0,0x07,0xFF,0xE0,0x07,
0xFF,0xE0,0x07,0xFF,0xE0,0x07,0xFF,0xE0,0x07,0xF8,0x00,0x07,0xF8,0x00,0x07,0xF8,
0x00,0x07,0xF8,0x00,0x07,0xF8,0x00,0x07,0xF8,0x00,0x07,0xF8,0x00,0x07,0xF8,0x00,
0x07,0xF8,0x00,0x07,0xF8,0x00,0x07,0xF8,0x00,0x07,0xF8,0x00,0x07,0xF8,0x00,0x07,
0xF8,0x00,0x07,0xF8,0x00,0x07,0xF8,0x00,0x07,0xF8,0x00,0x07,0xF8,0x00,0x07,0xF8,
0x00,0x07,0xF8,0x00,0x07,0xF8,0x00,0x07,0xF8,0x00,0x07,0xF8,0x00,0x07,0xF8,0x00,
0x07,0xF8,0x00,0x07,0xF8,0x00,0x07,0xF8,0x00,0x07,0xF8,0x00,0x07,0xF8,0x00,0x07,
0xF8,0x00,0x07,0xF8,0x00,0x07,0xF8,0x00,0x07,0xF8,0x00,0x07,0xF8,0x00,0x07,0xF8,
0x00,0x07,0xF8,0x00,0x07,0xFF,0xE0,0x07,0xFF,0xE0,0x07,0xFF,0xE0,0x07,0xFF,0xE0,
0x07,0xFF,0xE0,0x07,0xFF,0xE0,0x00,0x00,0x00,0x00,0x00,0x00,0x00,0x00,0x00,0x00,
0x00,0x00,0x00,0x00,0x00,0x00,0x00,0x00,0x00,0x00,0x00,0x00,0x00,0x00,0x00,0x00,
0x00,0x00,0x00,0x00,0x00,0x00,0x00,0x00,0x00,0x00,0x00,0x00,0x00,0x00,0x00,0x00,
0x00,0x00,0x00,0x00,0x00,0x00,0x00,0x00,0x00,

/*--  文字:  E  --*/
/*--  微软雅黑48;  此字体下对应的点阵为：宽x高=19x83   --*/
/*--  宽度不是8的倍数，现调整为：宽度x高度=24x83  --*/
0x00,0x00,0x00,0x00,0x00,0x00,0x00,0x00,0x00,0x00,0x00,0x00,0x00,0x00,0x00,0x00,
0x00,0x00,0x00,0x00,0x00,0x00,0x00,0x00,0x00,0x00,0x00,0x00,0x00,0x00,0x00,0x00,
0x00,0x00,0x00,0x00,0x00,0x00,0x00,0x00,0x00,0x00,0x00,0x00,0x00,0x00,0x00,0x00,
0x00,0x00,0x00,0x03,0xFF,0xE0,0x07,0xFF,0xE0,0x07,0xFF,0xE0,0x07,0xFF,0xE0,0x07,
0xFF,0xE0,0x07,0xFF,0xE0,0x07,0xFF,0xE0,0x07,0xF8,0x00,0x07,0xF8,0x00,0x07,0xF8,
0x00,0x07,0xF8,0x00,0x07,0xF8,0x00,0x07,0xF8,0x00,0x07,0xF8,0x00,0x07,0xF8,0x00,
0x07,0xF8,0x00,0x07,0xF8,0x00,0x07,0xF8,0x00,0x07,0xF8,0x00,0x07,0xF8,0x00,0x07,
0xF8,0x00,0x07,0xFF,0xE0,0x07,0xFF,0xE0,0x07,0xFF,0xE0,0x07,0xFF,0xE0,0x07,0xFF,
0xE0,0x07,0xFF,0xE0,0x07,0xFF,0xE0,0x07,0xF8,0x00,0x07,0xF8,0x00,0x07,0xF8,0x00,
0x07,0xF8,0x00,0x07,0xF8,0x00,0x07,0xF8,0x00,0x07,0xF8,0x00,0x07,0xF8,0x00,0x07,
0xF8,0x00,0x07,0xF8,0x00,0x07,0xF8,0x00,0x07,0xF8,0x00,0x07,0xF8,0x00,0x07,0xF8,
0x00,0x07,0xF8,0x00,0x07,0xFF,0xE0,0x07,0xFF,0xE0,0x07,0xFF,0xE0,0x07,0xFF,0xE0,
0x07,0xFF,0xE0,0x07,0xFF,0xE0,0x00,0x00,0x00,0x00,0x00,0x00,0x00,0x00,0x00,0x00,
0x00,0x00,0x00,0x00,0x00,0x00,0x00,0x00,0x00,0x00,0x00,0x00,0x00,0x00,0x00,0x00,
0x00,0x00,0x00,0x00,0x00,0x00,0x00,0x00,0x00,0x00,0x00,0x00,0x00,0x00,0x00,0x00,
0x00,0x00,0x00,0x00,0x00,0x00,0x00,0x00,0x00,

/*--  文字:  F  --*/
/*--  微软雅黑48;  此字体下对应的点阵为：宽x高=19x83   --*/
/*--  宽度不是8的倍数，现调整为：宽度x高度=24x83  --*/
0x00,0x00,0x00,0x00,0x00,0x00,0x00,0x00,0x00,0x00,0x00,0x00,0x00,0x00,0x00,0x00,
0x00,0x00,0x00,0x00,0x00,0x00,0x00,0x00,0x00,0x00,0x00,0x00,0x00,0x00,0x00,0x00,
0x00,0x00,0x00,0x00,0x00,0x00,0x00,0x00,0x00,0x00,0x00,0x00,0x00,0x00,0x00,0x00,
0x00,0x00,0x00,0x03,0xFF,0xE0,0x07,0xFF,0xE0,0x07,0xFF,0xE0,0x07,0xFF,0xE0,0x07,
0xFF,0xE0,0x07,0xFF,0xE0,0x07,0xFF,0xE0,0x07,0xF8,0x00,0x07,0xF8,0x00,0x07,0xF8,
0x00,0x07,0xF8,0x00,0x07,0xF8,0x00,0x07,0xF8,0x00,0x07,0xF8,0x00,0x07,0xF8,0x00,
0x07,0xF8,0x00,0x07,0xF8,0x00,0x07,0xF8,0x00,0x07,0xF8,0x00,0x07,0xF8,0x00,0x07,
0xF8,0x00,0x07,0xF8,0x00,0x07,0xFF,0xE0,0x07,0xFF,0xE0,0x07,0xFF,0xE0,0x07,0xFF,
0xE0,0x07,0xFF,0xE0,0x07,0xFF,0xE0,0x07,0xF8,0x00,0x07,0xF8,0x00,0x07,0xF8,0x00,
0x07,0xF8,0x00,0x07,0xF8,0x00,0x07,0xF8,0x00,0x07,0xF8,0x00,0x07,0xF8,0x00,0x07,
0xF8,0x00,0x07,0xF8,0x00,0x07,0xF8,0x00,0x07,0xF8,0x00,0x07,0xF8,0x00,0x07,0xF8,
0x00,0x07,0xF8,0x00,0x07,0xF8,0x00,0x07,0xF8,0x00,0x07,0xF8,0x00,0x07,0xF8,0x00,
0x07,0xF8,0x00,0x07,0xF8,0x00,0x00,0x00,0x00,0x00,0x00,0x00,0x00,0x00,0x00,0x00,
0x00,0x00,0x00,0x00,0x00,0x00,0x00,0x00,0x00,0x00,0x00,0x00,0x00,0x00,0x00,0x00,
0x00,0x00,0x00,0x00,0x00,0x00,0x00,0x00,0x00,0x00,0x00,0x00,0x00,0x00,0x00,0x00,
0x00,0x00,0x00,0x00,0x00,0x00,0x00,0x00,0x00,

/*--  文字:  G  --*/
/*--  微软雅黑48;  此字体下对应的点阵为：宽x高=19x83   --*/
/*--  宽度不是8的倍数，现调整为：宽度x高度=24x83  --*/
0x00,0x00,0x00,0x00,0x00,0x00,0x00,0x00,0x00,0x00,0x00,0x00,0x00,0x00,0x00,0x00,
0x00,0x00,0x00,0x00,0x00,0x00,0x00,0x00,0x00,0x00,0x00,0x00,0x00,0x00,0x00,0x00,
0x00,0x00,0x00,0x00,0x00,0x00,0x00,0x00,0x00,0x00,0x00,0x00,0x00,0x00,0x00,0x00,
0x00,0x00,0x00,0x00,0x00,0x00,0x00,0x00,0x60,0x00,0x01,0xE0,0x00,0x03,0xE0,0x00,
0x0F,0xE0,0x00,0x1F,0xE0,0x00,0x3F,0xE0,0x00,0x7F,0xE0,0x00,0xFF,0xC0,0x01,0xFF,
0x80,0x01,0xFF,0x00,0x03,0xFE,0x00,0x07,0xFC,0x00,0x07,0xF8,0x00,0x0F,0xF8,0x00,
0x0F,0xF0,0x00,0x0F,0xF0,0x00,0x1F,0xF0,0x00,0x1F,0xE0,0x00,0x1F,0xE0,0x00,0x1F,
0xE0,0x00,0x1F,0xE0,0x00,0x1F,0xE0,0x00,0x3F,0xC0,0x00,0x3F,0xC0,0x00,0x3F,0xC0,
0x00,0x3F,0xC0,0x00,0x3F,0xE0,0x00,0x1F,0xE0,0x00,0x1F,0xE0,0x00,0x1F,0xE0,0x00,
0x1F,0xE0,0x00,0x1F,0xE0,0x00,0x1F,0xF0,0x00,0x0F,0xF0,0x00,0x0F,0xF8,0x00,0x0F,
0xF8,0x00,0x07,0xFC,0x00,0x07,0xFE,0x00,0x03,0xFF,0x00,0x01,0xFF,0x80,0x01,0xFF,
0xC0,0x00,0xFF,0xE0,0x00,0x7F,0xE0,0x00,0x3F,0xE0,0x00,0x1F,0xE0,0x00,0x07,0xE0,
0x00,0x03,0xE0,0x00,0x00,0x60,0x00,0x00,0x00,0x00,0x00,0x00,0x00,0x00,0x00,0x00,
0x00,0x00,0x00,0x00,0x00,0x00,0x00,0x00,0x00,0x00,0x00,0x00,0x00,0x00,0x00,0x00,
0x00,0x00,0x00,0x00,0x00,0x00,0x00,0x00,0x00,0x00,0x00,0x00,0x00,0x00,0x00,0x00,
0x00,0x00,0x00,0x00,0x00,0x00,0x00,0x00,0x00,

/*--  文字:  H  --*/
/*--  微软雅黑48;  此字体下对应的点阵为：宽x高=19x83   --*/
/*--  宽度不是8的倍数，现调整为：宽度x高度=24x83  --*/
0x00,0x00,0x00,0x00,0x00,0x00,0x00,0x00,0x00,0x00,0x00,0x00,0x00,0x00,0x00,0x00,
0x00,0x00,0x00,0x00,0x00,0x00,0x00,0x00,0x00,0x00,0x00,0x00,0x00,0x00,0x00,0x00,
0x00,0x00,0x00,0x00,0x00,0x00,0x00,0x00,0x00,0x00,0x00,0x00,0x00,0x00,0x00,0x00,
0x00,0x00,0x00,0x03,0xF8,0x00,0x07,0xF8,0x00,0x07,0xF8,0x00,0x07,0xF8,0x00,0x07,
0xF8,0x00,0x07,0xF8,0x00,0x07,0xF8,0x00,0x07,0xF8,0x00,0x07,0xF8,0x00,0x07,0xF8,
0x00,0x07,0xF8,0x00,0x07,0xF8,0x00,0x07,0xF8,0x00,0x07,0xF8,0x00,0x07,0xF8,0x00,
0x07,0xF8,0x00,0x07,0xF8,0x00,0x07,0xF8,0x00,0x07,0xF8,0x00,0x07,0xF8,0x00,0x07,
0xF8,0x00,0x07,0xFF,0xE0,0x07,0xFF,0xE0,0x07,0xFF,0xE0,0x07,0xFF,0xE0,0x07,0xFF,
0xE0,0x07,0xFF,0xE0,0x07,0xFF,0xE0,0x07,0xF8,0x00,0x07,0xF8,0x00,0x07,0xF8,0x00,
0x07,0xF8,0x00,0x07,0xF8,0x00,0x07,0xF8,0x00,0x07,0xF8,0x00,0x07,0xF8,0x00,0x07,
0xF8,0x00,0x07,0xF8,0x00,0x07,0xF8,0x00,0x07,0xF8,0x00,0x07,0xF8,0x00,0x07,0xF8,
0x00,0x07,0xF8,0x00,0x07,0xF8,0x00,0x07,0xF8,0x00,0x07,0xF8,0x00,0x07,0xF8,0x00,
0x07,0xF8,0x00,0x07,0xF8,0x00,0x00,0x00,0x00,0x00,0x00,0x00,0x00,0x00,0x00,0x00,
0x00,0x00,0x00,0x00,0x00,0x00,0x00,0x00,0x00,0x00,0x00,0x00,0x00,0x00,0x00,0x00,
0x00,0x00,0x00,0x00,0x00,0x00,0x00,0x00,0x00,0x00,0x00,0x00,0x00,0x00,0x00,0x00,
0x00,0x00,0x00,0x00,0x00,0x00,0x00,0x00,0x00,

/*--  文字:  I  --*/
/*--  微软雅黑48;  此字体下对应的点阵为：宽x高=19x83   --*/
/*--  宽度不是8的倍数，现调整为：宽度x高度=24x83  --*/
0x00,0x00,0x00,0x00,0x00,0x00,0x00,0x00,0x00,0x00,0x00,0x00,0x00,0x00,0x00,0x00,
0x00,0x00,0x00,0x00,0x00,0x00,0x00,0x00,0x00,0x00,0x00,0x00,0x00,0x00,0x00,0x00,
0x00,0x00,0x00,0x00,0x00,0x00,0x00,0x00,0x00,0x00,0x00,0x00,0x00,0x00,0x00,0x00,
0x00,0x00,0x00,0x03,0xF8,0x00,0x07,0xF8,0x00,0x07,0xF8,0x00,0x07,0xF8,0x00,0x07,
0xF8,0x00,0x07,0xF8,0x00,0x07,0xF8,0x00,0x07,0xF8,0x00,0x07,0xF8,0x00,0x07,0xF8,
0x00,0x07,0xF8,0x00,0x07,0xF8,0x00,0x07,0xF8,0x00,0x07,0xF8,0x00,0x07,0xF8,0x00,
0x07,0xF8,0x00,0x07,0xF8,0x00,0x07,0xF8,0x00,0x07,0xF8,0x00,0x07,0xF8,0x00,0x07,
0xF8,0x00,0x07,0xF8,0x00,0x07,0xF8,0x00,0x07,0xF8,0x00,0x07,0xF8,0x00,0x07,0xF8,
0x00,0x07,0xF8,0x00,0x07,0xF8,0x00,0x07,0xF8,0x00,0x07,0xF8,0x00,0x07,0xF8,0x00,
0x07,0xF8,0x00,0x07,0xF8,0x00,0x07,0xF8,0x00,0x07,0xF8,0x00,0x07,0xF8,0x00,0x07,
0xF8,0x00,0x07,0xF8,0x00,0x07,0xF8,0x00,0x07,0xF8,0x00,0x07,0xF8,0x00,0x07,0xF8,
0x00,0x07,0xF8,0x00,0x07,0xF8,0x00,0x07,0xF8,0x00,0x07,0xF8,0x00,0x07,0xF8,0x00,
0x07,0xF8,0x00,0x07,0xF8,0x00,0x00,0x00,0x00,0x00,0x00,0x00,0x00,0x00,0x00,0x00,
0x00,0x00,0x00,0x00,0x00,0x00,0x00,0x00,0x00,0x00,0x00,0x00,0x00,0x00,0x00,0x00,
0x00,0x00,0x00,0x00,0x00,0x00,0x00,0x00,0x00,0x00,0x00,0x00,0x00,0x00,0x00,0x00,
0x00,0x00,0x00,0x00,0x00,0x00,0x00,0x00,0x00,

/*--  文字:  J  --*/
/*--  微软雅黑48;  此字体下对应的点阵为：宽x高=19x83   --*/
/*--  宽度不是8的倍数，现调整为：宽度x高度=24x83  --*/
0x00,0x00,0x00,0x00,0x00,0x00,0x00,0x00,0x00,0x00,0x00,0x00,0x00,0x00,0x00,0x00,
0x00,0x00,0x00,0x00,0x00,0x00,0x00,0x00,0x00,0x00,0x00,0x00,0x00,0x00,0x00,0x00,
0x00,0x00,0x00,0x00,0x00,0x00,0x00,0x00,0x00,0x00,0x00,0x00,0x00,0x00,0x00,0x00,
0x00,0x00,0x00,0x00,0x07,0xE0,0x00,0x0F,0xE0,0x00,0x0F,0xE0,0x00,0x0F,0xE0,0x00,
0x0F,0xE0,0x00,0x0F,0xE0,0x00,0x0F,0xE0,0x00,0x0F,0xE0,0x00,0x0F,0xE0,0x00,0x0F,
0xE0,0x00,0x0F,0xE0,0x00,0x0F,0xE0,0x00,0x0F,0xE0,0x00,0x0F,0xE0,0x00,0x0F,0xE0,
0x00,0x0F,0xE0,0x00,0x0F,0xE0,0x00,0x0F,0xE0,0x00,0x0F,0xE0,0x00,0x0F,0xE0,0x00,
0x0F,0xE0,0x00,0x0F,0xE0,0x00,0x0F,0xE0,0x00,0x0F,0xE0,0x00,0x0F,0xE0,0x00,0x0F,
0xE0,0x00,0x0F,0xE0,0x00,0x0F,0xE0,0x00,0x0F,0xE0,0x00,0x0F,0xE0,0x00,0x0F,0xE0,
0x00,0x0F,0xE0,0x00,0x0F,0xE0,0x00,0x0F,0xE0,0x00,0x0F,0xE0,0x00,0x0F,0xE0,0x00,
0x0F,0xE0,0x00,0x0F,0xE0,0x00,0x0F,0xE0,0x00,0x1F,0xE0,0x00,0x1F,0xE0,0x00,0x3F,
0xE0,0x00,0x7F,0xC0,0xE0,0xFF,0xC0,0xFF,0xFF,0x80,0xFF,0xFF,0x00,0xFF,0xFE,0x00,
0xFF,0xFC,0x00,0xFF,0xF8,0x00,0x7F,0xC0,0x00,0x00,0x00,0x00,0x00,0x00,0x00,0x00,
0x00,0x00,0x00,0x00,0x00,0x00,0x00,0x00,0x00,0x00,0x00,0x00,0x00,0x00,0x00,0x00,
0x00,0x00,0x00,0x00,0x00,0x00,0x00,0x00,0x00,0x00,0x00,0x00,0x00,0x00,0x00,0x00,
0x00,0x00,0x00,0x00,0x00,0x00,0x00,0x00,0x00,

/*--  文字:  K  --*/
/*--  微软雅黑48;  此字体下对应的点阵为：宽x高=19x83   --*/
/*--  宽度不是8的倍数，现调整为：宽度x高度=24x83  --*/
0x00,0x00,0x00,0x00,0x00,0x00,0x00,0x00,0x00,0x00,0x00,0x00,0x00,0x00,0x00,0x00,
0x00,0x00,0x00,0x00,0x00,0x00,0x00,0x00,0x00,0x00,0x00,0x00,0x00,0x00,0x00,0x00,
0x00,0x00,0x00,0x00,0x00,0x00,0x00,0x00,0x00,0x00,0x00,0x00,0x00,0x00,0x00,0x00,
0x00,0x00,0x00,0x03,0xF8,0x00,0x07,0xF8,0x00,0x07,0xF8,0x00,0x07,0xF8,0x00,0x07,
0xF8,0x00,0x07,0xF8,0x00,0x07,0xF8,0x00,0x07,0xF8,0x00,0x07,0xF8,0x00,0x07,0xF8,
0x00,0x07,0xF8,0x00,0x07,0xF8,0x00,0x07,0xF8,0x00,0x07,0xF8,0x00,0x07,0xF8,0x00,
0x07,0xF8,0x20,0x07,0xF8,0x60,0x07,0xF8,0x60,0x07,0xF8,0xE0,0x07,0xF9,0xE0,0x07,
0xFB,0xE0,0x07,0xFF,0xE0,0x07,0xFF,0xE0,0x07,0xFF,0xE0,0x07,0xFF,0xE0,0x07,0xFF,
0xE0,0x07,0xFF,0xE0,0x07,0xFB,0xE0,0x07,0xFB,0xE0,0x07,0xF9,0xE0,0x07,0xF8,0xE0,
0x07,0xF8,0x60,0x07,0xF8,0x20,0x07,0xF8,0x00,0x07,0xF8,0x00,0x07,0xF8,0x00,0x07,
0xF8,0x00,0x07,0xF8,0x00,0x07,0xF8,0x00,0x07,0xF8,0x00,0x07,0xF8,0x00,0x07,0xF8,
0x00,0x07,0xF8,0x00,0x07,0xF8,0x00,0x07,0xF8,0x00,0x07,0xF8,0x00,0x07,0xF8,0x00,
0x07,0xF8,0x00,0x07,0xF8,0x00,0x00,0x00,0x00,0x00,0x00,0x00,0x00,0x00,0x00,0x00,
0x00,0x00,0x00,0x00,0x00,0x00,0x00,0x00,0x00,0x00,0x00,0x00,0x00,0x00,0x00,0x00,
0x00,0x00,0x00,0x00,0x00,0x00,0x00,0x00,0x00,0x00,0x00,0x00,0x00,0x00,0x00,0x00,
0x00,0x00,0x00,0x00,0x00,0x00,0x00,0x00,0x00,

/*--  文字:  L  --*/
/*--  微软雅黑48;  此字体下对应的点阵为：宽x高=19x83   --*/
/*--  宽度不是8的倍数，现调整为：宽度x高度=24x83  --*/
0x00,0x00,0x00,0x00,0x00,0x00,0x00,0x00,0x00,0x00,0x00,0x00,0x00,0x00,0x00,0x00,
0x00,0x00,0x00,0x00,0x00,0x00,0x00,0x00,0x00,0x00,0x00,0x00,0x00,0x00,0x00,0x00,
0x00,0x00,0x00,0x00,0x00,0x00,0x00,0x00,0x00,0x00,0x00,0x00,0x00,0x00,0x00,0x00,
0x00,0x00,0x00,0x03,0xF8,0x00,0x07,0xF8,0x00,0x07,0xF8,0x00,0x07,0xF8,0x00,0x07,
0xF8,0x00,0x07,0xF8,0x00,0x07,0xF8,0x00,0x07,0xF8,0x00,0x07,0xF8,0x00,0x07,0xF8,
0x00,0x07,0xF8,0x00,0x07,0xF8,0x00,0x07,0xF8,0x00,0x07,0xF8,0x00,0x07,0xF8,0x00,
0x07,0xF8,0x00,0x07,0xF8,0x00,0x07,0xF8,0x00,0x07,0xF8,0x00,0x07,0xF8,0x00,0x07,
0xF8,0x00,0x07,0xF8,0x00,0x07,0xF8,0x00,0x07,0xF8,0x00,0x07,0xF8,0x00,0x07,0xF8,
0x00,0x07,0xF8,0x00,0x07,0xF8,0x00,0x07,0xF8,0x00,0x07,0xF8,0x00,0x07,0xF8,0x00,
0x07,0xF8,0x00,0x07,0xF8,0x00,0x07,0xF8,0x00,0x07,0xF8,0x00,0x07,0xF8,0x00,0x07,
0xF8,0x00,0x07,0xF8,0x00,0x07,0xF8,0x00,0x07,0xF8,0x00,0x07,0xF8,0x00,0x07,0xF8,
0x00,0x07,0xF8,0x00,0x07,0xFF,0xE0,0x07,0xFF,0xE0,0x07,0xFF,0xE0,0x07,0xFF,0xE0,
0x07,0xFF,0xE0,0x07,0xFF,0xE0,0x00,0x00,0x00,0x00,0x00,0x00,0x00,0x00,0x00,0x00,
0x00,0x00,0x00,0x00,0x00,0x00,0x00,0x00,0x00,0x00,0x00,0x00,0x00,0x00,0x00,0x00,
0x00,0x00,0x00,0x00,0x00,0x00,0x00,0x00,0x00,0x00,0x00,0x00,0x00,0x00,0x00,0x00,
0x00,0x00,0x00,0x00,0x00,0x00,0x00,0x00,0x00,

/*--  文字:  M  --*/
/*--  微软雅黑48;  此字体下对应的点阵为：宽x高=19x83   --*/
/*--  宽度不是8的倍数，现调整为：宽度x高度=24x83  --*/
0x00,0x00,0x00,0x00,0x00,0x00,0x00,0x00,0x00,0x00,0x00,0x00,0x00,0x00,0x00,0x00,
0x00,0x00,0x00,0x00,0x00,0x00,0x00,0x00,0x00,0x00,0x00,0x00,0x00,0x00,0x00,0x00,
0x00,0x00,0x00,0x00,0x00,0x00,0x00,0x00,0x00,0x00,0x00,0x00,0x00,0x00,0x00,0x00,
0x00,0x00,0x00,0x03,0xFE,0x00,0x07,0xFF,0x00,0x07,0xFF,0x00,0x07,0xFF,0x80,0x07,
0xFF,0x80,0x07,0xFF,0xC0,0x07,0xFF,0xC0,0x07,0xFF,0xC0,0x07,0xFF,0xE0,0x07,0xFF,
0xE0,0x07,0xFF,0xE0,0x07,0xFF,0xE0,0x07,0xFF,0xE0,0x07,0xFF,0xE0,0x07,0xFB,0xE0,
0x07,0xFB,0xE0,0x07,0xF9,0xE0,0x07,0xF9,0xE0,0x07,0xF9,0xE0,0x07,0xF8,0xE0,0x07,
0xF8,0xE0,0x07,0xF8,0x60,0x07,0xF8,0x60,0x07,0xF8,0x20,0x07,0xF8,0x20,0x07,0xF8,
0x20,0x07,0xF8,0x00,0x07,0xF8,0x00,0x07,0xF8,0x00,0x07,0xF8,0x00,0x07,0xF8,0x00,
0x07,0xF8,0x00,0x07,0xF8,0x00,0x07,0xF8,0x00,0x07,0xF8,0x00,0x07,0xF8,0x00,0x07,
0xF8,0x00,0x07,0xF8,0x00,0x07,0xF8,0x00,0x07,0xF8,0x00,0x07,0xF8,0x00,0x07,0xF8,
0x00,0x07,0xF8,0x00,0x07,0xF8,0x00,0x07,0xF8,0x00,0x07,0xF8,0x00,0x07,0xF8,0x00,
0x07,0xF8,0x00,0x07,0xF8,0x00,0x00,0x00,0x00,0x00,0x00,0x00,0x00,0x00,0x00,0x00,
0x00,0x00,0x00,0x00,0x00,0x00,0x00,0x00,0x00,0x00,0x00,0x00,0x00,0x00,0x00,0x00,
0x00,0x00,0x00,0x00,0x00,0x00,0x00,0x00,0x00,0x00,0x00,0x00,0x00,0x00,0x00,0x00,
0x00,0x00,0x00,0x00,0x00,0x00,0x00,0x00,0x00,

/*--  文字:  N  --*/
/*--  微软雅黑48;  此字体下对应的点阵为：宽x高=19x83   --*/
/*--  宽度不是8的倍数，现调整为：宽度x高度=24x83  --*/
0x00,0x00,0x00,0x00,0x00,0x00,0x00,0x00,0x00,0x00,0x00,0x00,0x00,0x00,0x00,0x00,
0x00,0x00,0x00,0x00,0x00,0x00,0x00,0x00,0x00,0x00,0x00,0x00,0x00,0x00,0x00,0x00,
0x00,0x00,0x00,0x00,0x00,0x00,0x00,0x00,0x00,0x00,0x00,0x00,0x00,0x00,0x00,0x00,
0x00,0x00,0x00,0x03,0xFE,0x00,0x07,0xFE,0x00,0x07,0xFF,0x00,0x07,0xFF,0x80,0x07,
0xFF,0x80,0x07,0xFF,0xC0,0x07,0xFF,0xE0,0x07,0xFF,0xE0,0x07,0xFF,0xE0,0x07,0xFF,
0xE0,0x07,0xFF,0xE0,0x07,0xFF,0xE0,0x07,0xFB,0xE0,0x07,0xF9,0xE0,0x07,0xF9,0xE0,
0x07,0xF8,0xE0,0x07,0xF8,0x60,0x07,0xF8,0x60,0x07,0xF8,0x20,0x07,0xF8,0x00,0x07,
0xF8,0x00,0x07,0xF8,0x00,0x07,0xF8,0x00,0x07,0xF8,0x00,0x07,0xF8,0x00,0x07,0xF8,
0x00,0x07,0xF8,0x00,0x07,0xF8,0x00,0x07,0xF8,0x00,0x07,0xF8,0x00,0x07,0xF8,0x00,
0x07,0xF8,0x00,0x07,0xF8,0x00,0x07,0xF8,0x00,0x07,0xF8,0x00,0x07,0xF8,0x00,0x07,
0xF8,0x00,0x07,0xF8,0x00,0x07,0xF8,0x00,0x07,0xF8,0x00,0x07,0xF8,0x00,0x07,0xF8,
0x00,0x07,0xF8,0x00,0x07,0xF8,0x00,0x07,0xF8,0x00,0x07,0xF8,0x00,0x07,0xF8,0x00,
0x07,0xF8,0x00,0x07,0xF8,0x00,0x00,0x00,0x00,0x00,0x00,0x00,0x00,0x00,0x00,0x00,
0x00,0x00,0x00,0x00,0x00,0x00,0x00,0x00,0x00,0x00,0x00,0x00,0x00,0x00,0x00,0x00,
0x00,0x00,0x00,0x00,0x00,0x00,0x00,0x00,0x00,0x00,0x00,0x00,0x00,0x00,0x00,0x00,
0x00,0x00,0x00,0x00,0x00,0x00,0x00,0x00,0x00,

/*--  文字:  O  --*/
/*--  微软雅黑48;  此字体下对应的点阵为：宽x高=19x83   --*/
/*--  宽度不是8的倍数，现调整为：宽度x高度=24x83  --*/
0x00,0x00,0x00,0x00,0x00,0x00,0x00,0x00,0x00,0x00,0x00,0x00,0x00,0x00,0x00,0x00,
0x00,0x00,0x00,0x00,0x00,0x00,0x00,0x00,0x00,0x00,0x00,0x00,0x00,0x00,0x00,0x00,
0x00,0x00,0x00,0x00,0x00,0x00,0x00,0x00,0x00,0x00,0x00,0x00,0x00,0x00,0x00,0x00,
0x00,0x00,0x00,0x00,0x00,0x00,0x00,0x00,0xE0,0x00,0x03,0xE0,0x00,0x0F,0xE0,0x00,
0x1F,0xE0,0x00,0x3F,0xE0,0x00,0x7F,0xE0,0x00,0xFF,0xE0,0x01,0xFF,0xC0,0x01,0xFF,
0x00,0x03,0xFE,0x00,0x07,0xFC,0x00,0x07,0xFC,0x00,0x0F,0xF8,0x00,0x0F,0xF8,0x00,
0x0F,0xF0,0x00,0x1F,0xF0,0x00,0x1F,0xE0,0x00,0x1F,0xE0,0x00,0x1F,0xE0,0x00,0x1F,
0xE0,0x00,0x1F,0xE0,0x00,0x3F,0xE0,0x00,0x3F,0xC0,0x00,0x3F,0xC0,0x00,0x3F,0xC0,
0x00,0x3F,0xC0,0x00,0x3F,0xE0,0x00,0x1F,0xE0,0x00,0x1F,0xE0,0x00,0x1F,0xE0,0x00,
0x1F,0xE0,0x00,0x1F,0xE0,0x00,0x1F,0xF0,0x00,0x0F,0xF0,0x00,0x0F,0xF8,0x00,0x0F,
0xF8,0x00,0x07,0xFC,0x00,0x07,0xFE,0x00,0x03,0xFE,0x00,0x01,0xFF,0x80,0x01,0xFF,
0xC0,0x00,0xFF,0xE0,0x00,0x7F,0xE0,0x00,0x3F,0xE0,0x00,0x1F,0xE0,0x00,0x0F,0xE0,
0x00,0x03,0xE0,0x00,0x00,0xE0,0x00,0x00,0x00,0x00,0x00,0x00,0x00,0x00,0x00,0x00,
0x00,0x00,0x00,0x00,0x00,0x00,0x00,0x00,0x00,0x00,0x00,0x00,0x00,0x00,0x00,0x00,
0x00,0x00,0x00,0x00,0x00,0x00,0x00,0x00,0x00,0x00,0x00,0x00,0x00,0x00,0x00,0x00,
0x00,0x00,0x00,0x00,0x00,0x00,0x00,0x00,0x00,

/*--  文字:  P  --*/
/*--  微软雅黑48;  此字体下对应的点阵为：宽x高=19x83   --*/
/*--  宽度不是8的倍数，现调整为：宽度x高度=24x83  --*/
0x00,0x00,0x00,0x00,0x00,0x00,0x00,0x00,0x00,0x00,0x00,0x00,0x00,0x00,0x00,0x00,
0x00,0x00,0x00,0x00,0x00,0x00,0x00,0x00,0x00,0x00,0x00,0x00,0x00,0x00,0x00,0x00,
0x00,0x00,0x00,0x00,0x00,0x00,0x00,0x00,0x00,0x00,0x00,0x00,0x00,0x00,0x00,0x00,
0x00,0x00,0x00,0x03,0xFF,0xE0,0x07,0xFF,0xE0,0x07,0xFF,0xE0,0x07,0xFF,0xE0,0x07,
0xFF,0xE0,0x07,0xFF,0xE0,0x07,0xF8,0x00,0x07,0xF8,0x00,0x07,0xF8,0x00,0x07,0xF8,
0x00,0x07,0xF8,0x00,0x07,0xF8,0x00,0x07,0xF8,0x00,0x07,0xF8,0x00,0x07,0xF8,0x00,
0x07,0xF8,0x00,0x07,0xF8,0x00,0x07,0xF8,0x00,0x07,0xF8,0x00,0x07,0xF8,0x00,0x07,
0xF8,0x00,0x07,0xF8,0x00,0x07,0xF8,0x00,0x07,0xF8,0x00,0x07,0xF8,0x00,0x07,0xFF,
0xE0,0x07,0xFF,0xE0,0x07,0xFF,0xE0,0x07,0xFF,0xE0,0x07,0xFF,0xE0,0x07,0xFF,0xE0,
0x07,0xF8,0x00,0x07,0xF8,0x00,0x07,0xF8,0x00,0x07,0xF8,0x00,0x07,0xF8,0x00,0x07,
0xF8,0x00,0x07,0xF8,0x00,0x07,0xF8,0x00,0x07,0xF8,0x00,0x07,0xF8,0x00,0x07,0xF8,
0x00,0x07,0xF8,0x00,0x07,0xF8,0x00,0x07,0xF8,0x00,0x07,0xF8,0x00,0x07,0xF8,0x00,
0x07,0xF8,0x00,0x07,0xF8,0x00,0x00,0x00,0x00,0x00,0x00,0x00,0x00,0x00,0x00,0x00,
0x00,0x00,0x00,0x00,0x00,0x00,0x00,0x00,0x00,0x00,0x00,0x00,0x00,0x00,0x00,0x00,
0x00,0x00,0x00,0x00,0x00,0x00,0x00,0x00,0x00,0x00,0x00,0x00,0x00,0x00,0x00,0x00,
0x00,0x00,0x00,0x00,0x00,0x00,0x00,0x00,0x00,

/*--  文字:  Q  --*/
/*--  微软雅黑48;  此字体下对应的点阵为：宽x高=19x83   --*/
/*--  宽度不是8的倍数，现调整为：宽度x高度=24x83  --*/
0x00,0x00,0x00,0x00,0x00,0x00,0x00,0x00,0x00,0x00,0x00,0x00,0x00,0x00,0x00,0x00,
0x00,0x00,0x00,0x00,0x00,0x00,0x00,0x00,0x00,0x00,0x00,0x00,0x00,0x00,0x00,0x00,
0x00,0x00,0x00,0x00,0x00,0x00,0x00,0x00,0x00,0x00,0x00,0x00,0x00,0x00,0x00,0x00,
0x00,0x00,0x00,0x00,0x00,0x00,0x00,0x00,0xE0,0x00,0x03,0xE0,0x00,0x0F,0xE0,0x00,
0x1F,0xE0,0x00,0x3F,0xE0,0x00,0x7F,0xE0,0x00,0xFF,0xE0,0x01,0xFF,0xC0,0x01,0xFF,
0x00,0x03,0xFE,0x00,0x07,0xFC,0x00,0x07,0xFC,0x00,0x0F,0xF8,0x00,0x0F,0xF8,0x00,
0x0F,0xF0,0x00,0x1F,0xF0,0x00,0x1F,0xE0,0x00,0x1F,0xE0,0x00,0x1F,0xE0,0x00,0x1F,
0xE0,0x00,0x1F,0xE0,0x00,0x3F,0xE0,0x00,0x3F,0xC0,0x00,0x3F,0xC0,0x00,0x3F,0xC0,
0x00,0x3F,0xC0,0x00,0x3F,0xE0,0x00,0x1F,0xE0,0x00,0x1F,0xE0,0x00,0x1F,0xE0,0x00,
0x1F,0xE0,0x00,0x1F,0xE0,0x00,0x1F,0xF0,0x00,0x0F,0xF0,0x00,0x0F,0xF8,0x00,0x0F,
0xF8,0x00,0x07,0xFC,0x00,0x07,0xFE,0x00,0x03,0xFE,0x00,0x01,0xFF,0x80,0x01,0xFF,
0xC0,0x00,0xFF,0xE0,0x00,0x7F,0xE0,0x00,0x3F,0xE0,0x00,0x1F,0xE0,0x00,0x0F,0xE0,
0x00,0x03,0xE0,0x00,0x00,0xE0,0x00,0x00,0x00,0x00,0x00,0x00,0x00,0x00,0x00,0x00,
0x00,0x00,0x00,0x00,0x00,0x00,0x00,0x00,0x00,0x00,0x00,0x00,0x00,0x00,0x00,0x00,
0x00,0x00,0x00,0x00,0x00,0x00,0x00,0x00,0x00,0x00,0x00,0x00,0x00,0x00,0x00,0x00,
0x00,0x00,0x00,0x00,0x00,0x00,0x00,0x00,0x00,

/*--  文字:  R  --*/
/*--  微软雅黑48;  此字体下对应的点阵为：宽x高=19x83   --*/
/*--  宽度不是8的倍数，现调整为：宽度x高度=24x83  --*/
0x00,0x00,0x00,0x00,0x00,0x00,0x00,0x00,0x00,0x00,0x00,0x00,0x00,0x00,0x00,0x00,
0x00,0x00,0x00,0x00,0x00,0x00,0x00,0x00,0x00,0x00,0x00,0x00,0x00,0x00,0x00,0x00,
0x00,0x00,0x00,0x00,0x00,0x00,0x00,0x00,0x00,0x00,0x00,0x00,0x00,0x00,0x00,0x00,
0x00,0x00,0x00,0x03,0xFF,0xE0,0x07,0xFF,0xE0,0x07,0xFF,0xE0,0x07,0xFF,0xE0,0x07,
0xFF,0xE0,0x07,0xFF,0xE0,0x07,0xF8,0x00,0x07,0xF8,0x00,0x07,0xF8,0x00,0x07,0xF8,
0x00,0x07,0xF8,0x00,0x07,0xF8,0x00,0x07,0xF8,0x00,0x07,0xF8,0x00,0x07,0xF8,0x00,
0x07,0xF8,0x00,0x07,0xF8,0x00,0x07,0xF8,0x00,0x07,0xF8,0x00,0x07,0xF8,0x00,0x07,
0xF8,0x00,0x07,0xF8,0x00,0x07,0xF8,0x00,0x07,0xFF,0xE0,0x07,0xFF,0xE0,0x07,0xFF,
0xE0,0x07,0xFF,0xE0,0x07,0xFF,0xE0,0x07,0xFF,0xE0,0x07,0xF8,0x00,0x07,0xF8,0x00,
0x07,0xF8,0x00,0x07,0xF8,0x00,0x07,0xF8,0x00,0x07,0xF8,0x00,0x07,0xF8,0x00,0x07,
0xF8,0x00,0x07,0xF8,0x00,0x07,0xF8,0x00,0x07,0xF8,0x00,0x07,0xF8,0x00,0x07,0xF8,
0x00,0x07,0xF8,0x00,0x07,0xF8,0x00,0x07,0xF8,0x00,0x07,0xF8,0x00,0x07,0xF8,0x00,
0x07,0xF8,0x00,0x07,0xF8,0x00,0x00,0x00,0x00,0x00,0x00,0x00,0x00,0x00,0x00,0x00,
0x00,0x00,0x00,0x00,0x00,0x00,0x00,0x00,0x00,0x00,0x00,0x00,0x00,0x00,0x00,0x00,
0x00,0x00,0x00,0x00,0x00,0x00,0x00,0x00,0x00,0x00,0x00,0x00,0x00,0x00,0x00,0x00,
0x00,0x00,0x00,0x00,0x00,0x00,0x00,0x00,0x00,

/*--  文字:  S  --*/
/*--  微软雅黑48;  此字体下对应的点阵为：宽x高=19x83   --*/
/*--  宽度不是8的倍数，现调整为：宽度x高度=24x83  --*/
0x00,0x00,0x00,0x00,0x00,0x00,0x00,0x00,0x00,0x00,0x00,0x00,0x00,0x00,0x00,0x00,
0x00,0x00,0x00,0x00,0x00,0x00,0x00,0x00,0x00,0x00,0x00,0x00,0x00,0x00,0x00,0x00,
0x00,0x00,0x00,0x00,0x00,0x00,0x00,0x00,0x00,0x00,0x00,0x00,0x00,0x00,0x00,0x00,
0x00,0x00,0x20,0x00,0x07,0xE0,0x00,0x1F,0xE0,0x00,0x7F,0xE0,0x00,0xFF,0xE0,0x01,
0xFF,0xE0,0x03,0xFF,0xE0,0x07,0xFF,0x00,0x0F,0xFC,0x00,0x0F,0xF8,0x00,0x0F,0xF0,
0x00,0x1F,0xF0,0x00,0x1F,0xE0,0x00,0x1F,0xE0,0x00,0x1F,0xE0,0x00,0x1F,0xF0,0x00,
0x0F,0xF0,0x00,0x0F,0xF8,0x00,0x0F,0xFC,0x00,0x07,0xFE,0x00,0x07,0xFF,0x80,0x03,
0xFF,0xE0,0x01,0xFF,0xE0,0x00,0xFF,0xE0,0x00,0x7F,0xE0,0x00,0x1F,0xE0,0x00,0x0F,
0xE0,0x00,0x03,0xE0,0x00,0x00,0xE0,0x00,0x00,0x20,0x00,0x00,0x00,0x00,0x00,0x00,
0x00,0x00,0x00,0x00,0x00,0x00,0x00,0x00,0x00,0x00,0x00,0x00,0x00,0x00,0x00,0x00,
0x00,0x00,0x00,0x00,0x00,0x00,0x00,0x00,0x00,0x00,0x00,0x1C,0x00,0x00,0x1E,0x00,
0x00,0x1F,0xC0,0x00,0x1F,0xF8,0x00,0x1F,0xFF,0xE0,0x1F,0xFF,0xE0,0x1F,0xFF,0xE0,
0x0F,0xFF,0xE0,0x03,0xFF,0xE0,0x00,0x3F,0xE0,0x00,0x00,0x00,0x00,0x00,0x00,0x00,
0x00,0x00,0x00,0x00,0x00,0x00,0x00,0x00,0x00,0x00,0x00,0x00,0x00,0x00,0x00,0x00,
0x00,0x00,0x00,0x00,0x00,0x00,0x00,0x00,0x00,0x00,0x00,0x00,0x00,0x00,0x00,0x00,
0x00,0x00,0x00,0x00,0x00,0x00,0x00,0x00,0x00,

/*--  文字:  T  --*/
/*--  微软雅黑48;  此字体下对应的点阵为：宽x高=19x83   --*/
/*--  宽度不是8的倍数，现调整为：宽度x高度=24x83  --*/
0x00,0x00,0x00,0x00,0x00,0x00,0x00,0x00,0x00,0x00,0x00,0x00,0x00,0x00,0x00,0x00,
0x00,0x00,0x00,0x00,0x00,0x00,0x00,0x00,0x00,0x00,0x00,0x00,0x00,0x00,0x00,0x00,
0x00,0x00,0x00,0x00,0x00,0x00,0x00,0x00,0x00,0x00,0x00,0x00,0x00,0x00,0x00,0x00,
0x00,0x00,0x00,0x7F,0xFF,0xE0,0x7F,0xFF,0xE0,0x7F,0xFF,0xE0,0x7F,0xFF,0xE0,0x7F,
0xFF,0xE0,0x7F,0xFF,0xE0,0x7F,0xFF,0xE0,0x00,0x03,0xE0,0x00,0x03,0xE0,0x00,0x03,
0xE0,0x00,0x03,0xE0,0x00,0x03,0xE0,0x00,0x03,0xE0,0x00,0x03,0xE0,0x00,0x03,0xE0,
0x00,0x03,0xE0,0x00,0x03,0xE0,0x00,0x03,0xE0,0x00,0x03,0xE0,0x00,0x03,0xE0,0x00,
0x03,0xE0,0x00,0x03,0xE0,0x00,0x03,0xE0,0x00,0x03,0xE0,0x00,0x03,0xE0,0x00,0x03,
0xE0,0x00,0x03,0xE0,0x00,0x03,0xE0,0x00,0x03,0xE0,0x00,0x03,0xE0,0x00,0x03,0xE0,
0x00,0x03,0xE0,0x00,0x03,0xE0,0x00,0x03,0xE0,0x00,0x03,0xE0,0x00,0x03,0xE0,0x00,
0x03,0xE0,0x00,0x03,0xE0,0x00,0x03,0xE0,0x00,0x03,0xE0,0x00,0x03,0xE0,0x00,0x03,
0xE0,0x00,0x03,0xE0,0x00,0x03,0xE0,0x00,0x03,0xE0,0x00,0x03,0xE0,0x00,0x03,0xE0,
0x00,0x03,0xE0,0x00,0x03,0xE0,0x00,0x00,0x00,0x00,0x00,0x00,0x00,0x00,0x00,0x00,
0x00,0x00,0x00,0x00,0x00,0x00,0x00,0x00,0x00,0x00,0x00,0x00,0x00,0x00,0x00,0x00,
0x00,0x00,0x00,0x00,0x00,0x00,0x00,0x00,0x00,0x00,0x00,0x00,0x00,0x00,0x00,0x00,
0x00,0x00,0x00,0x00,0x00,0x00,0x00,0x00,0x00,

/*--  文字:  U  --*/
/*--  微软雅黑48;  此字体下对应的点阵为：宽x高=19x83   --*/
/*--  宽度不是8的倍数，现调整为：宽度x高度=24x83  --*/
0x00,0x00,0x00,0x00,0x00,0x00,0x00,0x00,0x00,0x00,0x00,0x00,0x00,0x00,0x00,0x00,
0x00,0x00,0x00,0x00,0x00,0x00,0x00,0x00,0x00,0x00,0x00,0x00,0x00,0x00,0x00,0x00,
0x00,0x00,0x00,0x00,0x00,0x00,0x00,0x00,0x00,0x00,0x00,0x00,0x00,0x00,0x00,0x00,
0x00,0x00,0x00,0x07,0xF0,0x00,0x07,0xF8,0x00,0x07,0xF8,0x00,0x07,0xF8,0x00,0x07,
0xF8,0x00,0x07,0xF8,0x00,0x07,0xF8,0x00,0x07,0xF8,0x00,0x07,0xF8,0x00,0x07,0xF8,
0x00,0x07,0xF8,0x00,0x07,0xF8,0x00,0x07,0xF8,0x00,0x07,0xF8,0x00,0x07,0xF8,0x00,
0x07,0xF8,0x00,0x07,0xF8,0x00,0x07,0xF8,0x00,0x07,0xF8,0x00,0x07,0xF8,0x00,0x07,
0xF8,0x00,0x07,0xF8,0x00,0x07,0xF8,0x00,0x07,0xF8,0x00,0x07,0xF8,0x00,0x07,0xF8,
0x00,0x07,0xF8,0x00,0x07,0xF8,0x00,0x07,0xF8,0x00,0x07,0xF8,0x00,0x07,0xF8,0x00,
0x07,0xF8,0x00,0x07,0xF8,0x00,0x07,0xF8,0x00,0x07,0xF8,0x00,0x07,0xF8,0x00,0x07,
0xFC,0x00,0x03,0xFC,0x00,0x03,0xFC,0x00,0x03,0xFE,0x00,0x01,0xFF,0x00,0x01,0xFF,
0x80,0x00,0xFF,0xC0,0x00,0xFF,0xE0,0x00,0x7F,0xE0,0x00,0x3F,0xE0,0x00,0x1F,0xE0,
0x00,0x0F,0xE0,0x00,0x03,0xE0,0x00,0x00,0x60,0x00,0x00,0x00,0x00,0x00,0x00,0x00,
0x00,0x00,0x00,0x00,0x00,0x00,0x00,0x00,0x00,0x00,0x00,0x00,0x00,0x00,0x00,0x00,
0x00,0x00,0x00,0x00,0x00,0x00,0x00,0x00,0x00,0x00,0x00,0x00,0x00,0x00,0x00,0x00,
0x00,0x00,0x00,0x00,0x00,0x00,0x00,0x00,0x00,

/*--  文字:  V  --*/
/*--  微软雅黑48;  此字体下对应的点阵为：宽x高=19x83   --*/
/*--  宽度不是8的倍数，现调整为：宽度x高度=24x83  --*/
0x00,0x00,0x00,0x00,0x00,0x00,0x00,0x00,0x00,0x00,0x00,0x00,0x00,0x00,0x00,0x00,
0x00,0x00,0x00,0x00,0x00,0x00,0x00,0x00,0x00,0x00,0x00,0x00,0x00,0x00,0x00,0x00,
0x00,0x00,0x00,0x00,0x00,0x00,0x00,0x00,0x00,0x00,0x00,0x00,0x00,0x00,0x00,0x00,
0x00,0x00,0x00,0xFF,0x00,0x00,0xFF,0x80,0x00,0xFF,0x80,0x00,0x7F,0x80,0x00,0x7F,
0xC0,0x00,0x3F,0xC0,0x00,0x3F,0xC0,0x00,0x3F,0xE0,0x00,0x1F,0xE0,0x00,0x1F,0xE0,
0x00,0x1F,0xF0,0x00,0x0F,0xF0,0x00,0x0F,0xF0,0x00,0x0F,0xF8,0x00,0x07,0xF8,0x00,
0x07,0xF8,0x00,0x03,0xFC,0x00,0x03,0xFC,0x00,0x03,0xFC,0x00,0x01,0xFE,0x00,0x01,
0xFE,0x00,0x01,0xFE,0x00,0x00,0xFF,0x00,0x00,0xFF,0x00,0x00,0xFF,0x00,0x00,0x7F,
0x80,0x00,0x7F,0x80,0x00,0x3F,0xC0,0x00,0x3F,0xC0,0x00,0x3F,0xC0,0x00,0x1F,0xE0,
0x00,0x1F,0xE0,0x00,0x1F,0xE0,0x00,0x0F,0xE0,0x00,0x0F,0xE0,0x00,0x0F,0xE0,0x00,
0x07,0xE0,0x00,0x07,0xE0,0x00,0x07,0xE0,0x00,0x03,0xE0,0x00,0x03,0xE0,0x00,0x01,
0xE0,0x00,0x01,0xE0,0x00,0x01,0xE0,0x00,0x00,0xE0,0x00,0x00,0xE0,0x00,0x00,0xE0,
0x00,0x00,0x60,0x00,0x00,0x60,0x00,0x00,0x00,0x00,0x00,0x00,0x00,0x00,0x00,0x00,
0x00,0x00,0x00,0x00,0x00,0x00,0x00,0x00,0x00,0x00,0x00,0x00,0x00,0x00,0x00,0x00,
0x00,0x00,0x00,0x00,0x00,0x00,0x00,0x00,0x00,0x00,0x00,0x00,0x00,0x00,0x00,0x00,
0x00,0x00,0x00,0x00,0x00,0x00,0x00,0x00,0x00,

/*--  文字:  W  --*/
/*--  微软雅黑48;  此字体下对应的点阵为：宽x高=19x83   --*/
/*--  宽度不是8的倍数，现调整为：宽度x高度=24x83  --*/
0x00,0x00,0x00,0x00,0x00,0x00,0x00,0x00,0x00,0x00,0x00,0x00,0x00,0x00,0x00,0x00,
0x00,0x00,0x00,0x00,0x00,0x00,0x00,0x00,0x00,0x00,0x00,0x00,0x00,0x00,0x00,0x00,
0x00,0x00,0x00,0x00,0x00,0x00,0x00,0x00,0x00,0x00,0x00,0x00,0x00,0x00,0x00,0x00,
0x00,0x00,0x00,0xFF,0x00,0x00,0xFF,0x80,0x00,0x7F,0x80,0x00,0x7F,0x80,0x00,0x7F,
0xC0,0x00,0x3F,0xC0,0x00,0x3F,0xC0,0x00,0x3F,0xC0,0x00,0x3F,0xE0,0x00,0x1F,0xE0,
0x00,0x1F,0xE0,0x00,0x1F,0xE0,0x00,0x0F,0xF0,0x00,0x0F,0xF0,0x00,0x0F,0xF0,0x00,
0x0F,0xF8,0x00,0x07,0xF8,0x00,0x07,0xF8,0x00,0x07,0xF8,0x00,0x03,0xFC,0x00,0x03,
0xFC,0x00,0x03,0xFC,0x00,0x03,0xFC,0x00,0x01,0xFE,0x00,0x01,0xFE,0x00,0x01,0xFE,
0x00,0x00,0xFE,0x00,0x00,0xFF,0x00,0x00,0xFF,0x00,0x00,0xFF,0x00,0x00,0x7F,0x80,
0x00,0x7F,0x80,0x00,0x7F,0x80,0x00,0x3F,0x80,0x00,0x3F,0xC0,0x00,0x3F,0xC0,0x00,
0x1F,0xC0,0x00,0x1F,0xC0,0x00,0x1F,0xE0,0x00,0x1F,0xE0,0x00,0x0F,0xE0,0x00,0x0F,
0xE0,0x00,0x0F,0xE0,0x00,0x07,0xE0,0x00,0x07,0xE0,0x00,0x07,0xE0,0x00,0x07,0xE0,
0x00,0x03,0xE0,0x00,0x03,0xE0,0x00,0x00,0x00,0x00,0x00,0x00,0x00,0x00,0x00,0x00,
0x00,0x00,0x00,0x00,0x00,0x00,0x00,0x00,0x00,0x00,0x00,0x00,0x00,0x00,0x00,0x00,
0x00,0x00,0x00,0x00,0x00,0x00,0x00,0x00,0x00,0x00,0x00,0x00,0x00,0x00,0x00,0x00,
0x00,0x00,0x00,0x00,0x00,0x00,0x00,0x00,0x00,

/*--  文字:  X  --*/
/*--  微软雅黑48;  此字体下对应的点阵为：宽x高=19x83   --*/
/*--  宽度不是8的倍数，现调整为：宽度x高度=24x83  --*/
0x00,0x00,0x00,0x00,0x00,0x00,0x00,0x00,0x00,0x00,0x00,0x00,0x00,0x00,0x00,0x00,
0x00,0x00,0x00,0x00,0x00,0x00,0x00,0x00,0x00,0x00,0x00,0x00,0x00,0x00,0x00,0x00,
0x00,0x00,0x00,0x00,0x00,0x00,0x00,0x00,0x00,0x00,0x00,0x00,0x00,0x00,0x00,0x00,
0x00,0x00,0x00,0x3F,0xC0,0x00,0x3F,0xE0,0x00,0x1F,0xF0,0x00,0x1F,0xF0,0x00,0x0F,
0xF8,0x00,0x0F,0xF8,0x00,0x07,0xFC,0x00,0x03,0xFC,0x00,0x03,0xFE,0x00,0x01,0xFF,
0x00,0x01,0xFF,0x00,0x00,0xFF,0x80,0x00,0x7F,0x80,0x00,0x7F,0xC0,0x00,0x3F,0xC0,
0x00,0x1F,0xE0,0x00,0x1F,0xE0,0x00,0x0F,0xE0,0x00,0x0F,0xE0,0x00,0x07,0xE0,0x00,
0x03,0xE0,0x00,0x03,0xE0,0x00,0x01,0xE0,0x00,0x01,0xE0,0x00,0x00,0xE0,0x00,0x00,
0xE0,0x00,0x01,0xE0,0x00,0x03,0xE0,0x00,0x03,0xE0,0x00,0x07,0xE0,0x00,0x0F,0xE0,
0x00,0x0F,0xE0,0x00,0x1F,0xE0,0x00,0x3F,0xE0,0x00,0x3F,0xC0,0x00,0x7F,0x80,0x00,
0xFF,0x80,0x00,0xFF,0x00,0x01,0xFF,0x00,0x03,0xFE,0x00,0x03,0xFC,0x00,0x07,0xFC,
0x00,0x0F,0xF8,0x00,0x0F,0xF8,0x00,0x1F,0xF0,0x00,0x3F,0xE0,0x00,0x3F,0xE0,0x00,
0x7F,0xC0,0x00,0xFF,0x80,0x00,0x00,0x00,0x00,0x00,0x00,0x00,0x00,0x00,0x00,0x00,
0x00,0x00,0x00,0x00,0x00,0x00,0x00,0x00,0x00,0x00,0x00,0x00,0x00,0x00,0x00,0x00,
0x00,0x00,0x00,0x00,0x00,0x00,0x00,0x00,0x00,0x00,0x00,0x00,0x00,0x00,0x00,0x00,
0x00,0x00,0x00,0x00,0x00,0x00,0x00,0x00,0x00,

/*--  文字:  Y  --*/
/*--  微软雅黑48;  此字体下对应的点阵为：宽x高=19x83   --*/
/*--  宽度不是8的倍数，现调整为：宽度x高度=24x83  --*/
0x00,0x00,0x00,0x00,0x00,0x00,0x00,0x00,0x00,0x00,0x00,0x00,0x00,0x00,0x00,0x00,
0x00,0x00,0x00,0x00,0x00,0x00,0x00,0x00,0x00,0x00,0x00,0x00,0x00,0x00,0x00,0x00,
0x00,0x00,0x00,0x00,0x00,0x00,0x00,0x00,0x00,0x00,0x00,0x00,0x00,0x00,0x00,0x00,
0x00,0x00,0x00,0xFF,0x00,0x00,0xFF,0x80,0x00,0x7F,0x80,0x00,0x7F,0xC0,0x00,0x3F,
0xC0,0x00,0x3F,0xE0,0x00,0x1F,0xE0,0x00,0x1F,0xF0,0x00,0x0F,0xF0,0x00,0x0F,0xF8,
0x00,0x07,0xF8,0x00,0x07,0xFC,0x00,0x03,0xFC,0x00,0x03,0xFE,0x00,0x01,0xFE,0x00,
0x01,0xFF,0x00,0x00,0xFF,0x00,0x00,0xFF,0x80,0x00,0x7F,0x80,0x00,0x7F,0xC0,0x00,
0x3F,0xC0,0x00,0x3F,0xE0,0x00,0x1F,0xE0,0x00,0x1F,0xE0,0x00,0x0F,0xE0,0x00,0x0F,
0xE0,0x00,0x07,0xE0,0x00,0x07,0xE0,0x00,0x03,0xE0,0x00,0x03,0xE0,0x00,0x01,0xE0,
0x00,0x01,0xE0,0x00,0x01,0xE0,0x00,0x01,0xE0,0x00,0x01,0xE0,0x00,0x01,0xE0,0x00,
0x01,0xE0,0x00,0x01,0xE0,0x00,0x01,0xE0,0x00,0x01,0xE0,0x00,0x01,0xE0,0x00,0x01,
0xE0,0x00,0x01,0xE0,0x00,0x01,0xE0,0x00,0x01,0xE0,0x00,0x01,0xE0,0x00,0x01,0xE0,
0x00,0x01,0xE0,0x00,0x01,0xE0,0x00,0x00,0x00,0x00,0x00,0x00,0x00,0x00,0x00,0x00,
0x00,0x00,0x00,0x00,0x00,0x00,0x00,0x00,0x00,0x00,0x00,0x00,0x00,0x00,0x00,0x00,
0x00,0x00,0x00,0x00,0x00,0x00,0x00,0x00,0x00,0x00,0x00,0x00,0x00,0x00,0x00,0x00,
0x00,0x00,0x00,0x00,0x00,0x00,0x00,0x00,0x00,

/*--  文字:  Z  --*/
/*--  微软雅黑48;  此字体下对应的点阵为：宽x高=19x83   --*/
/*--  宽度不是8的倍数，现调整为：宽度x高度=24x83  --*/
0x00,0x00,0x00,0x00,0x00,0x00,0x00,0x00,0x00,0x00,0x00,0x00,0x00,0x00,0x00,0x00,
0x00,0x00,0x00,0x00,0x00,0x00,0x00,0x00,0x00,0x00,0x00,0x00,0x00,0x00,0x00,0x00,
0x00,0x00,0x00,0x00,0x00,0x00,0x00,0x00,0x00,0x00,0x00,0x00,0x00,0x00,0x00,0x00,
0x00,0x00,0x00,0x1F,0xFF,0xE0,0x1F,0xFF,0xE0,0x1F,0xFF,0xE0,0x1F,0xFF,0xE0,0x1F,
0xFF,0xE0,0x1F,0xFF,0xE0,0x1F,0xFF,0xE0,0x00,0x00,0x00,0x00,0x00,0x00,0x00,0x00,
0x00,0x00,0x00,0x00,0x00,0x00,0x00,0x00,0x00,0x00,0x00,0x00,0x00,0x00,0x00,0x00,
0x00,0x00,0x00,0x00,0x00,0x00,0x00,0x00,0x00,0x00,0x00,0x00,0x00,0x00,0x00,0x00,
0x00,0x20,0x00,0x00,0x20,0x00,0x00,0x60,0x00,0x00,0xE0,0x00,0x00,0xE0,0x00,0x01,
0xE0,0x00,0x03,0xE0,0x00,0x03,0xE0,0x00,0x07,0xE0,0x00,0x0F,0xE0,0x00,0x0F,0xE0,
0x00,0x1F,0xE0,0x00,0x3F,0xE0,0x00,0x3F,0xC0,0x00,0x7F,0x80,0x00,0xFF,0x00,0x01,
0xFF,0x00,0x01,0xFE,0x00,0x03,0xFC,0x00,0x07,0xFC,0x00,0x07,0xF8,0x00,0x0F,0xF0,
0x00,0x1F,0xF0,0x00,0x1F,0xFF,0xE0,0x3F,0xFF,0xE0,0x7F,0xFF,0xE0,0x7F,0xFF,0xE0,
0xFF,0xFF,0xE0,0xFF,0xFF,0xE0,0x00,0x00,0x00,0x00,0x00,0x00,0x00,0x00,0x00,0x00,
0x00,0x00,0x00,0x00,0x00,0x00,0x00,0x00,0x00,0x00,0x00,0x00,0x00,0x00,0x00,0x00,
0x00,0x00,0x00,0x00,0x00,0x00,0x00,0x00,0x00,0x00,0x00,0x00,0x00,0x00,0x00,0x00,
0x00,0x00,0x00,0x00,0x00,0x00,0x00,0x00,0x00,

/*--  文字:  [  --*/
/*--  微软雅黑48;  此字体下对应的点阵为：宽x高=19x83   --*/
/*--  宽度不是8的倍数，现调整为：宽度x高度=24x83  --*/
0x00,0x00,0x00,0x00,0x00,0x00,0x00,0x00,0x00,0x00,0x00,0x00,0x00,0x00,0x00,0x00,
0x00,0x00,0x00,0x00,0x00,0x00,0x00,0x00,0x00,0x00,0x00,0x00,0x00,0x00,0x00,0x00,
0x00,0x00,0x00,0x00,0x00,0x00,0x00,0x00,0x00,0x00,0x00,0x00,0x00,0x00,0x00,0x00,
0x00,0x00,0x00,0x03,0xFF,0xE0,0x03,0xFF,0xE0,0x03,0xFF,0xE0,0x03,0xFF,0xE0,0x03,
0xFF,0xE0,0x03,0xF8,0x00,0x03,0xF8,0x00,0x03,0xF8,0x00,0x03,0xF8,0x00,0x03,0xF8,
0x00,0x03,0xF8,0x00,0x03,0xF8,0x00,0x03,0xF8,0x00,0x03,0xF8,0x00,0x03,0xF8,0x00,
0x03,0xF8,0x00,0x03,0xF8,0x00,0x03,0xF8,0x00,0x03,0xF8,0x00,0x03,0xF8,0x00,0x03,
0xF8,0x00,0x03,0xF8,0x00,0x03,0xF8,0x00,0x03,0xF8,0x00,0x03,0xF8,0x00,0x03,0xF8,
0x00,0x03,0xF8,0x00,0x03,0xF8,0x00,0x03,0xF8,0x00,0x03,0xF8,0x00,0x03,0xF8,0x00,
0x03,0xF8,0x00,0x03,0xF8,0x00,0x03,0xF8,0x00,0x03,0xF8,0x00,0x03,0xF8,0x00,0x03,
0xF8,0x00,0x03,0xF8,0x00,0x03,0xF8,0x00,0x03,0xF8,0x00,0x03,0xF8,0x00,0x03,0xF8,
0x00,0x03,0xF8,0x00,0x03,0xF8,0x00,0x03,0xF8,0x00,0x03,0xF8,0x00,0x03,0xF8,0x00,
0x03,0xF8,0x00,0x03,0xF8,0x00,0x03,0xF8,0x00,0x03,0xF8,0x00,0x03,0xF8,0x00,0x03,
0xF8,0x00,0x03,0xF8,0x00,0x03,0xF8,0x00,0x03,0xFF,0xE0,0x03,0xFF,0xE0,0x03,0xFF,
0xE0,0x03,0xFF,0xE0,0x03,0xFF,0xE0,0x00,0x00,0x00,0x00,0x00,0x00,0x00,0x00,0x00,
0x00,0x00,0x00,0x00,0x00,0x00,0x00,0x00,0x00,

/*--  文字:  \  --*/
/*--  微软雅黑48;  此字体下对应的点阵为：宽x高=19x83   --*/
/*--  宽度不是8的倍数，现调整为：宽度x高度=24x83  --*/
0x00,0x00,0x00,0x00,0x00,0x00,0x00,0x00,0x00,0x00,0x00,0x00,0x00,0x00,0x00,0x00,
0x00,0x00,0x00,0x00,0x00,0x00,0x00,0x00,0x00,0x00,0x00,0x00,0x00,0x00,0x00,0x00,
0x00,0x00,0x00,0x00,0x00,0x00,0x00,0x00,0x00,0x00,0x00,0x00,0x00,0x00,0x00,0x00,
0x00,0x00,0x00,0xFC,0x00,0x00,0xFC,0x00,0x00,0xFC,0x00,0x00,0xFE,0x00,0x00,0xFE,
0x00,0x00,0xFF,0x00,0x00,0x7F,0x00,0x00,0x7F,0x00,0x00,0x3F,0x80,0x00,0x3F,0x80,
0x00,0x3F,0xC0,0x00,0x1F,0xC0,0x00,0x1F,0xC0,0x00,0x0F,0xE0,0x00,0x0F,0xE0,0x00,
0x0F,0xF0,0x00,0x07,0xF0,0x00,0x07,0xF0,0x00,0x03,0xF8,0x00,0x03,0xF8,0x00,0x03,
0xFC,0x00,0x01,0xFC,0x00,0x01,0xFC,0x00,0x00,0xFE,0x00,0x00,0xFE,0x00,0x00,0xFF,
0x00,0x00,0x7F,0x00,0x00,0x7F,0x00,0x00,0x3F,0x80,0x00,0x3F,0x80,0x00,0x1F,0xC0,
0x00,0x1F,0xC0,0x00,0x1F,0xC0,0x00,0x0F,0xE0,0x00,0x0F,0xE0,0x00,0x07,0xE0,0x00,
0x07,0xE0,0x00,0x07,0xE0,0x00,0x03,0xE0,0x00,0x03,0xE0,0x00,0x01,0xE0,0x00,0x01,
0xE0,0x00,0x01,0xE0,0x00,0x00,0xE0,0x00,0x00,0xE0,0x00,0x00,0x60,0x00,0x00,0x60,
0x00,0x00,0x60,0x00,0x00,0x20,0x00,0x00,0x20,0x00,0x00,0x00,0x00,0x00,0x00,0x00,
0x00,0x00,0x00,0x00,0x00,0x00,0x00,0x00,0x00,0x00,0x00,0x00,0x00,0x00,0x00,0x00,
0x00,0x00,0x00,0x00,0x00,0x00,0x00,0x00,0x00,0x00,0x00,0x00,0x00,0x00,0x00,0x00,
0x00,0x00,0x00,0x00,0x00,0x00,0x00,0x00,0x00,

/*--  文字:  ]  --*/
/*--  微软雅黑48;  此字体下对应的点阵为：宽x高=19x83   --*/
/*--  宽度不是8的倍数，现调整为：宽度x高度=24x83  --*/
0x00,0x00,0x00,0x00,0x00,0x00,0x00,0x00,0x00,0x00,0x00,0x00,0x00,0x00,0x00,0x00,
0x00,0x00,0x00,0x00,0x00,0x00,0x00,0x00,0x00,0x00,0x00,0x00,0x00,0x00,0x00,0x00,
0x00,0x00,0x00,0x00,0x00,0x00,0x00,0x00,0x00,0x00,0x00,0x00,0x00,0x00,0x00,0x00,
0x00,0x00,0x00,0x7F,0xFE,0x00,0x7F,0xFE,0x00,0x7F,0xFE,0x00,0x7F,0xFE,0x00,0x7F,
0xFE,0x00,0x00,0x7E,0x00,0x00,0x7E,0x00,0x00,0x7E,0x00,0x00,0x7E,0x00,0x00,0x7E,
0x00,0x00,0x7E,0x00,0x00,0x7E,0x00,0x00,0x7E,0x00,0x00,0x7E,0x00,0x00,0x7E,0x00,
0x00,0x7E,0x00,0x00,0x7E,0x00,0x00,0x7E,0x00,0x00,0x7E,0x00,0x00,0x7E,0x00,0x00,
0x7E,0x00,0x00,0x7E,0x00,0x00,0x7E,0x00,0x00,0x7E,0x00,0x00,0x7E,0x00,0x00,0x7E,
0x00,0x00,0x7E,0x00,0x00,0x7E,0x00,0x00,0x7E,0x00,0x00,0x7E,0x00,0x00,0x7E,0x00,
0x00,0x7E,0x00,0x00,0x7E,0x00,0x00,0x7E,0x00,0x00,0x7E,0x00,0x00,0x7E,0x00,0x00,
0x7E,0x00,0x00,0x7E,0x00,0x00,0x7E,0x00,0x00,0x7E,0x00,0x00,0x7E,0x00,0x00,0x7E,
0x00,0x00,0x7E,0x00,0x00,0x7E,0x00,0x00,0x7E,0x00,0x00,0x7E,0x00,0x00,0x7E,0x00,
0x00,0x7E,0x00,0x00,0x7E,0x00,0x00,0x7E,0x00,0x00,0x7E,0x00,0x00,0x7E,0x00,0x00,
0x7E,0x00,0x00,0x7E,0x00,0x00,0x7E,0x00,0x7F,0xFE,0x00,0x7F,0xFE,0x00,0x7F,0xFE,
0x00,0x7F,0xFE,0x00,0x7F,0xFE,0x00,0x00,0x00,0x00,0x00,0x00,0x00,0x00,0x00,0x00,
0x00,0x00,0x00,0x00,0x00,0x00,0x00,0x00,0x00,

/*--  文字:  ^  --*/
/*--  微软雅黑48;  此字体下对应的点阵为：宽x高=19x83   --*/
/*--  宽度不是8的倍数，现调整为：宽度x高度=24x83  --*/
0x00,0x00,0x00,0x00,0x00,0x00,0x00,0x00,0x00,0x00,0x00,0x00,0x00,0x00,0x00,0x00,
0x00,0x00,0x00,0x00,0x00,0x00,0x00,0x00,0x00,0x00,0x00,0x00,0x00,0x00,0x00,0x00,
0x00,0x00,0x00,0x00,0x00,0x00,0x00,0x00,0x00,0x00,0x00,0x00,0x00,0x00,0x00,0x00,
0x00,0x00,0x00,0x00,0x00,0x00,0x00,0x00,0x00,0x00,0x00,0x00,0x00,0x00,0x00,0x00,
0x00,0x00,0x00,0x00,0x20,0x00,0x00,0x20,0x00,0x00,0x60,0x00,0x00,0x60,0x00,0x00,
0xE0,0x00,0x00,0xE0,0x00,0x01,0xE0,0x00,0x01,0xE0,0x00,0x03,0xE0,0x00,0x03,0xE0,
0x00,0x07,0xE0,0x00,0x07,0xE0,0x00,0x0F,0xE0,0x00,0x0F,0xC0,0x00,0x1F,0xC0,0x00,
0x1F,0x80,0x00,0x3F,0x80,0x00,0x3F,0x00,0x00,0x7F,0x00,0x00,0x7E,0x00,0x00,0xFE,
0x00,0x00,0xFC,0x00,0x01,0xFC,0x00,0x00,0x00,0x00,0x00,0x00,0x00,0x00,0x00,0x00,
0x00,0x00,0x00,0x00,0x00,0x00,0x00,0x00,0x00,0x00,0x00,0x00,0x00,0x00,0x00,0x00,
0x00,0x00,0x00,0x00,0x00,0x00,0x00,0x00,0x00,0x00,0x00,0x00,0x00,0x00,0x00,0x00,
0x00,0x00,0x00,0x00,0x00,0x00,0x00,0x00,0x00,0x00,0x00,0x00,0x00,0x00,0x00,0x00,
0x00,0x00,0x00,0x00,0x00,0x00,0x00,0x00,0x00,0x00,0x00,0x00,0x00,0x00,0x00,0x00,
0x00,0x00,0x00,0x00,0x00,0x00,0x00,0x00,0x00,0x00,0x00,0x00,0x00,0x00,0x00,0x00,
0x00,0x00,0x00,0x00,0x00,0x00,0x00,0x00,0x00,0x00,0x00,0x00,0x00,0x00,0x00,0x00,
0x00,0x00,0x00,0x00,0x00,0x00,0x00,0x00,0x00,

/*--  文字:  _  --*/
/*--  微软雅黑48;  此字体下对应的点阵为：宽x高=19x83   --*/
/*--  宽度不是8的倍数，现调整为：宽度x高度=24x83  --*/
0x00,0x00,0x00,0x00,0x00,0x00,0x00,0x00,0x00,0x00,0x00,0x00,0x00,0x00,0x00,0x00,
0x00,0x00,0x00,0x00,0x00,0x00,0x00,0x00,0x00,0x00,0x00,0x00,0x00,0x00,0x00,0x00,
0x00,0x00,0x00,0x00,0x00,0x00,0x00,0x00,0x00,0x00,0x00,0x00,0x00,0x00,0x00,0x00,
0x00,0x00,0x00,0x00,0x00,0x00,0x00,0x00,0x00,0x00,0x00,0x00,0x00,0x00,0x00,0x00,
0x00,0x00,0x00,0x00,0x00,0x00,0x00,0x00,0x00,0x00,0x00,0x00,0x00,0x00,0x00,0x00,
0x00,0x00,0x00,0x00,0x00,0x00,0x00,0x00,0x00,0x00,0x00,0x00,0x00,0x00,0x00,0x00,
0x00,0x00,0x00,0x00,0x00,0x00,0x00,0x00,0x00,0x00,0x00,0x00,0x00,0x00,0x00,0x00,
0x00,0x00,0x00,0x00,0x00,0x00,0x00,0x00,0x00,0x00,0x00,0x00,0x00,0x00,0x00,0x00,
0x00,0x00,0x00,0x00,0x00,0x00,0x00,0x00,0x00,0x00,0x00,0x00,0x00,0x00,0x00,0x00,
0x00,0x00,0x00,0x00,0x00,0x00,0x00,0x00,0x00,0x00,0x00,0x00,0x00,0x00,0x00,0x00,
0x00,0x00,0x00,0x00,0x00,0x00,0x00,0x00,0x00,0x00,0x00,0x00,0x00,0x00,0x00,0x00,
0x00,0x00,0x00,0x00,0x00,0x00,0x00,0x00,0x00,0x00,0x00,0x00,0x00,0x00,0x00,0x00,
0x00,0x00,0x00,0x00,0x00,0x00,0x00,0x00,0x00,0x00,0x00,0x00,0x00,0x00,0x00,0x00,
0x00,0x00,0x00,0x00,0x00,0x00,0x00,0x00,0x00,0x00,0x00,0x00,0x00,0x00,0x00,0x00,
0x00,0x00,0x00,0x00,0x00,0x00,0x00,0x00,0x00,0x00,0xFF,0xFF,0xE0,0xFF,0xFF,0xE0,
0xFF,0xFF,0xE0,0xFF,0xFF,0xE0,0xFF,0xFF,0xE0,

/*--  文字:  `  --*/
/*--  微软雅黑48;  此字体下对应的点阵为：宽x高=19x83   --*/
/*--  宽度不是8的倍数，现调整为：宽度x高度=24x83  --*/
0x00,0x00,0x00,0x00,0x00,0x00,0x00,0x00,0x00,0x00,0x00,0x00,0x00,0x00,0x00,0x00,
0x00,0x00,0x00,0x00,0x00,0x00,0x00,0x00,0x00,0x00,0x00,0x00,0x00,0x00,0x00,0x00,
0x00,0x00,0x00,0x00,0x00,0x00,0x00,0x00,0x00,0x00,0x3F,0xC0,0x00,0x1F,0xE0,0x00,
0x0F,0xE0,0x00,0x07,0xF0,0x00,0x03,0xF8,0x00,0x03,0xF8,0x00,0x01,0xFC,0x00,0x00,
0xFE,0x00,0x00,0x7E,0x00,0x00,0x3F,0x00,0x00,0x1F,0x80,0x00,0x00,0x00,0x00,0x00,
0x00,0x00,0x00,0x00,0x00,0x00,0x00,0x00,0x00,0x00,0x00,0x00,0x00,0x00,0x00,0x00,
0x00,0x00,0x00,0x00,0x00,0x00,0x00,0x00,0x00,0x00,0x00,0x00,0x00,0x00,0x00,0x00,
0x00,0x00,0x00,0x00,0x00,0x00,0x00,0x00,0x00,0x00,0x00,0x00,0x00,0x00,0x00,0x00,
0x00,0x00,0x00,0x00,0x00,0x00,0x00,0x00,0x00,0x00,0x00,0x00,0x00,0x00,0x00,0x00,
0x00,0x00,0x00,0x00,0x00,0x00,0x00,0x00,0x00,0x00,0x00,0x00,0x00,0x00,0x00,0x00,
0x00,0x00,0x00,0x00,0x00,0x00,0x00,0x00,0x00,0x00,0x00,0x00,0x00,0x00,0x00,0x00,
0x00,0x00,0x00,0x00,0x00,0x00,0x00,0x00,0x00,0x00,0x00,0x00,0x00,0x00,0x00,0x00,
0x00,0x00,0x00,0x00,0x00,0x00,0x00,0x00,0x00,0x00,0x00,0x00,0x00,0x00,0x00,0x00,
0x00,0x00,0x00,0x00,0x00,0x00,0x00,0x00,0x00,0x00,0x00,0x00,0x00,0x00,0x00,0x00,
0x00,0x00,0x00,0x00,0x00,0x00,0x00,0x00,0x00,0x00,0x00,0x00,0x00,0x00,0x00,0x00,
0x00,0x00,0x00,0x00,0x00,0x00,0x00,0x00,0x00,

/*--  文字:  a  --*/
/*--  微软雅黑48;  此字体下对应的点阵为：宽x高=19x83   --*/
/*--  宽度不是8的倍数，现调整为：宽度x高度=24x83  --*/
0x00,0x00,0x00,0x00,0x00,0x00,0x00,0x00,0x00,0x00,0x00,0x00,0x00,0x00,0x00,0x00,
0x00,0x00,0x00,0x00,0x00,0x00,0x00,0x00,0x00,0x00,0x00,0x00,0x00,0x00,0x00,0x00,
0x00,0x00,0x00,0x00,0x00,0x00,0x00,0x00,0x00,0x00,0x00,0x00,0x00,0x00,0x00,0x00,
0x00,0x00,0x00,0x00,0x00,0x00,0x00,0x00,0x00,0x00,0x00,0x00,0x00,0x00,0x00,0x00,
0x00,0x00,0x00,0x00,0x00,0x00,0x00,0x00,0x00,0x00,0x00,0x00,0x00,0x00,0x00,0x00,
0x00,0x00,0x00,0x00,0x00,0x00,0x00,0x00,0x00,0x00,0x00,0x03,0xE0,0x00,0x3F,0xE0,
0x00,0xFF,0xE0,0x03,0xFF,0xE0,0x03,0xFF,0xE0,0x03,0xFF,0xE0,0x03,0xF8,0x00,0x03,
0xE0,0x00,0x03,0x80,0x00,0x03,0x00,0x00,0x00,0x00,0x00,0x00,0x00,0x00,0x00,0x00,
0x00,0x00,0x00,0x00,0x00,0x00,0x20,0x00,0x0F,0xE0,0x00,0x7F,0xE0,0x01,0xFF,0xE0,
0x03,0xFF,0xE0,0x07,0xFF,0xE0,0x0F,0xFE,0x00,0x1F,0xF0,0x00,0x1F,0xE0,0x00,0x1F,
0xC0,0x00,0x3F,0xC0,0x00,0x3F,0xC0,0x00,0x3F,0xC0,0x00,0x3F,0xC0,0x00,0x3F,0xC0,
0x00,0x3F,0xE0,0x00,0x1F,0xF0,0x00,0x1F,0xFF,0xE0,0x0F,0xFF,0xE0,0x07,0xFF,0xE0,
0x07,0xFF,0xE0,0x01,0xFF,0xE0,0x00,0x7F,0xC0,0x00,0x00,0x00,0x00,0x00,0x00,0x00,
0x00,0x00,0x00,0x00,0x00,0x00,0x00,0x00,0x00,0x00,0x00,0x00,0x00,0x00,0x00,0x00,
0x00,0x00,0x00,0x00,0x00,0x00,0x00,0x00,0x00,0x00,0x00,0x00,0x00,0x00,0x00,0x00,
0x00,0x00,0x00,0x00,0x00,0x00,0x00,0x00,0x00,

/*--  文字:  b  --*/
/*--  微软雅黑48;  此字体下对应的点阵为：宽x高=19x83   --*/
/*--  宽度不是8的倍数，现调整为：宽度x高度=24x83  --*/
0x00,0x00,0x00,0x00,0x00,0x00,0x00,0x00,0x00,0x00,0x00,0x00,0x00,0x00,0x00,0x00,
0x00,0x00,0x00,0x00,0x00,0x00,0x00,0x00,0x00,0x00,0x00,0x00,0x00,0x00,0x00,0x00,
0x00,0x00,0x00,0x00,0x00,0x00,0x00,0x00,0x00,0x00,0x07,0xF0,0x00,0x07,0xF0,0x00,
0x07,0xF0,0x00,0x07,0xF0,0x00,0x07,0xF0,0x00,0x07,0xF0,0x00,0x07,0xF0,0x00,0x07,
0xF0,0x00,0x07,0xF0,0x00,0x07,0xF0,0x00,0x07,0xF0,0x00,0x07,0xF0,0x00,0x07,0xF0,
0x00,0x07,0xF0,0x00,0x07,0xF0,0x00,0x07,0xF0,0x00,0x07,0xF0,0x00,0x07,0xF0,0x60,
0x07,0xF1,0xE0,0x07,0xF3,0xE0,0x07,0xF7,0xE0,0x07,0xFF,0xE0,0x07,0xFF,0xE0,0x07,
0xFF,0x80,0x07,0xFF,0x00,0x07,0xFE,0x00,0x07,0xFC,0x00,0x07,0xF8,0x00,0x07,0xF8,
0x00,0x07,0xF8,0x00,0x07,0xF8,0x00,0x07,0xF0,0x00,0x07,0xF0,0x00,0x07,0xF0,0x00,
0x07,0xF0,0x00,0x07,0xF0,0x00,0x07,0xF0,0x00,0x07,0xF0,0x00,0x07,0xF0,0x00,0x07,
0xF0,0x00,0x07,0xF8,0x00,0x07,0xF8,0x00,0x07,0xF8,0x00,0x07,0xFC,0x00,0x07,0xFE,
0x00,0x07,0xFF,0x00,0x07,0xFF,0x80,0x07,0xFF,0xE0,0x07,0xFF,0xE0,0x07,0xF7,0xE0,
0x07,0xF3,0xE0,0x07,0xF1,0xE0,0x00,0x00,0x60,0x00,0x00,0x00,0x00,0x00,0x00,0x00,
0x00,0x00,0x00,0x00,0x00,0x00,0x00,0x00,0x00,0x00,0x00,0x00,0x00,0x00,0x00,0x00,
0x00,0x00,0x00,0x00,0x00,0x00,0x00,0x00,0x00,0x00,0x00,0x00,0x00,0x00,0x00,0x00,
0x00,0x00,0x00,0x00,0x00,0x00,0x00,0x00,0x00,

/*--  文字:  c  --*/
/*--  微软雅黑48;  此字体下对应的点阵为：宽x高=19x83   --*/
/*--  宽度不是8的倍数，现调整为：宽度x高度=24x83  --*/
0x00,0x00,0x00,0x00,0x00,0x00,0x00,0x00,0x00,0x00,0x00,0x00,0x00,0x00,0x00,0x00,
0x00,0x00,0x00,0x00,0x00,0x00,0x00,0x00,0x00,0x00,0x00,0x00,0x00,0x00,0x00,0x00,
0x00,0x00,0x00,0x00,0x00,0x00,0x00,0x00,0x00,0x00,0x00,0x00,0x00,0x00,0x00,0x00,
0x00,0x00,0x00,0x00,0x00,0x00,0x00,0x00,0x00,0x00,0x00,0x00,0x00,0x00,0x00,0x00,
0x00,0x00,0x00,0x00,0x00,0x00,0x00,0x00,0x00,0x00,0x00,0x00,0x00,0x00,0x00,0x00,
0x00,0x00,0x00,0x00,0x00,0x00,0x00,0x00,0x00,0x00,0x00,0x00,0x20,0x00,0x03,0xE0,
0x00,0x1F,0xE0,0x00,0x3F,0xE0,0x00,0x7F,0xE0,0x00,0xFF,0xE0,0x01,0xFF,0xC0,0x03,
0xFF,0x00,0x07,0xFC,0x00,0x07,0xF8,0x00,0x0F,0xF8,0x00,0x0F,0xF0,0x00,0x1F,0xE0,
0x00,0x1F,0xE0,0x00,0x1F,0xE0,0x00,0x1F,0xC0,0x00,0x1F,0xC0,0x00,0x3F,0xC0,0x00,
0x3F,0xC0,0x00,0x3F,0xC0,0x00,0x3F,0xC0,0x00,0x3F,0xC0,0x00,0x1F,0xC0,0x00,0x1F,
0xE0,0x00,0x1F,0xE0,0x00,0x1F,0xE0,0x00,0x0F,0xF0,0x00,0x0F,0xF8,0x00,0x0F,0xF8,
0x00,0x07,0xFE,0x00,0x03,0xFF,0x00,0x01,0xFF,0xE0,0x01,0xFF,0xE0,0x00,0xFF,0xE0,
0x00,0x3F,0xE0,0x00,0x0F,0xE0,0x00,0x03,0xE0,0x00,0x00,0x00,0x00,0x00,0x00,0x00,
0x00,0x00,0x00,0x00,0x00,0x00,0x00,0x00,0x00,0x00,0x00,0x00,0x00,0x00,0x00,0x00,
0x00,0x00,0x00,0x00,0x00,0x00,0x00,0x00,0x00,0x00,0x00,0x00,0x00,0x00,0x00,0x00,
0x00,0x00,0x00,0x00,0x00,0x00,0x00,0x00,0x00,

/*--  文字:  d  --*/
/*--  微软雅黑48;  此字体下对应的点阵为：宽x高=19x83   --*/
/*--  宽度不是8的倍数，现调整为：宽度x高度=24x83  --*/
0x00,0x00,0x00,0x00,0x00,0x00,0x00,0x00,0x00,0x00,0x00,0x00,0x00,0x00,0x00,0x00,
0x00,0x00,0x00,0x00,0x00,0x00,0x00,0x00,0x00,0x00,0x00,0x00,0x00,0x00,0x00,0x00,
0x00,0x00,0x00,0x00,0x00,0x00,0x00,0x00,0x00,0x00,0x00,0x00,0x00,0x00,0x00,0x00,
0x00,0x00,0x00,0x00,0x00,0x00,0x00,0x00,0x00,0x00,0x00,0x00,0x00,0x00,0x00,0x00,
0x00,0x00,0x00,0x00,0x00,0x00,0x00,0x00,0x00,0x00,0x00,0x00,0x00,0x00,0x00,0x00,
0x00,0x00,0x00,0x00,0x00,0x00,0x00,0x00,0x00,0x00,0x00,0x00,0xE0,0x00,0x0F,0xE0,
0x00,0x3F,0xE0,0x00,0x7F,0xE0,0x00,0xFF,0xE0,0x01,0xFF,0xE0,0x03,0xFF,0x80,0x03,
0xFE,0x00,0x07,0xFC,0x00,0x0F,0xF8,0x00,0x0F,0xF0,0x00,0x0F,0xF0,0x00,0x1F,0xE0,
0x00,0x1F,0xE0,0x00,0x1F,0xE0,0x00,0x1F,0xC0,0x00,0x1F,0xC0,0x00,0x3F,0xC0,0x00,
0x3F,0xC0,0x00,0x3F,0xC0,0x00,0x3F,0xC0,0x00,0x3F,0xC0,0x00,0x1F,0xC0,0x00,0x1F,
0xE0,0x00,0x1F,0xE0,0x00,0x1F,0xE0,0x00,0x1F,0xF0,0x00,0x0F,0xF0,0x00,0x0F,0xF8,
0x00,0x07,0xFC,0x00,0x07,0xFF,0x00,0x03,0xFF,0xE0,0x01,0xFF,0xE0,0x01,0xFF,0xE0,
0x00,0x7F,0xE0,0x00,0x3F,0xE0,0x00,0x07,0xE0,0x00,0x00,0x00,0x00,0x00,0x00,0x00,
0x00,0x00,0x00,0x00,0x00,0x00,0x00,0x00,0x00,0x00,0x00,0x00,0x00,0x00,0x00,0x00,
0x00,0x00,0x00,0x00,0x00,0x00,0x00,0x00,0x00,0x00,0x00,0x00,0x00,0x00,0x00,0x00,
0x00,0x00,0x00,0x00,0x00,0x00,0x00,0x00,0x00,

/*--  文字:  e  --*/
/*--  微软雅黑48;  此字体下对应的点阵为：宽x高=19x83   --*/
/*--  宽度不是8的倍数，现调整为：宽度x高度=24x83  --*/
0x00,0x00,0x00,0x00,0x00,0x00,0x00,0x00,0x00,0x00,0x00,0x00,0x00,0x00,0x00,0x00,
0x00,0x00,0x00,0x00,0x00,0x00,0x00,0x00,0x00,0x00,0x00,0x00,0x00,0x00,0x00,0x00,
0x00,0x00,0x00,0x00,0x00,0x00,0x00,0x00,0x00,0x00,0x00,0x00,0x00,0x00,0x00,0x00,
0x00,0x00,0x00,0x00,0x00,0x00,0x00,0x00,0x00,0x00,0x00,0x00,0x00,0x00,0x00,0x00,
0x00,0x00,0x00,0x00,0x00,0x00,0x00,0x00,0x00,0x00,0x00,0x00,0x00,0x00,0x00,0x00,
0x00,0x00,0x00,0x00,0x00,0x00,0x00,0x00,0x00,0x00,0x00,0x00,0xE0,0x00,0x07,0xE0,
0x00,0x1F,0xE0,0x00,0x7F,0xE0,0x00,0xFF,0xE0,0x01,0xFF,0xE0,0x03,0xFF,0x00,0x03,
0xFE,0x00,0x07,0xF8,0x00,0x0F,0xF8,0x00,0x0F,0xF0,0x00,0x0F,0xE0,0x00,0x1F,0xE0,
0x00,0x1F,0xE0,0x00,0x1F,0xC0,0x00,0x1F,0xFF,0xE0,0x1F,0xFF,0xE0,0x3F,0xFF,0xE0,
0x3F,0xFF,0xE0,0x3F,0xFF,0xE0,0x3F,0xFF,0xE0,0x1F,0xC0,0x00,0x1F,0xC0,0x00,0x1F,
0xE0,0x00,0x1F,0xE0,0x00,0x1F,0xE0,0x00,0x1F,0xF0,0x00,0x0F,0xF0,0x00,0x0F,0xF8,
0x00,0x07,0xFC,0x00,0x07,0xFF,0x00,0x03,0xFF,0xE0,0x01,0xFF,0xE0,0x00,0xFF,0xE0,
0x00,0x7F,0xE0,0x00,0x1F,0xE0,0x00,0x03,0xE0,0x00,0x00,0x00,0x00,0x00,0x00,0x00,
0x00,0x00,0x00,0x00,0x00,0x00,0x00,0x00,0x00,0x00,0x00,0x00,0x00,0x00,0x00,0x00,
0x00,0x00,0x00,0x00,0x00,0x00,0x00,0x00,0x00,0x00,0x00,0x00,0x00,0x00,0x00,0x00,
0x00,0x00,0x00,0x00,0x00,0x00,0x00,0x00,0x00,

/*--  文字:  f  --*/
/*--  微软雅黑48;  此字体下对应的点阵为：宽x高=19x83   --*/
/*--  宽度不是8的倍数，现调整为：宽度x高度=24x83  --*/
0x00,0x00,0x00,0x00,0x00,0x00,0x00,0x00,0x00,0x00,0x00,0x00,0x00,0x00,0x00,0x00,
0x00,0x00,0x00,0x00,0x00,0x00,0x00,0x00,0x00,0x00,0x00,0x00,0x00,0x00,0x00,0x00,
0x00,0x00,0x00,0x00,0x00,0x00,0x00,0x00,0x00,0x00,0x00,0x03,0xE0,0x00,0x0F,0xE0,
0x00,0x1F,0xE0,0x00,0x3F,0xE0,0x00,0x7F,0xE0,0x00,0xFF,0xE0,0x00,0xFF,0x00,0x00,
0xFF,0x00,0x01,0xFE,0x00,0x01,0xFE,0x00,0x01,0xFE,0x00,0x01,0xFC,0x00,0x01,0xFC,
0x00,0x01,0xFC,0x00,0x01,0xFC,0x00,0x01,0xFC,0x00,0x01,0xFC,0x00,0x7F,0xFF,0xE0,
0x7F,0xFF,0xE0,0x7F,0xFF,0xE0,0x7F,0xFF,0xE0,0x7F,0xFF,0xE0,0x7F,0xFF,0xE0,0x01,
0xFC,0x00,0x01,0xFC,0x00,0x01,0xFC,0x00,0x01,0xFC,0x00,0x01,0xFC,0x00,0x01,0xFC,
0x00,0x01,0xFC,0x00,0x01,0xFC,0x00,0x01,0xFC,0x00,0x01,0xFC,0x00,0x01,0xFC,0x00,
0x01,0xFC,0x00,0x01,0xFC,0x00,0x01,0xFC,0x00,0x01,0xFC,0x00,0x01,0xFC,0x00,0x01,
0xFC,0x00,0x01,0xFC,0x00,0x01,0xFC,0x00,0x01,0xFC,0x00,0x01,0xFC,0x00,0x01,0xFC,
0x00,0x01,0xFC,0x00,0x01,0xFC,0x00,0x01,0xFC,0x00,0x01,0xFC,0x00,0x01,0xFC,0x00,
0x01,0xFC,0x00,0x01,0xFC,0x00,0x00,0x00,0x00,0x00,0x00,0x00,0x00,0x00,0x00,0x00,
0x00,0x00,0x00,0x00,0x00,0x00,0x00,0x00,0x00,0x00,0x00,0x00,0x00,0x00,0x00,0x00,
0x00,0x00,0x00,0x00,0x00,0x00,0x00,0x00,0x00,0x00,0x00,0x00,0x00,0x00,0x00,0x00,
0x00,0x00,0x00,0x00,0x00,0x00,0x00,0x00,0x00,

/*--  文字:  g  --*/
/*--  微软雅黑48;  此字体下对应的点阵为：宽x高=19x83   --*/
/*--  宽度不是8的倍数，现调整为：宽度x高度=24x83  --*/
0x00,0x00,0x00,0x00,0x00,0x00,0x00,0x00,0x00,0x00,0x00,0x00,0x00,0x00,0x00,0x00,
0x00,0x00,0x00,0x00,0x00,0x00,0x00,0x00,0x00,0x00,0x00,0x00,0x00,0x00,0x00,0x00,
0x00,0x00,0x00,0x00,0x00,0x00,0x00,0x00,0x00,0x00,0x00,0x00,0x00,0x00,0x00,0x00,
0x00,0x00,0x00,0x00,0x00,0x00,0x00,0x00,0x00,0x00,0x00,0x00,0x00,0x00,0x00,0x00,
0x00,0x00,0x00,0x00,0x00,0x00,0x00,0x00,0x00,0x00,0x00,0x00,0x00,0x00,0x00,0x00,
0x00,0x00,0x00,0x00,0x00,0x00,0x00,0x00,0x00,0x00,0x00,0x00,0xE0,0x00,0x0F,0xE0,
0x00,0x3F,0xE0,0x00,0x7F,0xE0,0x00,0xFF,0xE0,0x01,0xFF,0xE0,0x03,0xFF,0x80,0x07,
0xFE,0x00,0x07,0xFC,0x00,0x0F,0xF8,0x00,0x0F,0xF0,0x00,0x0F,0xF0,0x00,0x1F,0xE0,
0x00,0x1F,0xE0,0x00,0x1F,0xE0,0x00,0x1F,0xC0,0x00,0x1F,0xC0,0x00,0x3F,0xC0,0x00,
0x3F,0xC0,0x00,0x3F,0xC0,0x00,0x3F,0xC0,0x00,0x3F,0xC0,0x00,0x1F,0xC0,0x00,0x1F,
0xE0,0x00,0x1F,0xE0,0x00,0x1F,0xE0,0x00,0x1F,0xF0,0x00,0x0F,0xF0,0x00,0x0F,0xF8,
0x00,0x07,0xFC,0x00,0x07,0xFF,0x00,0x03,0xFF,0xE0,0x01,0xFF,0xE0,0x00,0xFF,0xE0,
0x00,0x7F,0xE0,0x00,0x3F,0xE0,0x00,0x07,0xE0,0x00,0x00,0x00,0x00,0x00,0x00,0x00,
0x00,0x00,0x00,0x00,0x00,0x00,0x00,0x00,0x00,0x00,0x00,0x00,0x00,0x00,0x07,0x00,
0x00,0x07,0xC0,0x00,0x07,0xFC,0x00,0x07,0xFF,0xE0,0x07,0xFF,0xE0,0x07,0xFF,0xE0,
0x03,0xFF,0xE0,0x00,0x7F,0xE0,0x00,0x07,0xE0,

/*--  文字:  h  --*/
/*--  微软雅黑48;  此字体下对应的点阵为：宽x高=19x83   --*/
/*--  宽度不是8的倍数，现调整为：宽度x高度=24x83  --*/
0x00,0x00,0x00,0x00,0x00,0x00,0x00,0x00,0x00,0x00,0x00,0x00,0x00,0x00,0x00,0x00,
0x00,0x00,0x00,0x00,0x00,0x00,0x00,0x00,0x00,0x00,0x00,0x00,0x00,0x00,0x00,0x00,
0x00,0x00,0x00,0x00,0x00,0x00,0x00,0x00,0x00,0x00,0x07,0xF0,0x00,0x07,0xF0,0x00,
0x07,0xF0,0x00,0x07,0xF0,0x00,0x07,0xF0,0x00,0x07,0xF0,0x00,0x07,0xF0,0x00,0x07,
0xF0,0x00,0x07,0xF0,0x00,0x07,0xF0,0x00,0x07,0xF0,0x00,0x07,0xF0,0x00,0x07,0xF0,
0x00,0x07,0xF0,0x00,0x07,0xF0,0x00,0x07,0xF0,0x00,0x07,0xF0,0x00,0x07,0xF0,0x60,
0x07,0xF1,0xE0,0x07,0xF3,0xE0,0x07,0xF7,0xE0,0x07,0xFF,0xE0,0x07,0xFF,0xC0,0x07,
0xFF,0x00,0x07,0xFE,0x00,0x07,0xFC,0x00,0x07,0xFC,0x00,0x07,0xF8,0x00,0x07,0xF8,
0x00,0x07,0xF8,0x00,0x07,0xF0,0x00,0x07,0xF0,0x00,0x07,0xF0,0x00,0x07,0xF0,0x00,
0x07,0xF0,0x00,0x07,0xF0,0x00,0x07,0xF0,0x00,0x07,0xF0,0x00,0x07,0xF0,0x00,0x07,
0xF0,0x00,0x07,0xF0,0x00,0x07,0xF0,0x00,0x07,0xF0,0x00,0x07,0xF0,0x00,0x07,0xF0,
0x00,0x07,0xF0,0x00,0x07,0xF0,0x00,0x07,0xF0,0x00,0x07,0xF0,0x00,0x07,0xF0,0x00,
0x07,0xF0,0x00,0x07,0xF0,0x00,0x00,0x00,0x00,0x00,0x00,0x00,0x00,0x00,0x00,0x00,
0x00,0x00,0x00,0x00,0x00,0x00,0x00,0x00,0x00,0x00,0x00,0x00,0x00,0x00,0x00,0x00,
0x00,0x00,0x00,0x00,0x00,0x00,0x00,0x00,0x00,0x00,0x00,0x00,0x00,0x00,0x00,0x00,
0x00,0x00,0x00,0x00,0x00,0x00,0x00,0x00,0x00,

/*--  文字:  i  --*/
/*--  微软雅黑48;  此字体下对应的点阵为：宽x高=19x83   --*/
/*--  宽度不是8的倍数，现调整为：宽度x高度=24x83  --*/
0x00,0x00,0x00,0x00,0x00,0x00,0x00,0x00,0x00,0x00,0x00,0x00,0x00,0x00,0x00,0x00,
0x00,0x00,0x00,0x00,0x00,0x00,0x00,0x00,0x00,0x00,0x00,0x00,0x00,0x00,0x00,0x00,
0x00,0x00,0x00,0x00,0x00,0x00,0x00,0x00,0x00,0x00,0x00,0x00,0x00,0x03,0xE0,0x00,
0x07,0xF0,0x00,0x0F,0xF8,0x00,0x0F,0xF8,0x00,0x0F,0xF8,0x00,0x0F,0xF8,0x00,0x07,
0xF8,0x00,0x03,0xF0,0x00,0x00,0x00,0x00,0x00,0x00,0x00,0x00,0x00,0x00,0x00,0x00,
0x00,0x00,0x00,0x00,0x00,0x00,0x00,0x00,0x00,0x00,0x00,0x00,0x00,0x07,0xF0,0x00,
0x07,0xF0,0x00,0x07,0xF0,0x00,0x07,0xF0,0x00,0x07,0xF0,0x00,0x07,0xF0,0x00,0x07,
0xF0,0x00,0x07,0xF0,0x00,0x07,0xF0,0x00,0x07,0xF0,0x00,0x07,0xF0,0x00,0x07,0xF0,
0x00,0x07,0xF0,0x00,0x07,0xF0,0x00,0x07,0xF0,0x00,0x07,0xF0,0x00,0x07,0xF0,0x00,
0x07,0xF0,0x00,0x07,0xF0,0x00,0x07,0xF0,0x00,0x07,0xF0,0x00,0x07,0xF0,0x00,0x07,
0xF0,0x00,0x07,0xF0,0x00,0x07,0xF0,0x00,0x07,0xF0,0x00,0x07,0xF0,0x00,0x07,0xF0,
0x00,0x07,0xF0,0x00,0x07,0xF0,0x00,0x07,0xF0,0x00,0x07,0xF0,0x00,0x07,0xF0,0x00,
0x07,0xF0,0x00,0x07,0xF0,0x00,0x00,0x00,0x00,0x00,0x00,0x00,0x00,0x00,0x00,0x00,
0x00,0x00,0x00,0x00,0x00,0x00,0x00,0x00,0x00,0x00,0x00,0x00,0x00,0x00,0x00,0x00,
0x00,0x00,0x00,0x00,0x00,0x00,0x00,0x00,0x00,0x00,0x00,0x00,0x00,0x00,0x00,0x00,
0x00,0x00,0x00,0x00,0x00,0x00,0x00,0x00,0x00,

/*--  文字:  j  --*/
/*--  微软雅黑48;  此字体下对应的点阵为：宽x高=19x83   --*/
/*--  宽度不是8的倍数，现调整为：宽度x高度=24x83  --*/
0x00,0x00,0x00,0x00,0x00,0x00,0x00,0x00,0x00,0x00,0x00,0x00,0x00,0x00,0x00,0x00,
0x00,0x00,0x00,0x00,0x00,0x00,0x00,0x00,0x00,0x00,0x00,0x00,0x00,0x00,0x00,0x00,
0x00,0x00,0x00,0x00,0x00,0x00,0x00,0x00,0x00,0x00,0x00,0x00,0x00,0x03,0xE0,0x00,
0x07,0xF0,0x00,0x0F,0xF8,0x00,0x0F,0xF8,0x00,0x0F,0xF8,0x00,0x0F,0xF8,0x00,0x07,
0xF8,0x00,0x03,0xF0,0x00,0x00,0x00,0x00,0x00,0x00,0x00,0x00,0x00,0x00,0x00,0x00,
0x00,0x00,0x00,0x00,0x00,0x00,0x00,0x00,0x00,0x00,0x00,0x00,0x00,0x07,0xF0,0x00,
0x07,0xF0,0x00,0x07,0xF0,0x00,0x07,0xF0,0x00,0x07,0xF0,0x00,0x07,0xF0,0x00,0x07,
0xF0,0x00,0x07,0xF0,0x00,0x07,0xF0,0x00,0x07,0xF0,0x00,0x07,0xF0,0x00,0x07,0xF0,
0x00,0x07,0xF0,0x00,0x07,0xF0,0x00,0x07,0xF0,0x00,0x07,0xF0,0x00,0x07,0xF0,0x00,
0x07,0xF0,0x00,0x07,0xF0,0x00,0x07,0xF0,0x00,0x07,0xF0,0x00,0x07,0xF0,0x00,0x07,
0xF0,0x00,0x07,0xF0,0x00,0x07,0xF0,0x00,0x07,0xF0,0x00,0x07,0xF0,0x00,0x07,0xF0,
0x00,0x07,0xF0,0x00,0x07,0xF0,0x00,0x07,0xF0,0x00,0x07,0xF0,0x00,0x07,0xF0,0x00,
0x07,0xF0,0x00,0x07,0xF0,0x00,0x07,0xF0,0x00,0x07,0xF0,0x00,0x07,0xF0,0x00,0x0F,
0xF0,0x00,0x0F,0xF0,0x00,0x0F,0xF0,0x00,0x0F,0xE0,0x00,0x1F,0xE0,0x00,0x1F,0xE0,
0x00,0x3F,0xC0,0x00,0xFF,0xC0,0x00,0xFF,0x80,0x00,0xFF,0x00,0x00,0xFE,0x00,0x00,
0xFC,0x00,0x00,0xF0,0x00,0x00,0x80,0x00,0x00,

/*--  文字:  k  --*/
/*--  微软雅黑48;  此字体下对应的点阵为：宽x高=19x83   --*/
/*--  宽度不是8的倍数，现调整为：宽度x高度=24x83  --*/
0x00,0x00,0x00,0x00,0x00,0x00,0x00,0x00,0x00,0x00,0x00,0x00,0x00,0x00,0x00,0x00,
0x00,0x00,0x00,0x00,0x00,0x00,0x00,0x00,0x00,0x00,0x00,0x00,0x00,0x00,0x00,0x00,
0x00,0x00,0x00,0x00,0x00,0x00,0x00,0x00,0x00,0x00,0x07,0xF0,0x00,0x07,0xF0,0x00,
0x07,0xF0,0x00,0x07,0xF0,0x00,0x07,0xF0,0x00,0x07,0xF0,0x00,0x07,0xF0,0x00,0x07,
0xF0,0x00,0x07,0xF0,0x00,0x07,0xF0,0x00,0x07,0xF0,0x00,0x07,0xF0,0x00,0x07,0xF0,
0x00,0x07,0xF0,0x00,0x07,0xF0,0x00,0x07,0xF0,0x00,0x07,0xF0,0x00,0x07,0xF0,0x00,
0x07,0xF0,0x00,0x07,0xF0,0x00,0x07,0xF0,0x00,0x07,0xF0,0x00,0x07,0xF0,0x00,0x07,
0xF0,0x00,0x07,0xF0,0x00,0x07,0xF0,0x20,0x07,0xF0,0x60,0x07,0xF0,0xE0,0x07,0xF1,
0xE0,0x07,0xF3,0xE0,0x07,0xF7,0xE0,0x07,0xF7,0xE0,0x07,0xFF,0xE0,0x07,0xFF,0xE0,
0x07,0xFF,0xE0,0x07,0xFF,0xE0,0x07,0xFF,0xE0,0x07,0xF7,0xE0,0x07,0xF3,0xE0,0x07,
0xF1,0xE0,0x07,0xF0,0xE0,0x07,0xF0,0xE0,0x07,0xF0,0x60,0x07,0xF0,0x20,0x07,0xF0,
0x00,0x07,0xF0,0x00,0x07,0xF0,0x00,0x07,0xF0,0x00,0x07,0xF0,0x00,0x07,0xF0,0x00,
0x07,0xF0,0x00,0x07,0xF0,0x00,0x00,0x00,0x00,0x00,0x00,0x00,0x00,0x00,0x00,0x00,
0x00,0x00,0x00,0x00,0x00,0x00,0x00,0x00,0x00,0x00,0x00,0x00,0x00,0x00,0x00,0x00,
0x00,0x00,0x00,0x00,0x00,0x00,0x00,0x00,0x00,0x00,0x00,0x00,0x00,0x00,0x00,0x00,
0x00,0x00,0x00,0x00,0x00,0x00,0x00,0x00,0x00,

/*--  文字:  l  --*/
/*--  微软雅黑48;  此字体下对应的点阵为：宽x高=19x83   --*/
/*--  宽度不是8的倍数，现调整为：宽度x高度=24x83  --*/
0x00,0x00,0x00,0x00,0x00,0x00,0x00,0x00,0x00,0x00,0x00,0x00,0x00,0x00,0x00,0x00,
0x00,0x00,0x00,0x00,0x00,0x00,0x00,0x00,0x00,0x00,0x00,0x00,0x00,0x00,0x00,0x00,
0x00,0x00,0x00,0x00,0x00,0x00,0x00,0x00,0x00,0x00,0x07,0xF0,0x00,0x07,0xF0,0x00,
0x07,0xF0,0x00,0x07,0xF0,0x00,0x07,0xF0,0x00,0x07,0xF0,0x00,0x07,0xF0,0x00,0x07,
0xF0,0x00,0x07,0xF0,0x00,0x07,0xF0,0x00,0x07,0xF0,0x00,0x07,0xF0,0x00,0x07,0xF0,
0x00,0x07,0xF0,0x00,0x07,0xF0,0x00,0x07,0xF0,0x00,0x07,0xF0,0x00,0x07,0xF0,0x00,
0x07,0xF0,0x00,0x07,0xF0,0x00,0x07,0xF0,0x00,0x07,0xF0,0x00,0x07,0xF0,0x00,0x07,
0xF0,0x00,0x07,0xF0,0x00,0x07,0xF0,0x00,0x07,0xF0,0x00,0x07,0xF0,0x00,0x07,0xF0,
0x00,0x07,0xF0,0x00,0x07,0xF0,0x00,0x07,0xF0,0x00,0x07,0xF0,0x00,0x07,0xF0,0x00,
0x07,0xF0,0x00,0x07,0xF0,0x00,0x07,0xF0,0x00,0x07,0xF0,0x00,0x07,0xF0,0x00,0x07,
0xF0,0x00,0x07,0xF0,0x00,0x07,0xF0,0x00,0x07,0xF0,0x00,0x07,0xF0,0x00,0x07,0xF0,
0x00,0x07,0xF0,0x00,0x07,0xF0,0x00,0x07,0xF0,0x00,0x07,0xF0,0x00,0x07,0xF0,0x00,
0x07,0xF0,0x00,0x07,0xF0,0x00,0x00,0x00,0x00,0x00,0x00,0x00,0x00,0x00,0x00,0x00,
0x00,0x00,0x00,0x00,0x00,0x00,0x00,0x00,0x00,0x00,0x00,0x00,0x00,0x00,0x00,0x00,
0x00,0x00,0x00,0x00,0x00,0x00,0x00,0x00,0x00,0x00,0x00,0x00,0x00,0x00,0x00,0x00,
0x00,0x00,0x00,0x00,0x00,0x00,0x00,0x00,0x00,

/*--  文字:  m  --*/
/*--  微软雅黑48;  此字体下对应的点阵为：宽x高=19x83   --*/
/*--  宽度不是8的倍数，现调整为：宽度x高度=24x83  --*/
0x00,0x00,0x00,0x00,0x00,0x00,0x00,0x00,0x00,0x00,0x00,0x00,0x00,0x00,0x00,0x00,
0x00,0x00,0x00,0x00,0x00,0x00,0x00,0x00,0x00,0x00,0x00,0x00,0x00,0x00,0x00,0x00,
0x00,0x00,0x00,0x00,0x00,0x00,0x00,0x00,0x00,0x00,0x00,0x00,0x00,0x00,0x00,0x00,
0x00,0x00,0x00,0x00,0x00,0x00,0x00,0x00,0x00,0x00,0x00,0x00,0x00,0x00,0x00,0x00,
0x00,0x00,0x00,0x00,0x00,0x00,0x00,0x00,0x00,0x00,0x00,0x00,0x00,0x00,0x00,0x00,
0x00,0x00,0x00,0x00,0x00,0x00,0x00,0x00,0x00,0x00,0x00,0x00,0x00,0x07,0xF0,0xE0,
0x07,0xF1,0xE0,0x07,0xF3,0xE0,0x07,0xF7,0xE0,0x07,0xFF,0xE0,0x07,0xFF,0xC0,0x07,
0xFF,0x00,0x07,0xFE,0x00,0x07,0xFC,0x00,0x07,0xFC,0x00,0x07,0xF8,0x00,0x07,0xF8,
0x00,0x07,0xF8,0x00,0x07,0xF0,0x00,0x07,0xF0,0x00,0x07,0xF0,0x00,0x07,0xF0,0x00,
0x07,0xF0,0x00,0x07,0xF0,0x00,0x07,0xF0,0x00,0x07,0xF0,0x00,0x07,0xF0,0x00,0x07,
0xF0,0x00,0x07,0xF0,0x00,0x07,0xF0,0x00,0x07,0xF0,0x00,0x07,0xF0,0x00,0x07,0xF0,
0x00,0x07,0xF0,0x00,0x07,0xF0,0x00,0x07,0xF0,0x00,0x07,0xF0,0x00,0x07,0xF0,0x00,
0x07,0xF0,0x00,0x07,0xF0,0x00,0x00,0x00,0x00,0x00,0x00,0x00,0x00,0x00,0x00,0x00,
0x00,0x00,0x00,0x00,0x00,0x00,0x00,0x00,0x00,0x00,0x00,0x00,0x00,0x00,0x00,0x00,
0x00,0x00,0x00,0x00,0x00,0x00,0x00,0x00,0x00,0x00,0x00,0x00,0x00,0x00,0x00,0x00,
0x00,0x00,0x00,0x00,0x00,0x00,0x00,0x00,0x00,

/*--  文字:  n  --*/
/*--  微软雅黑48;  此字体下对应的点阵为：宽x高=19x83   --*/
/*--  宽度不是8的倍数，现调整为：宽度x高度=24x83  --*/
0x00,0x00,0x00,0x00,0x00,0x00,0x00,0x00,0x00,0x00,0x00,0x00,0x00,0x00,0x00,0x00,
0x00,0x00,0x00,0x00,0x00,0x00,0x00,0x00,0x00,0x00,0x00,0x00,0x00,0x00,0x00,0x00,
0x00,0x00,0x00,0x00,0x00,0x00,0x00,0x00,0x00,0x00,0x00,0x00,0x00,0x00,0x00,0x00,
0x00,0x00,0x00,0x00,0x00,0x00,0x00,0x00,0x00,0x00,0x00,0x00,0x00,0x00,0x00,0x00,
0x00,0x00,0x00,0x00,0x00,0x00,0x00,0x00,0x00,0x00,0x00,0x00,0x00,0x00,0x00,0x00,
0x00,0x00,0x00,0x00,0x00,0x00,0x00,0x00,0x00,0x00,0x00,0x00,0x00,0x07,0xF0,0x60,
0x07,0xF1,0xE0,0x07,0xF3,0xE0,0x07,0xF7,0xE0,0x07,0xFF,0xE0,0x07,0xFF,0xC0,0x07,
0xFF,0x00,0x07,0xFE,0x00,0x07,0xFC,0x00,0x07,0xFC,0x00,0x07,0xF8,0x00,0x07,0xF8,
0x00,0x07,0xF8,0x00,0x07,0xF0,0x00,0x07,0xF0,0x00,0x07,0xF0,0x00,0x07,0xF0,0x00,
0x07,0xF0,0x00,0x07,0xF0,0x00,0x07,0xF0,0x00,0x07,0xF0,0x00,0x07,0xF0,0x00,0x07,
0xF0,0x00,0x07,0xF0,0x00,0x07,0xF0,0x00,0x07,0xF0,0x00,0x07,0xF0,0x00,0x07,0xF0,
0x00,0x07,0xF0,0x00,0x07,0xF0,0x00,0x07,0xF0,0x00,0x07,0xF0,0x00,0x07,0xF0,0x00,
0x07,0xF0,0x00,0x07,0xF0,0x00,0x00,0x00,0x00,0x00,0x00,0x00,0x00,0x00,0x00,0x00,
0x00,0x00,0x00,0x00,0x00,0x00,0x00,0x00,0x00,0x00,0x00,0x00,0x00,0x00,0x00,0x00,
0x00,0x00,0x00,0x00,0x00,0x00,0x00,0x00,0x00,0x00,0x00,0x00,0x00,0x00,0x00,0x00,
0x00,0x00,0x00,0x00,0x00,0x00,0x00,0x00,0x00,

/*--  文字:  o  --*/
/*--  微软雅黑48;  此字体下对应的点阵为：宽x高=19x83   --*/
/*--  宽度不是8的倍数，现调整为：宽度x高度=24x83  --*/
0x00,0x00,0x00,0x00,0x00,0x00,0x00,0x00,0x00,0x00,0x00,0x00,0x00,0x00,0x00,0x00,
0x00,0x00,0x00,0x00,0x00,0x00,0x00,0x00,0x00,0x00,0x00,0x00,0x00,0x00,0x00,0x00,
0x00,0x00,0x00,0x00,0x00,0x00,0x00,0x00,0x00,0x00,0x00,0x00,0x00,0x00,0x00,0x00,
0x00,0x00,0x00,0x00,0x00,0x00,0x00,0x00,0x00,0x00,0x00,0x00,0x00,0x00,0x00,0x00,
0x00,0x00,0x00,0x00,0x00,0x00,0x00,0x00,0x00,0x00,0x00,0x00,0x00,0x00,0x00,0x00,
0x00,0x00,0x00,0x00,0x00,0x00,0x00,0x00,0x00,0x00,0x00,0x00,0x60,0x00,0x07,0xE0,
0x00,0x1F,0xE0,0x00,0x7F,0xE0,0x00,0xFF,0xE0,0x01,0xFF,0xE0,0x03,0xFF,0x80,0x03,
0xFE,0x00,0x07,0xFC,0x00,0x0F,0xF8,0x00,0x0F,0xF0,0x00,0x0F,0xF0,0x00,0x1F,0xE0,
0x00,0x1F,0xE0,0x00,0x1F,0xE0,0x00,0x1F,0xC0,0x00,0x1F,0xC0,0x00,0x3F,0xC0,0x00,
0x3F,0xC0,0x00,0x3F,0xC0,0x00,0x3F,0xC0,0x00,0x1F,0xC0,0x00,0x1F,0xC0,0x00,0x1F,
0xE0,0x00,0x1F,0xE0,0x00,0x1F,0xE0,0x00,0x0F,0xF0,0x00,0x0F,0xF8,0x00,0x07,0xF8,
0x00,0x07,0xFE,0x00,0x03,0xFF,0x00,0x01,0xFF,0xE0,0x00,0xFF,0xE0,0x00,0x7F,0xE0,
0x00,0x3F,0xE0,0x00,0x0F,0xE0,0x00,0x01,0xE0,0x00,0x00,0x00,0x00,0x00,0x00,0x00,
0x00,0x00,0x00,0x00,0x00,0x00,0x00,0x00,0x00,0x00,0x00,0x00,0x00,0x00,0x00,0x00,
0x00,0x00,0x00,0x00,0x00,0x00,0x00,0x00,0x00,0x00,0x00,0x00,0x00,0x00,0x00,0x00,
0x00,0x00,0x00,0x00,0x00,0x00,0x00,0x00,0x00,

/*--  文字:  p  --*/
/*--  微软雅黑48;  此字体下对应的点阵为：宽x高=19x83   --*/
/*--  宽度不是8的倍数，现调整为：宽度x高度=24x83  --*/
0x00,0x00,0x00,0x00,0x00,0x00,0x00,0x00,0x00,0x00,0x00,0x00,0x00,0x00,0x00,0x00,
0x00,0x00,0x00,0x00,0x00,0x00,0x00,0x00,0x00,0x00,0x00,0x00,0x00,0x00,0x00,0x00,
0x00,0x00,0x00,0x00,0x00,0x00,0x00,0x00,0x00,0x00,0x00,0x00,0x00,0x00,0x00,0x00,
0x00,0x00,0x00,0x00,0x00,0x00,0x00,0x00,0x00,0x00,0x00,0x00,0x00,0x00,0x00,0x00,
0x00,0x00,0x00,0x00,0x00,0x00,0x00,0x00,0x00,0x00,0x00,0x00,0x00,0x00,0x00,0x00,
0x00,0x00,0x00,0x00,0x00,0x00,0x00,0x00,0x00,0x00,0x00,0x00,0x00,0x07,0xF0,0x60,
0x07,0xF1,0xE0,0x07,0xF3,0xE0,0x07,0xF7,0xE0,0x07,0xFF,0xE0,0x07,0xFF,0xE0,0x07,
0xFF,0x80,0x07,0xFF,0x00,0x07,0xFE,0x00,0x07,0xFC,0x00,0x07,0xF8,0x00,0x07,0xF8,
0x00,0x07,0xF8,0x00,0x07,0xF8,0x00,0x07,0xF0,0x00,0x07,0xF0,0x00,0x07,0xF0,0x00,
0x07,0xF0,0x00,0x07,0xF0,0x00,0x07,0xF0,0x00,0x07,0xF0,0x00,0x07,0xF0,0x00,0x07,
0xF0,0x00,0x07,0xF8,0x00,0x07,0xF8,0x00,0x07,0xF8,0x00,0x07,0xFC,0x00,0x07,0xFE,
0x00,0x07,0xFF,0x00,0x07,0xFF,0x80,0x07,0xFF,0xE0,0x07,0xFF,0xE0,0x07,0xF7,0xE0,
0x07,0xF3,0xE0,0x07,0xF1,0xE0,0x07,0xF0,0x20,0x07,0xF0,0x00,0x07,0xF0,0x00,0x07,
0xF0,0x00,0x07,0xF0,0x00,0x07,0xF0,0x00,0x07,0xF0,0x00,0x07,0xF0,0x00,0x07,0xF0,
0x00,0x07,0xF0,0x00,0x07,0xF0,0x00,0x07,0xF0,0x00,0x07,0xF0,0x00,0x07,0xF0,0x00,
0x07,0xF0,0x00,0x07,0xF0,0x00,0x00,0x00,0x00,

/*--  文字:  q  --*/
/*--  微软雅黑48;  此字体下对应的点阵为：宽x高=19x83   --*/
/*--  宽度不是8的倍数，现调整为：宽度x高度=24x83  --*/
0x00,0x00,0x00,0x00,0x00,0x00,0x00,0x00,0x00,0x00,0x00,0x00,0x00,0x00,0x00,0x00,
0x00,0x00,0x00,0x00,0x00,0x00,0x00,0x00,0x00,0x00,0x00,0x00,0x00,0x00,0x00,0x00,
0x00,0x00,0x00,0x00,0x00,0x00,0x00,0x00,0x00,0x00,0x00,0x00,0x00,0x00,0x00,0x00,
0x00,0x00,0x00,0x00,0x00,0x00,0x00,0x00,0x00,0x00,0x00,0x00,0x00,0x00,0x00,0x00,
0x00,0x00,0x00,0x00,0x00,0x00,0x00,0x00,0x00,0x00,0x00,0x00,0x00,0x00,0x00,0x00,
0x00,0x00,0x00,0x00,0x00,0x00,0x00,0x00,0x00,0x00,0x00,0x00,0xE0,0x00,0x0F,0xE0,
0x00,0x3F,0xE0,0x00,0x7F,0xE0,0x00,0xFF,0xE0,0x01,0xFF,0xE0,0x03,0xFF,0x80,0x07,
0xFE,0x00,0x07,0xFC,0x00,0x0F,0xF8,0x00,0x0F,0xF0,0x00,0x0F,0xF0,0x00,0x1F,0xE0,
0x00,0x1F,0xE0,0x00,0x1F,0xE0,0x00,0x1F,0xC0,0x00,0x1F,0xC0,0x00,0x3F,0xC0,0x00,
0x3F,0xC0,0x00,0x3F,0xC0,0x00,0x3F,0xC0,0x00,0x3F,0xC0,0x00,0x1F,0xC0,0x00,0x1F,
0xE0,0x00,0x1F,0xE0,0x00,0x1F,0xE0,0x00,0x1F,0xF0,0x00,0x0F,0xF0,0x00,0x0F,0xF8,
0x00,0x07,0xFC,0x00,0x07,0xFE,0x00,0x03,0xFF,0xE0,0x01,0xFF,0xE0,0x01,0xFF,0xE0,
0x00,0x7F,0xE0,0x00,0x3F,0xE0,0x00,0x07,0xE0,0x00,0x00,0x00,0x00,0x00,0x00,0x00,
0x00,0x00,0x00,0x00,0x00,0x00,0x00,0x00,0x00,0x00,0x00,0x00,0x00,0x00,0x00,0x00,
0x00,0x00,0x00,0x00,0x00,0x00,0x00,0x00,0x00,0x00,0x00,0x00,0x00,0x00,0x00,0x00,
0x00,0x00,0x00,0x00,0x00,0x00,0x00,0x00,0x00,

/*--  文字:  r  --*/
/*--  微软雅黑48;  此字体下对应的点阵为：宽x高=19x83   --*/
/*--  宽度不是8的倍数，现调整为：宽度x高度=24x83  --*/
0x00,0x00,0x00,0x00,0x00,0x00,0x00,0x00,0x00,0x00,0x00,0x00,0x00,0x00,0x00,0x00,
0x00,0x00,0x00,0x00,0x00,0x00,0x00,0x00,0x00,0x00,0x00,0x00,0x00,0x00,0x00,0x00,
0x00,0x00,0x00,0x00,0x00,0x00,0x00,0x00,0x00,0x00,0x00,0x00,0x00,0x00,0x00,0x00,
0x00,0x00,0x00,0x00,0x00,0x00,0x00,0x00,0x00,0x00,0x00,0x00,0x00,0x00,0x00,0x00,
0x00,0x00,0x00,0x00,0x00,0x00,0x00,0x00,0x00,0x00,0x00,0x00,0x00,0x00,0x00,0x00,
0x00,0x00,0x00,0x00,0x00,0x00,0x00,0x00,0x00,0x00,0x00,0x00,0x00,0x07,0xF0,0xE0,
0x07,0xF1,0xE0,0x07,0xF3,0xE0,0x07,0xF7,0xE0,0x07,0xFF,0xE0,0x07,0xFF,0xE0,0x07,
0xFF,0x80,0x07,0xFF,0x00,0x07,0xFE,0x00,0x07,0xFC,0x00,0x07,0xFC,0x00,0x07,0xF8,
0x00,0x07,0xF8,0x00,0x07,0xF8,0x00,0x07,0xF8,0x00,0x07,0xF0,0x00,0x07,0xF0,0x00,
0x07,0xF0,0x00,0x07,0xF0,0x00,0x07,0xF0,0x00,0x07,0xF0,0x00,0x07,0xF0,0x00,0x07,
0xF0,0x00,0x07,0xF0,0x00,0x07,0xF0,0x00,0x07,0xF0,0x00,0x07,0xF0,0x00,0x07,0xF0,
0x00,0x07,0xF0,0x00,0x07,0xF0,0x00,0x07,0xF0,0x00,0x07,0xF0,0x00,0x07,0xF0,0x00,
0x07,0xF0,0x00,0x07,0xF0,0x00,0x00,0x00,0x00,0x00,0x00,0x00,0x00,0x00,0x00,0x00,
0x00,0x00,0x00,0x00,0x00,0x00,0x00,0x00,0x00,0x00,0x00,0x00,0x00,0x00,0x00,0x00,
0x00,0x00,0x00,0x00,0x00,0x00,0x00,0x00,0x00,0x00,0x00,0x00,0x00,0x00,0x00,0x00,
0x00,0x00,0x00,0x00,0x00,0x00,0x00,0x00,0x00,

/*--  文字:  s  --*/
/*--  微软雅黑48;  此字体下对应的点阵为：宽x高=19x83   --*/
/*--  宽度不是8的倍数，现调整为：宽度x高度=24x83  --*/
0x00,0x00,0x00,0x00,0x00,0x00,0x00,0x00,0x00,0x00,0x00,0x00,0x00,0x00,0x00,0x00,
0x00,0x00,0x00,0x00,0x00,0x00,0x00,0x00,0x00,0x00,0x00,0x00,0x00,0x00,0x00,0x00,
0x00,0x00,0x00,0x00,0x00,0x00,0x00,0x00,0x00,0x00,0x00,0x00,0x00,0x00,0x00,0x00,
0x00,0x00,0x00,0x00,0x00,0x00,0x00,0x00,0x00,0x00,0x00,0x00,0x00,0x00,0x00,0x00,
0x00,0x00,0x00,0x00,0x00,0x00,0x00,0x00,0x00,0x00,0x00,0x00,0x00,0x00,0x00,0x00,
0x00,0x00,0x00,0x00,0x00,0x00,0x00,0x00,0x00,0x00,0x00,0x03,0xE0,0x00,0x3F,0xE0,
0x00,0xFF,0xE0,0x03,0xFF,0xE0,0x07,0xFF,0xE0,0x0F,0xFF,0xE0,0x0F,0xF8,0x00,0x1F,
0xF0,0x00,0x1F,0xE0,0x00,0x1F,0xE0,0x00,0x1F,0xE0,0x00,0x1F,0xE0,0x00,0x1F,0xE0,
0x00,0x1F,0xF0,0x00,0x0F,0xFC,0x00,0x0F,0xFF,0x00,0x07,0xFF,0xE0,0x03,0xFF,0xE0,
0x01,0xFF,0xE0,0x00,0x7F,0xE0,0x00,0x1F,0xE0,0x00,0x07,0xE0,0x00,0x00,0xE0,0x00,
0x00,0x20,0x00,0x00,0x00,0x00,0x00,0x00,0x00,0x00,0x00,0x00,0x00,0x00,0x10,0x00,
0x00,0x1C,0x00,0x00,0x1F,0x00,0x20,0x1F,0xFF,0xE0,0x1F,0xFF,0xE0,0x1F,0xFF,0xE0,
0x1F,0xFF,0xE0,0x0F,0xFF,0xE0,0x01,0xFF,0xE0,0x00,0x00,0x00,0x00,0x00,0x00,0x00,
0x00,0x00,0x00,0x00,0x00,0x00,0x00,0x00,0x00,0x00,0x00,0x00,0x00,0x00,0x00,0x00,
0x00,0x00,0x00,0x00,0x00,0x00,0x00,0x00,0x00,0x00,0x00,0x00,0x00,0x00,0x00,0x00,
0x00,0x00,0x00,0x00,0x00,0x00,0x00,0x00,0x00,

/*--  文字:  t  --*/
/*--  微软雅黑48;  此字体下对应的点阵为：宽x高=19x83   --*/
/*--  宽度不是8的倍数，现调整为：宽度x高度=24x83  --*/
0x00,0x00,0x00,0x00,0x00,0x00,0x00,0x00,0x00,0x00,0x00,0x00,0x00,0x00,0x00,0x00,
0x00,0x00,0x00,0x00,0x00,0x00,0x00,0x00,0x00,0x00,0x00,0x00,0x00,0x00,0x00,0x00,
0x00,0x00,0x00,0x00,0x00,0x00,0x00,0x00,0x00,0x00,0x00,0x00,0x00,0x00,0x00,0x00,
0x00,0x00,0x00,0x00,0x00,0x00,0x00,0x00,0x00,0x00,0x00,0x00,0x00,0x00,0x00,0x00,
0x1C,0x00,0x00,0xFC,0x00,0x01,0xFC,0x00,0x01,0xFC,0x00,0x01,0xFC,0x00,0x01,0xFC,
0x00,0x01,0xFC,0x00,0x01,0xFC,0x00,0x01,0xFC,0x00,0x01,0xFC,0x00,0x7F,0xFF,0xE0,
0x7F,0xFF,0xE0,0x7F,0xFF,0xE0,0x7F,0xFF,0xE0,0x7F,0xFF,0xE0,0x7F,0xFF,0xE0,0x01,
0xFC,0x00,0x01,0xFC,0x00,0x01,0xFC,0x00,0x01,0xFC,0x00,0x01,0xFC,0x00,0x01,0xFC,
0x00,0x01,0xFC,0x00,0x01,0xFC,0x00,0x01,0xFC,0x00,0x01,0xFC,0x00,0x01,0xFC,0x00,
0x01,0xFC,0x00,0x01,0xFC,0x00,0x01,0xFC,0x00,0x01,0xFC,0x00,0x01,0xFC,0x00,0x01,
0xFC,0x00,0x01,0xFC,0x00,0x01,0xFC,0x00,0x01,0xFC,0x00,0x01,0xFC,0x00,0x01,0xFE,
0x00,0x01,0xFE,0x00,0x01,0xFF,0x00,0x01,0xFF,0xE0,0x00,0xFF,0xE0,0x00,0xFF,0xE0,
0x00,0x7F,0xE0,0x00,0x3F,0xE0,0x00,0x0F,0xE0,0x00,0x00,0x00,0x00,0x00,0x00,0x00,
0x00,0x00,0x00,0x00,0x00,0x00,0x00,0x00,0x00,0x00,0x00,0x00,0x00,0x00,0x00,0x00,
0x00,0x00,0x00,0x00,0x00,0x00,0x00,0x00,0x00,0x00,0x00,0x00,0x00,0x00,0x00,0x00,
0x00,0x00,0x00,0x00,0x00,0x00,0x00,0x00,0x00,

/*--  文字:  u  --*/
/*--  微软雅黑48;  此字体下对应的点阵为：宽x高=19x83   --*/
/*--  宽度不是8的倍数，现调整为：宽度x高度=24x83  --*/
0x00,0x00,0x00,0x00,0x00,0x00,0x00,0x00,0x00,0x00,0x00,0x00,0x00,0x00,0x00,0x00,
0x00,0x00,0x00,0x00,0x00,0x00,0x00,0x00,0x00,0x00,0x00,0x00,0x00,0x00,0x00,0x00,
0x00,0x00,0x00,0x00,0x00,0x00,0x00,0x00,0x00,0x00,0x00,0x00,0x00,0x00,0x00,0x00,
0x00,0x00,0x00,0x00,0x00,0x00,0x00,0x00,0x00,0x00,0x00,0x00,0x00,0x00,0x00,0x00,
0x00,0x00,0x00,0x00,0x00,0x00,0x00,0x00,0x00,0x00,0x00,0x00,0x00,0x00,0x00,0x00,
0x00,0x00,0x00,0x00,0x00,0x00,0x00,0x00,0x00,0x00,0x00,0x00,0x00,0x0F,0xF0,0x00,
0x0F,0xF0,0x00,0x0F,0xF0,0x00,0x0F,0xF0,0x00,0x0F,0xF0,0x00,0x0F,0xF0,0x00,0x0F,
0xF0,0x00,0x0F,0xF0,0x00,0x0F,0xF0,0x00,0x0F,0xF0,0x00,0x0F,0xF0,0x00,0x0F,0xF0,
0x00,0x0F,0xF0,0x00,0x0F,0xF0,0x00,0x0F,0xF0,0x00,0x0F,0xF0,0x00,0x0F,0xF0,0x00,
0x0F,0xF0,0x00,0x0F,0xF0,0x00,0x0F,0xF0,0x00,0x0F,0xF0,0x00,0x0F,0xF0,0x00,0x0F,
0xF0,0x00,0x0F,0xF0,0x00,0x0F,0xF0,0x00,0x0F,0xF0,0x00,0x07,0xF8,0x00,0x07,0xF8,
0x00,0x07,0xFC,0x00,0x07,0xFE,0x00,0x03,0xFF,0xE0,0x01,0xFF,0xE0,0x01,0xFF,0xE0,
0x00,0xFF,0xE0,0x00,0x3F,0xE0,0x00,0x0F,0xE0,0x00,0x00,0x00,0x00,0x00,0x00,0x00,
0x00,0x00,0x00,0x00,0x00,0x00,0x00,0x00,0x00,0x00,0x00,0x00,0x00,0x00,0x00,0x00,
0x00,0x00,0x00,0x00,0x00,0x00,0x00,0x00,0x00,0x00,0x00,0x00,0x00,0x00,0x00,0x00,
0x00,0x00,0x00,0x00,0x00,0x00,0x00,0x00,0x00,

/*--  文字:  v  --*/
/*--  微软雅黑48;  此字体下对应的点阵为：宽x高=19x83   --*/
/*--  宽度不是8的倍数，现调整为：宽度x高度=24x83  --*/
0x00,0x00,0x00,0x00,0x00,0x00,0x00,0x00,0x00,0x00,0x00,0x00,0x00,0x00,0x00,0x00,
0x00,0x00,0x00,0x00,0x00,0x00,0x00,0x00,0x00,0x00,0x00,0x00,0x00,0x00,0x00,0x00,
0x00,0x00,0x00,0x00,0x00,0x00,0x00,0x00,0x00,0x00,0x00,0x00,0x00,0x00,0x00,0x00,
0x00,0x00,0x00,0x00,0x00,0x00,0x00,0x00,0x00,0x00,0x00,0x00,0x00,0x00,0x00,0x00,
0x00,0x00,0x00,0x00,0x00,0x00,0x00,0x00,0x00,0x00,0x00,0x00,0x00,0x00,0x00,0x00,
0x00,0x00,0x00,0x00,0x00,0x00,0x00,0x00,0x00,0x00,0x00,0x00,0x00,0xFF,0x00,0x00,
0xFF,0x00,0x00,0xFF,0x80,0x00,0x7F,0x80,0x00,0x7F,0x80,0x00,0x3F,0xC0,0x00,0x3F,
0xC0,0x00,0x3F,0xC0,0x00,0x1F,0xE0,0x00,0x1F,0xE0,0x00,0x1F,0xE0,0x00,0x0F,0xF0,
0x00,0x0F,0xF0,0x00,0x07,0xF0,0x00,0x07,0xF8,0x00,0x07,0xF8,0x00,0x03,0xF8,0x00,
0x03,0xFC,0x00,0x03,0xFC,0x00,0x01,0xFC,0x00,0x01,0xFE,0x00,0x00,0xFE,0x00,0x00,
0xFE,0x20,0x00,0xFF,0x20,0x00,0x7F,0x20,0x00,0x7F,0x60,0x00,0x7F,0xE0,0x00,0x3F,
0xE0,0x00,0x3F,0xE0,0x00,0x1F,0xE0,0x00,0x1F,0xE0,0x00,0x1F,0xE0,0x00,0x0F,0xE0,
0x00,0x0F,0xE0,0x00,0x0F,0xE0,0x00,0x00,0x00,0x00,0x00,0x00,0x00,0x00,0x00,0x00,
0x00,0x00,0x00,0x00,0x00,0x00,0x00,0x00,0x00,0x00,0x00,0x00,0x00,0x00,0x00,0x00,
0x00,0x00,0x00,0x00,0x00,0x00,0x00,0x00,0x00,0x00,0x00,0x00,0x00,0x00,0x00,0x00,
0x00,0x00,0x00,0x00,0x00,0x00,0x00,0x00,0x00,

/*--  文字:  w  --*/
/*--  微软雅黑48;  此字体下对应的点阵为：宽x高=19x83   --*/
/*--  宽度不是8的倍数，现调整为：宽度x高度=24x83  --*/
0x00,0x00,0x00,0x00,0x00,0x00,0x00,0x00,0x00,0x00,0x00,0x00,0x00,0x00,0x00,0x00,
0x00,0x00,0x00,0x00,0x00,0x00,0x00,0x00,0x00,0x00,0x00,0x00,0x00,0x00,0x00,0x00,
0x00,0x00,0x00,0x00,0x00,0x00,0x00,0x00,0x00,0x00,0x00,0x00,0x00,0x00,0x00,0x00,
0x00,0x00,0x00,0x00,0x00,0x00,0x00,0x00,0x00,0x00,0x00,0x00,0x00,0x00,0x00,0x00,
0x00,0x00,0x00,0x00,0x00,0x00,0x00,0x00,0x00,0x00,0x00,0x00,0x00,0x00,0x00,0x00,
0x00,0x00,0x00,0x00,0x00,0x00,0x00,0x00,0x00,0x00,0x00,0x00,0x00,0xFF,0x00,0x00,
0xFF,0x00,0x00,0x7F,0x00,0x00,0x7F,0x80,0x00,0x7F,0x80,0x00,0x3F,0x80,0x00,0x3F,
0xC0,0x00,0x3F,0xC0,0x00,0x3F,0xC0,0x00,0x1F,0xC0,0x00,0x1F,0xE0,0x00,0x1F,0xE0,
0x00,0x0F,0xE0,0x00,0x0F,0xE0,0x20,0x0F,0xF0,0x20,0x07,0xF0,0x20,0x07,0xF0,0x60,
0x07,0xF8,0x60,0x07,0xF8,0x60,0x03,0xF8,0x60,0x03,0xF8,0xE0,0x03,0xFC,0xE0,0x01,
0xFC,0xE0,0x01,0xFD,0xE0,0x01,0xFD,0xE0,0x00,0xFF,0xE0,0x00,0xFF,0xE0,0x00,0xFF,
0xE0,0x00,0xFF,0xE0,0x00,0x7F,0xE0,0x00,0x7F,0xE0,0x00,0x7F,0xE0,0x00,0x3F,0xE0,
0x00,0x3F,0xE0,0x00,0x3F,0xC0,0x00,0x00,0x00,0x00,0x00,0x00,0x00,0x00,0x00,0x00,
0x00,0x00,0x00,0x00,0x00,0x00,0x00,0x00,0x00,0x00,0x00,0x00,0x00,0x00,0x00,0x00,
0x00,0x00,0x00,0x00,0x00,0x00,0x00,0x00,0x00,0x00,0x00,0x00,0x00,0x00,0x00,0x00,
0x00,0x00,0x00,0x00,0x00,0x00,0x00,0x00,0x00,

/*--  文字:  x  --*/
/*--  微软雅黑48;  此字体下对应的点阵为：宽x高=19x83   --*/
/*--  宽度不是8的倍数，现调整为：宽度x高度=24x83  --*/
0x00,0x00,0x00,0x00,0x00,0x00,0x00,0x00,0x00,0x00,0x00,0x00,0x00,0x00,0x00,0x00,
0x00,0x00,0x00,0x00,0x00,0x00,0x00,0x00,0x00,0x00,0x00,0x00,0x00,0x00,0x00,0x00,
0x00,0x00,0x00,0x00,0x00,0x00,0x00,0x00,0x00,0x00,0x00,0x00,0x00,0x00,0x00,0x00,
0x00,0x00,0x00,0x00,0x00,0x00,0x00,0x00,0x00,0x00,0x00,0x00,0x00,0x00,0x00,0x00,
0x00,0x00,0x00,0x00,0x00,0x00,0x00,0x00,0x00,0x00,0x00,0x00,0x00,0x00,0x00,0x00,
0x00,0x00,0x00,0x00,0x00,0x00,0x00,0x00,0x00,0x00,0x00,0x00,0x00,0x7F,0x80,0x00,
0x7F,0xC0,0x00,0x3F,0xC0,0x00,0x1F,0xE0,0x00,0x1F,0xE0,0x00,0x0F,0xF0,0x00,0x0F,
0xF8,0x00,0x07,0xF8,0x00,0x03,0xFC,0x00,0x03,0xFC,0x00,0x01,0xFE,0x20,0x00,0xFE,
0x20,0x00,0xFF,0x60,0x00,0x7F,0xE0,0x00,0x3F,0xE0,0x00,0x3F,0xE0,0x00,0x1F,0xE0,
0x00,0x1F,0xE0,0x00,0x1F,0xE0,0x00,0x1F,0xE0,0x00,0x3F,0xE0,0x00,0x7F,0xE0,0x00,
0x7F,0xE0,0x00,0xFF,0x60,0x01,0xFE,0x60,0x01,0xFC,0x20,0x03,0xFC,0x20,0x07,0xF8,
0x00,0x07,0xF8,0x00,0x0F,0xF0,0x00,0x1F,0xE0,0x00,0x3F,0xE0,0x00,0x3F,0xC0,0x00,
0x7F,0xC0,0x00,0xFF,0x80,0x00,0x00,0x00,0x00,0x00,0x00,0x00,0x00,0x00,0x00,0x00,
0x00,0x00,0x00,0x00,0x00,0x00,0x00,0x00,0x00,0x00,0x00,0x00,0x00,0x00,0x00,0x00,
0x00,0x00,0x00,0x00,0x00,0x00,0x00,0x00,0x00,0x00,0x00,0x00,0x00,0x00,0x00,0x00,
0x00,0x00,0x00,0x00,0x00,0x00,0x00,0x00,0x00,

/*--  文字:  y  --*/
/*--  微软雅黑48;  此字体下对应的点阵为：宽x高=19x83   --*/
/*--  宽度不是8的倍数，现调整为：宽度x高度=24x83  --*/
0x00,0x00,0x00,0x00,0x00,0x00,0x00,0x00,0x00,0x00,0x00,0x00,0x00,0x00,0x00,0x00,
0x00,0x00,0x00,0x00,0x00,0x00,0x00,0x00,0x00,0x00,0x00,0x00,0x00,0x00,0x00,0x00,
0x00,0x00,0x00,0x00,0x00,0x00,0x00,0x00,0x00,0x00,0x00,0x00,0x00,0x00,0x00,0x00,
0x00,0x00,0x00,0x00,0x00,0x00,0x00,0x00,0x00,0x00,0x00,0x00,0x00,0x00,0x00,0x00,
0x00,0x00,0x00,0x00,0x00,0x00,0x00,0x00,0x00,0x00,0x00,0x00,0x00,0x00,0x00,0x00,
0x00,0x00,0x00,0x00,0x00,0x00,0x00,0x00,0x00,0x00,0x00,0x00,0x00,0xFF,0x00,0x00,
0xFF,0x00,0x00,0xFF,0x80,0x00,0x7F,0x80,0x00,0x7F,0x80,0x00,0x3F,0xC0,0x00,0x3F,
0xC0,0x00,0x3F,0xC0,0x00,0x1F,0xE0,0x00,0x1F,0xE0,0x00,0x0F,0xE0,0x00,0x0F,0xF0,
0x00,0x0F,0xF0,0x00,0x07,0xF0,0x00,0x07,0xF8,0x00,0x03,0xF8,0x00,0x03,0xFC,0x00,
0x03,0xFC,0x00,0x01,0xFC,0x00,0x01,0xFE,0x00,0x00,0xFE,0x00,0x00,0xFE,0x00,0x00,
0xFF,0x00,0x00,0x7F,0x20,0x00,0x7F,0x20,0x00,0x3F,0xE0,0x00,0x3F,0xE0,0x00,0x3F,
0xE0,0x00,0x1F,0xE0,0x00,0x1F,0xE0,0x00,0x1F,0xE0,0x00,0x0F,0xE0,0x00,0x0F,0xE0,
0x00,0x07,0xE0,0x00,0x07,0xE0,0x00,0x07,0xE0,0x00,0x07,0xE0,0x00,0x0F,0xE0,0x00,
0x0F,0xE0,0x00,0x1F,0xE0,0x00,0x1F,0xE0,0x00,0x3F,0xC0,0x00,0x3F,0xC0,0x00,0x7F,
0x80,0x00,0xFF,0x80,0x61,0xFF,0x00,0x7F,0xFE,0x00,0x7F,0xFC,0x00,0x7F,0xF8,0x00,
0x7F,0xF0,0x00,0x7F,0xE0,0x00,0x1F,0x00,0x00,

/*--  文字:  z  --*/
/*--  微软雅黑48;  此字体下对应的点阵为：宽x高=19x83   --*/
/*--  宽度不是8的倍数，现调整为：宽度x高度=24x83  --*/
0x00,0x00,0x00,0x00,0x00,0x00,0x00,0x00,0x00,0x00,0x00,0x00,0x00,0x00,0x00,0x00,
0x00,0x00,0x00,0x00,0x00,0x00,0x00,0x00,0x00,0x00,0x00,0x00,0x00,0x00,0x00,0x00,
0x00,0x00,0x00,0x00,0x00,0x00,0x00,0x00,0x00,0x00,0x00,0x00,0x00,0x00,0x00,0x00,
0x00,0x00,0x00,0x00,0x00,0x00,0x00,0x00,0x00,0x00,0x00,0x00,0x00,0x00,0x00,0x00,
0x00,0x00,0x00,0x00,0x00,0x00,0x00,0x00,0x00,0x00,0x00,0x00,0x00,0x00,0x00,0x00,
0x00,0x00,0x00,0x00,0x00,0x00,0x00,0x00,0x00,0x00,0x00,0x00,0x00,0x3F,0xFF,0xE0,
0x3F,0xFF,0xE0,0x3F,0xFF,0xE0,0x3F,0xFF,0xE0,0x3F,0xFF,0xE0,0x3F,0xFF,0xE0,0x00,
0x00,0x00,0x00,0x00,0x00,0x00,0x00,0x20,0x00,0x00,0x20,0x00,0x00,0x60,0x00,0x00,
0xE0,0x00,0x01,0xE0,0x00,0x01,0xE0,0x00,0x03,0xE0,0x00,0x07,0xE0,0x00,0x0F,0xE0,
0x00,0x0F,0xE0,0x00,0x1F,0xE0,0x00,0x3F,0xC0,0x00,0x7F,0xC0,0x00,0x7F,0x80,0x00,
0xFF,0x00,0x01,0xFE,0x00,0x01,0xFE,0x00,0x03,0xFC,0x00,0x07,0xF8,0x00,0x0F,0xF0,
0x00,0x0F,0xF0,0x00,0x1F,0xE0,0x00,0x3F,0xFF,0xE0,0x7F,0xFF,0xE0,0x7F,0xFF,0xE0,
0xFF,0xFF,0xE0,0xFF,0xFF,0xE0,0x00,0x00,0x00,0x00,0x00,0x00,0x00,0x00,0x00,0x00,
0x00,0x00,0x00,0x00,0x00,0x00,0x00,0x00,0x00,0x00,0x00,0x00,0x00,0x00,0x00,0x00,
0x00,0x00,0x00,0x00,0x00,0x00,0x00,0x00,0x00,0x00,0x00,0x00,0x00,0x00,0x00,0x00,
0x00,0x00,0x00,0x00,0x00,0x00,0x00,0x00,0x00,

/*--  文字:  {  --*/
/*--  微软雅黑48;  此字体下对应的点阵为：宽x高=19x83   --*/
/*--  宽度不是8的倍数，现调整为：宽度x高度=24x83  --*/
0x00,0x00,0x00,0x00,0x00,0x00,0x00,0x00,0x00,0x00,0x00,0x00,0x00,0x00,0x00,0x00,
0x00,0x00,0x00,0x00,0x00,0x00,0x00,0x00,0x00,0x00,0x00,0x00,0x00,0x00,0x00,0x00,
0x00,0x00,0x00,0x00,0x00,0x00,0x00,0x00,0x00,0x00,0x00,0x00,0x00,0x00,0x00,0x00,
0x00,0x00,0x00,0x00,0x00,0xE0,0x00,0x07,0xE0,0x00,0x1F,0xE0,0x00,0x3F,0xE0,0x00,
0x7F,0xE0,0x00,0x7F,0xE0,0x00,0xFF,0x00,0x00,0xFE,0x00,0x00,0xFE,0x00,0x00,0xFE,
0x00,0x00,0xFE,0x00,0x00,0xFE,0x00,0x00,0xFE,0x00,0x00,0xFE,0x00,0x00,0xFE,0x00,
0x00,0xFE,0x00,0x00,0xFE,0x00,0x00,0xFE,0x00,0x00,0xFE,0x00,0x00,0xFE,0x00,0x00,
0xFE,0x00,0x00,0xFE,0x00,0x00,0xFE,0x00,0x01,0xFC,0x00,0x01,0xFC,0x00,0x01,0xFC,
0x00,0x03,0xFC,0x00,0x07,0xF8,0x00,0x3F,0xF0,0x00,0x3F,0xE0,0x00,0x3F,0xC0,0x00,
0x3F,0xF0,0x00,0x1F,0xF8,0x00,0x07,0xF8,0x00,0x03,0xFC,0x00,0x01,0xFC,0x00,0x01,
0xFC,0x00,0x00,0xFC,0x00,0x00,0xFE,0x00,0x00,0xFE,0x00,0x00,0xFE,0x00,0x00,0xFE,
0x00,0x00,0xFE,0x00,0x00,0xFE,0x00,0x00,0xFE,0x00,0x00,0xFE,0x00,0x00,0xFE,0x00,
0x00,0xFE,0x00,0x00,0xFE,0x00,0x00,0xFE,0x00,0x00,0xFE,0x00,0x00,0xFE,0x00,0x00,
0xFE,0x00,0x00,0xFE,0x00,0x00,0x7F,0x80,0x00,0x7F,0xE0,0x00,0x3F,0xE0,0x00,0x1F,
0xE0,0x00,0x0F,0xE0,0x00,0x03,0xE0,0x00,0x00,0x00,0x00,0x00,0x00,0x00,0x00,0x00,
0x00,0x00,0x00,0x00,0x00,0x00,0x00,0x00,0x00,

/*--  文字:  |  --*/
/*--  微软雅黑48;  此字体下对应的点阵为：宽x高=19x83   --*/
/*--  宽度不是8的倍数，现调整为：宽度x高度=24x83  --*/
0x00,0x00,0x00,0x00,0x00,0x00,0x00,0x00,0x00,0x00,0x00,0x00,0x00,0x00,0x00,0x00,
0x00,0x00,0x00,0x00,0x00,0x00,0x00,0x00,0x00,0x00,0x00,0x00,0x00,0x00,0x00,0x00,
0x00,0x00,0x00,0x00,0x00,0x00,0x00,0x07,0xF0,0x00,0x07,0xF0,0x00,0x07,0xF0,0x00,
0x07,0xF0,0x00,0x07,0xF0,0x00,0x07,0xF0,0x00,0x07,0xF0,0x00,0x07,0xF0,0x00,0x07,
0xF0,0x00,0x07,0xF0,0x00,0x07,0xF0,0x00,0x07,0xF0,0x00,0x07,0xF0,0x00,0x07,0xF0,
0x00,0x07,0xF0,0x00,0x07,0xF0,0x00,0x07,0xF0,0x00,0x07,0xF0,0x00,0x07,0xF0,0x00,
0x07,0xF0,0x00,0x07,0xF0,0x00,0x07,0xF0,0x00,0x07,0xF0,0x00,0x07,0xF0,0x00,0x07,
0xF0,0x00,0x07,0xF0,0x00,0x07,0xF0,0x00,0x07,0xF0,0x00,0x07,0xF0,0x00,0x07,0xF0,
0x00,0x07,0xF0,0x00,0x07,0xF0,0x00,0x07,0xF0,0x00,0x07,0xF0,0x00,0x07,0xF0,0x00,
0x07,0xF0,0x00,0x07,0xF0,0x00,0x07,0xF0,0x00,0x07,0xF0,0x00,0x07,0xF0,0x00,0x07,
0xF0,0x00,0x07,0xF0,0x00,0x07,0xF0,0x00,0x07,0xF0,0x00,0x07,0xF0,0x00,0x07,0xF0,
0x00,0x07,0xF0,0x00,0x07,0xF0,0x00,0x07,0xF0,0x00,0x07,0xF0,0x00,0x07,0xF0,0x00,
0x07,0xF0,0x00,0x07,0xF0,0x00,0x07,0xF0,0x00,0x07,0xF0,0x00,0x07,0xF0,0x00,0x07,
0xF0,0x00,0x07,0xF0,0x00,0x07,0xF0,0x00,0x07,0xF0,0x00,0x07,0xF0,0x00,0x07,0xF0,
0x00,0x07,0xF0,0x00,0x07,0xF0,0x00,0x07,0xF0,0x00,0x07,0xF0,0x00,0x07,0xF0,0x00,
0x07,0xF0,0x00,0x07,0xF0,0x00,0x03,0xE0,0x00,

/*--  文字:  }  --*/
/*--  微软雅黑48;  此字体下对应的点阵为：宽x高=19x83   --*/
/*--  宽度不是8的倍数，现调整为：宽度x高度=24x83  --*/
0x00,0x00,0x00,0x00,0x00,0x00,0x00,0x00,0x00,0x00,0x00,0x00,0x00,0x00,0x00,0x00,
0x00,0x00,0x00,0x00,0x00,0x00,0x00,0x00,0x00,0x00,0x00,0x00,0x00,0x00,0x00,0x00,
0x00,0x00,0x00,0x00,0x00,0x00,0x00,0x00,0x00,0x00,0x00,0x00,0x00,0x00,0x00,0x00,
0x00,0x00,0x00,0x3C,0x00,0x00,0x3F,0x80,0x00,0x3F,0xC0,0x00,0x3F,0xE0,0x00,0x3F,
0xF0,0x00,0x3F,0xF8,0x00,0x07,0xF8,0x00,0x03,0xF8,0x00,0x03,0xFC,0x00,0x01,0xFC,
0x00,0x01,0xFC,0x00,0x01,0xFC,0x00,0x01,0xFC,0x00,0x01,0xFC,0x00,0x01,0xFC,0x00,
0x01,0xFC,0x00,0x01,0xFC,0x00,0x01,0xFC,0x00,0x01,0xFC,0x00,0x01,0xFC,0x00,0x01,
0xFC,0x00,0x01,0xFC,0x00,0x01,0xFC,0x00,0x01,0xFC,0x00,0x01,0xFC,0x00,0x01,0xFE,
0x00,0x00,0xFE,0x00,0x00,0xFF,0x80,0x00,0x7F,0xE0,0x00,0x3F,0xE0,0x00,0x1F,0xE0,
0x00,0x3F,0xE0,0x00,0x7F,0xE0,0x00,0xFF,0x00,0x00,0xFE,0x00,0x01,0xFC,0x00,0x01,
0xFC,0x00,0x01,0xFC,0x00,0x01,0xFC,0x00,0x01,0xFC,0x00,0x01,0xFC,0x00,0x01,0xFC,
0x00,0x01,0xFC,0x00,0x01,0xFC,0x00,0x01,0xFC,0x00,0x01,0xFC,0x00,0x01,0xFC,0x00,
0x01,0xFC,0x00,0x01,0xFC,0x00,0x01,0xFC,0x00,0x01,0xFC,0x00,0x01,0xFC,0x00,0x03,
0xF8,0x00,0x03,0xF8,0x00,0x07,0xF8,0x00,0x3F,0xF0,0x00,0x3F,0xF0,0x00,0x3F,0xE0,
0x00,0x3F,0xC0,0x00,0x3F,0x00,0x00,0x00,0x00,0x00,0x00,0x00,0x00,0x00,0x00,0x00,
0x00,0x00,0x00,0x00,0x00,0x00,0x00,0x00,0x00,

/*--  文字:  ~  --*/
/*--  微软雅黑48;  此字体下对应的点阵为：宽x高=19x83   --*/
/*--  宽度不是8的倍数，现调整为：宽度x高度=24x83  --*/
0x00,0x00,0x00,0x00,0x00,0x00,0x00,0x00,0x00,0x00,0x00,0x00,0x00,0x00,0x00,0x00,
0x00,0x00,0x00,0x00,0x00,0x00,0x00,0x00,0x00,0x00,0x00,0x00,0x00,0x00,0x00,0x00,
0x00,0x00,0x00,0x00,0x00,0x00,0x00,0x00,0x00,0x00,0x00,0x00,0x00,0x00,0x00,0x00,
0x00,0x00,0x00,0x00,0x00,0x00,0x00,0x00,0x00,0x00,0x00,0x00,0x00,0x00,0x00,0x00,
0x00,0x00,0x00,0x00,0x00,0x00,0x00,0x00,0x00,0x00,0x00,0x00,0x00,0x00,0x00,0x00,
0x00,0x00,0x00,0x00,0x00,0x00,0x00,0x00,0x00,0x00,0x00,0x00,0x00,0x00,0x00,0x00,
0x00,0x00,0x00,0x00,0x00,0x00,0x00,0x00,0x00,0x00,0x00,0x00,0x00,0x00,0x00,0x00,
0x00,0x00,0x00,0x00,0x00,0x00,0x00,0x00,0x00,0x03,0xE0,0x00,0x1F,0xE0,0x00,0x3F,
0xE0,0x00,0x7F,0xE0,0x00,0xFF,0xE0,0x00,0xFF,0xE0,0x01,0xFC,0x00,0x01,0xF8,0x00,
0x01,0xF8,0x00,0x03,0xF8,0x00,0x03,0xF8,0x00,0x03,0xF0,0x00,0x00,0x00,0x00,0x00,
0x00,0x00,0x00,0x00,0x00,0x00,0x00,0x00,0x00,0x00,0x00,0x00,0x00,0x00,0x00,0x00,
0x00,0x00,0x00,0x00,0x00,0x00,0x00,0x00,0x00,0x00,0x00,0x00,0x00,0x00,0x00,0x00,
0x00,0x00,0x00,0x00,0x00,0x00,0x00,0x00,0x00,0x00,0x00,0x00,0x00,0x00,0x00,0x00,
0x00,0x00,0x00,0x00,0x00,0x00,0x00,0x00,0x00,0x00,0x00,0x00,0x00,0x00,0x00,0x00,
0x00,0x00,0x00,0x00,0x00,0x00,0x00,0x00,0x00,0x00,0x00,0x00,0x00,0x00,0x00,0x00,
0x00,0x00,0x00,0x00,0x00,0x00,0x00,0x00,0x00,

/*--  文字:     --*/
/*--  微软雅黑48;  此字体下对应的点阵为：宽x高=19x83   --*/
/*--  宽度不是8的倍数，现调整为：宽度x高度=24x83  --*/
0x00,0x00,0x00,0x00,0x00,0x00,0x00,0x00,0x00,0x00,0x00,0x00,0x00,0x00,0x00,0x00,
0x00,0x00,0x00,0x00,0x00,0x00,0x00,0x00,0x00,0x00,0x00,0x00,0x00,0x00,0x00,0x00,
0x00,0x00,0x00,0x00,0x00,0x00,0x00,0x00,0x00,0x00,0x00,0x00,0x00,0x00,0x00,0x00,
0x00,0x00,0x00,0x00,0x00,0x00,0x00,0x00,0x00,0x00,0x00,0x00,0x00,0x00,0x00,0x00,
0x00,0x00,0x00,0x00,0x00,0x00,0x00,0x00,0x00,0x00,0x00,0x00,0x00,0x00,0x00,0x00,
0x00,0x00,0x00,0x00,0x00,0x00,0x00,0x00,0x00,0x00,0x00,0x00,0x00,0x00,0x00,0x00,
0x00,0x00,0x00,0x00,0x00,0x00,0x00,0x00,0x00,0x00,0x00,0x00,0x00,0x00,0x00,0x00,
0x00,0x00,0x00,0x00,0x00,0x00,0x00,0x00,0x00,0x00,0x00,0x00,0x00,0x00,0x00,0x00,
0x00,0x00,0x00,0x00,0x00,0x00,0x00,0x00,0x00,0x00,0x00,0x00,0x00,0x00,0x00,0x00,
0x00,0x00,0x00,0x00,0x00,0x00,0x00,0x00,0x00,0x00,0x00,0x00,0x00,0x00,0x00,0x00,
0x00,0x00,0x00,0x00,0x00,0x00,0x00,0x00,0x00,0x00,0x00,0x00,0x00,0x00,0x00,0x00,
0x00,0x00,0x00,0x00,0x00,0x00,0x00,0x00,0x00,0x00,0x00,0x00,0x00,0x00,0x00,0x00,
0x00,0x00,0x00,0x00,0x00,0x00,0x00,0x00,0x00,0x00,0x00,0x00,0x00,0x00,0x00,0x00,
0x00,0x00,0x00,0x00,0x00,0x00,0x00,0x00,0x00,0x00,0x00,0x00,0x00,0x00,0x00,0x00,
0x00,0x00,0x00,0x00,0x00,0x00,0x00,0x00,0x00,0x00,0x00,0x00,0x00,0x00,0x00,0x00,
0x00,0x00,0x00,0x00,0x00,0x00,0x00,0x00,0x00,

/*--  文字:  !  --*/
/*--  微软雅黑48;  此字体下对应的点阵为：宽x高=19x83   --*/
/*--  宽度不是8的倍数，现调整为：宽度x高度=24x83  --*/
0x00,0x00,0x00,0x00,0x00,0x00,0x00,0x00,0x00,0x00,0x00,0x00,0x00,0x00,0x00,0x00,
0x00,0x00,0x00,0x00,0x00,0x00,0x00,0x00,0x00,0x00,0x00,0x00,0x00,0x00,0x00,0x00,
0x00,0x00,0x00,0x00,0x00,0x00,0x00,0x00,0x00,0x00,0x00,0x00,0x00,0x00,0x00,0x00,
0x00,0x00,0x00,0x03,0xFC,0x00,0x03,0xFC,0x00,0x03,0xFC,0x00,0x03,0xFC,0x00,0x03,
0xFC,0x00,0x03,0xFC,0x00,0x03,0xFC,0x00,0x03,0xFC,0x00,0x03,0xFC,0x00,0x03,0xFC,
0x00,0x03,0xFC,0x00,0x03,0xFC,0x00,0x03,0xFC,0x00,0x03,0xFC,0x00,0x03,0xFC,0x00,
0x03,0xFC,0x00,0x03,0xFC,0x00,0x03,0xFC,0x00,0x03,0xFC,0x00,0x03,0xF8,0x00,0x03,
0xF8,0x00,0x03,0xF8,0x00,0x03,0xF8,0x00,0x03,0xF8,0x00,0x03,0xF8,0x00,0x03,0xF8,
0x00,0x03,0xF8,0x00,0x01,0xF8,0x00,0x01,0xF8,0x00,0x01,0xF8,0x00,0x01,0xF8,0x00,
0x01,0xF8,0x00,0x01,0xF8,0x00,0x01,0xF8,0x00,0x01,0xF8,0x00,0x01,0xF0,0x00,0x00,
0x00,0x00,0x00,0x00,0x00,0x00,0x00,0x00,0x00,0x00,0x00,0x00,0x00,0x00,0x00,0x60,
0x00,0x01,0xF8,0x00,0x03,0xFC,0x00,0x07,0xFE,0x00,0x07,0xFE,0x00,0x07,0xFE,0x00,
0x03,0xFC,0x00,0x03,0xFC,0x00,0x00,0xF0,0x00,0x00,0x00,0x00,0x00,0x00,0x00,0x00,
0x00,0x00,0x00,0x00,0x00,0x00,0x00,0x00,0x00,0x00,0x00,0x00,0x00,0x00,0x00,0x00,
0x00,0x00,0x00,0x00,0x00,0x00,0x00,0x00,0x00,0x00,0x00,0x00,0x00,0x00,0x00,0x00,
0x00,0x00,0x00,0x00,0x00,0x00,0x00,0x00,0x00,

/*--  文字:  "  --*/
/*--  微软雅黑48;  此字体下对应的点阵为：宽x高=19x83   --*/
/*--  宽度不是8的倍数，现调整为：宽度x高度=24x83  --*/
0x00,0x00,0x00,0x00,0x00,0x00,0x00,0x00,0x00,0x00,0x00,0x00,0x00,0x00,0x00,0x00,
0x00,0x00,0x00,0x00,0x00,0x00,0x00,0x00,0x00,0x00,0x00,0x00,0x00,0x00,0x00,0x00,
0x00,0x00,0x00,0x00,0x00,0x00,0x00,0x00,0x00,0x00,0x00,0x00,0x00,0x00,0x00,0x00,
0x00,0x00,0x00,0x03,0xFB,0xE0,0x03,0xFF,0xE0,0x03,0xFB,0xE0,0x03,0xFB,0xE0,0x03,
0xF9,0xE0,0x03,0xF9,0xE0,0x03,0xF9,0xE0,0x03,0xF9,0xE0,0x03,0xF9,0xE0,0x03,0xF9,
0xE0,0x01,0xF9,0xE0,0x01,0xF9,0xE0,0x01,0xF9,0xE0,0x01,0xF9,0xE0,0x01,0xF9,0xE0,
0x01,0xF9,0xE0,0x00,0x00,0x00,0x00,0x00,0x00,0x00,0x00,0x00,0x00,0x00,0x00,0x00,
0x00,0x00,0x00,0x00,0x00,0x00,0x00,0x00,0x00,0x00,0x00,0x00,0x00,0x00,0x00,0x00,
0x00,0x00,0x00,0x00,0x00,0x00,0x00,0x00,0x00,0x00,0x00,0x00,0x00,0x00,0x00,0x00,
0x00,0x00,0x00,0x00,0x00,0x00,0x00,0x00,0x00,0x00,0x00,0x00,0x00,0x00,0x00,0x00,
0x00,0x00,0x00,0x00,0x00,0x00,0x00,0x00,0x00,0x00,0x00,0x00,0x00,0x00,0x00,0x00,
0x00,0x00,0x00,0x00,0x00,0x00,0x00,0x00,0x00,0x00,0x00,0x00,0x00,0x00,0x00,0x00,
0x00,0x00,0x00,0x00,0x00,0x00,0x00,0x00,0x00,0x00,0x00,0x00,0x00,0x00,0x00,0x00,
0x00,0x00,0x00,0x00,0x00,0x00,0x00,0x00,0x00,0x00,0x00,0x00,0x00,0x00,0x00,0x00,
0x00,0x00,0x00,0x00,0x00,0x00,0x00,0x00,0x00,0x00,0x00,0x00,0x00,0x00,0x00,0x00,
0x00,0x00,0x00,0x00,0x00,0x00,0x00,0x00,0x00,

/*--  文字:  #  --*/
/*--  微软雅黑48;  此字体下对应的点阵为：宽x高=19x83   --*/
/*--  宽度不是8的倍数，现调整为：宽度x高度=24x83  --*/
0x00,0x00,0x00,0x00,0x00,0x00,0x00,0x00,0x00,0x00,0x00,0x00,0x00,0x00,0x00,0x00,
0x00,0x00,0x00,0x00,0x00,0x00,0x00,0x00,0x00,0x00,0x00,0x00,0x00,0x00,0x00,0x00,
0x00,0x00,0x00,0x00,0x00,0x00,0x00,0x00,0x00,0x00,0x00,0x00,0x00,0x00,0x00,0x00,
0x00,0x00,0x00,0x00,0x00,0xE0,0x00,0x01,0xE0,0x00,0x01,0xE0,0x00,0x01,0xE0,0x00,
0x01,0xE0,0x00,0x03,0xE0,0x00,0x03,0xE0,0x00,0x03,0xE0,0x00,0x03,0xE0,0x00,0x03,
0xE0,0x00,0x07,0xE0,0x00,0x07,0xE0,0x00,0x07,0xE0,0x00,0x07,0xE0,0x1F,0xFF,0xE0,
0x1F,0xFF,0xE0,0x1F,0xFF,0xE0,0x1F,0xFF,0xE0,0x00,0x0F,0xC0,0x00,0x1F,0xC0,0x00,
0x1F,0x80,0x00,0x1F,0x80,0x00,0x1F,0x80,0x00,0x1F,0x80,0x00,0x3F,0x00,0x00,0x3F,
0x00,0x00,0x3F,0x00,0x3F,0xFF,0xE0,0x7F,0xFF,0xE0,0x7F,0xFF,0xE0,0x7F,0xFF,0xE0,
0xFF,0xFF,0xE0,0x00,0x7E,0x00,0x00,0x7E,0x00,0x00,0xFC,0x00,0x00,0xFC,0x00,0x00,
0xFC,0x00,0x00,0xFC,0x00,0x01,0xFC,0x00,0x01,0xF8,0x00,0x01,0xF8,0x00,0x01,0xF8,
0x00,0x01,0xF8,0x00,0x03,0xF0,0x00,0x03,0xF0,0x00,0x00,0x00,0x00,0x00,0x00,0x00,
0x00,0x00,0x00,0x00,0x00,0x00,0x00,0x00,0x00,0x00,0x00,0x00,0x00,0x00,0x00,0x00,
0x00,0x00,0x00,0x00,0x00,0x00,0x00,0x00,0x00,0x00,0x00,0x00,0x00,0x00,0x00,0x00,
0x00,0x00,0x00,0x00,0x00,0x00,0x00,0x00,0x00,0x00,0x00,0x00,0x00,0x00,0x00,0x00,
0x00,0x00,0x00,0x00,0x00,0x00,0x00,0x00,0x00,

/*--  文字:  $  --*/
/*--  微软雅黑48;  此字体下对应的点阵为：宽x高=19x83   --*/
/*--  宽度不是8的倍数，现调整为：宽度x高度=24x83  --*/
0x00,0x00,0x00,0x00,0x00,0x00,0x00,0x00,0x00,0x00,0x00,0x00,0x00,0x00,0x00,0x00,
0x00,0x00,0x00,0x00,0x00,0x00,0x00,0x00,0x00,0x00,0x00,0x00,0x00,0x00,0x00,0x00,
0x00,0x00,0x00,0x60,0x00,0x00,0x60,0x00,0x00,0x60,0x00,0x00,0x60,0x00,0x00,0x60,
0x00,0x00,0x60,0x00,0x01,0xE0,0x00,0x0F,0xE0,0x00,0x1F,0xE0,0x00,0x7F,0xE0,0x00,
0xFF,0xE0,0x01,0xFF,0xE0,0x01,0xFF,0x60,0x03,0xFC,0x60,0x03,0xF8,0x60,0x07,0xF8,
0x60,0x07,0xF0,0x60,0x07,0xF0,0x60,0x07,0xF0,0x60,0x07,0xF0,0x60,0x07,0xF0,0x60,
0x07,0xF8,0x60,0x07,0xF8,0x60,0x07,0xFC,0x60,0x03,0xFE,0x60,0x03,0xFF,0x60,0x01,
0xFF,0xE0,0x00,0xFF,0xE0,0x00,0x7F,0xE0,0x00,0x3F,0xE0,0x00,0x1F,0xE0,0x00,0x07,
0xE0,0x00,0x01,0xE0,0x00,0x00,0x60,0x00,0x00,0x60,0x00,0x00,0x60,0x00,0x00,0x60,
0x00,0x00,0x60,0x00,0x00,0x60,0x00,0x00,0x60,0x00,0x00,0x60,0x00,0x00,0x60,0x00,
0x00,0x60,0x00,0x00,0x60,0x00,0x00,0x60,0x00,0x00,0x60,0x06,0x00,0x60,0x07,0x80,
0x60,0x07,0xE0,0x60,0x07,0xFF,0xE0,0x07,0xFF,0xE0,0x07,0xFF,0xE0,0x07,0xFF,0xE0,
0x01,0xFF,0xE0,0x00,0x3F,0xE0,0x00,0x00,0x60,0x00,0x00,0x60,0x00,0x00,0x60,0x00,
0x00,0x60,0x00,0x00,0x60,0x00,0x00,0x60,0x00,0x00,0x60,0x00,0x00,0x00,0x00,0x00,
0x00,0x00,0x00,0x00,0x00,0x00,0x00,0x00,0x00,0x00,0x00,0x00,0x00,0x00,0x00,0x00,
0x00,0x00,0x00,0x00,0x00,0x00,0x00,0x00,0x00,

/*--  文字:  %  --*/
/*--  微软雅黑48;  此字体下对应的点阵为：宽x高=19x83   --*/
/*--  宽度不是8的倍数，现调整为：宽度x高度=24x83  --*/
0x00,0x00,0x00,0x00,0x00,0x00,0x00,0x00,0x00,0x00,0x00,0x00,0x00,0x00,0x00,0x00,
0x00,0x00,0x00,0x00,0x00,0x00,0x00,0x00,0x00,0x00,0x00,0x00,0x00,0x00,0x00,0x00,
0x00,0x00,0x00,0x00,0x00,0x00,0x00,0x00,0x00,0x00,0x00,0x00,0x00,0x00,0x00,0x00,
0x00,0x06,0x00,0x00,0x7F,0xE0,0x01,0xFF,0xE0,0x03,0xFF,0xE0,0x07,0xFF,0xE0,0x0F,
0xF0,0xE0,0x0F,0xE0,0x20,0x1F,0xC0,0x00,0x1F,0x80,0x00,0x3F,0x80,0x00,0x3F,0x80,
0x00,0x3F,0x00,0x00,0x3F,0x00,0x00,0x3F,0x00,0x00,0x3F,0x00,0x00,0x3F,0x00,0x00,
0x3F,0x80,0x00,0x3F,0x80,0x00,0x1F,0x80,0x00,0x1F,0xC0,0x20,0x1F,0xE0,0x60,0x0F,
0xFF,0xE0,0x07,0xFF,0xE0,0x03,0xFF,0xE0,0x01,0xFF,0xE0,0x00,0x7F,0xC0,0x00,0x00,
0x00,0x00,0x00,0x00,0x00,0x00,0x00,0x00,0x00,0x00,0x00,0x00,0x00,0x00,0x00,0x00,
0x00,0x00,0x00,0x00,0x00,0x00,0x00,0x00,0x00,0x00,0x00,0x00,0x00,0x00,0x20,0x00,
0x00,0x20,0x00,0x00,0x60,0x00,0x00,0xE0,0x00,0x00,0xE0,0x00,0x01,0xE0,0x00,0x03,
0xE0,0x00,0x03,0xE0,0x00,0x07,0xE0,0x00,0x0F,0xE0,0x00,0x0F,0xE0,0x00,0x1F,0xC0,
0x00,0x1F,0x80,0x00,0x3F,0x80,0x00,0x3F,0x00,0x00,0x00,0x00,0x00,0x00,0x00,0x00,
0x00,0x00,0x00,0x00,0x00,0x00,0x00,0x00,0x00,0x00,0x00,0x00,0x00,0x00,0x00,0x00,
0x00,0x00,0x00,0x00,0x00,0x00,0x00,0x00,0x00,0x00,0x00,0x00,0x00,0x00,0x00,0x00,
0x00,0x00,0x00,0x00,0x00,0x00,0x00,0x00,0x00,

/*--  文字:  &  --*/
/*--  微软雅黑48;  此字体下对应的点阵为：宽x高=19x83   --*/
/*--  宽度不是8的倍数，现调整为：宽度x高度=24x83  --*/
0x00,0x00,0x00,0x00,0x00,0x00,0x00,0x00,0x00,0x00,0x00,0x00,0x00,0x00,0x00,0x00,
0x00,0x00,0x00,0x00,0x00,0x00,0x00,0x00,0x00,0x00,0x00,0x00,0x00,0x00,0x00,0x00,
0x00,0x00,0x00,0x00,0x00,0x00,0x00,0x00,0x00,0x00,0x00,0x00,0x00,0x00,0x00,0x00,
0x00,0x00,0x00,0x00,0x00,0xE0,0x00,0x03,0xE0,0x00,0x0F,0xE0,0x00,0x0F,0xE0,0x00,
0x1F,0xE0,0x00,0x3F,0xE0,0x00,0x3F,0xC0,0x00,0x7F,0x80,0x00,0x7F,0x00,0x00,0x7F,
0x00,0x00,0x7F,0x00,0x00,0x7F,0x00,0x00,0x7F,0x00,0x00,0x7F,0x00,0x00,0x7F,0x80,
0x00,0x3F,0x80,0x00,0x3F,0xC0,0x00,0x1F,0xE0,0x00,0x0F,0xE0,0x00,0x07,0xE0,0x00,
0x03,0xE0,0x00,0x07,0xE0,0x00,0x1F,0xE0,0x00,0x3F,0xE0,0x00,0xFF,0xE0,0x01,0xFF,
0x80,0x03,0xFF,0x00,0x03,0xFC,0x00,0x07,0xF8,0x00,0x0F,0xF0,0x00,0x0F,0xF0,0x00,
0x0F,0xE0,0x00,0x1F,0xE0,0x00,0x1F,0xE0,0x00,0x1F,0xE0,0x00,0x1F,0xE0,0x00,0x1F,
0xE0,0x00,0x1F,0xE0,0x00,0x1F,0xE0,0x00,0x0F,0xF0,0x00,0x0F,0xF0,0x00,0x0F,0xF8,
0x00,0x07,0xFC,0x00,0x07,0xFF,0x00,0x03,0xFF,0xE0,0x01,0xFF,0xE0,0x00,0xFF,0xE0,
0x00,0x7F,0xE0,0x00,0x1F,0xE0,0x00,0x03,0xE0,0x00,0x00,0x00,0x00,0x00,0x00,0x00,
0x00,0x00,0x00,0x00,0x00,0x00,0x00,0x00,0x00,0x00,0x00,0x00,0x00,0x00,0x00,0x00,
0x00,0x00,0x00,0x00,0x00,0x00,0x00,0x00,0x00,0x00,0x00,0x00,0x00,0x00,0x00,0x00,
0x00,0x00,0x00,0x00,0x00,0x00,0x00,0x00,0x00,

/*--  文字:  '  --*/
/*--  微软雅黑48;  此字体下对应的点阵为：宽x高=19x83   --*/
/*--  宽度不是8的倍数，现调整为：宽度x高度=24x83  --*/
0x00,0x00,0x00,0x00,0x00,0x00,0x00,0x00,0x00,0x00,0x00,0x00,0x00,0x00,0x00,0x00,
0x00,0x00,0x00,0x00,0x00,0x00,0x00,0x00,0x00,0x00,0x00,0x00,0x00,0x00,0x00,0x00,
0x00,0x00,0x00,0x00,0x00,0x00,0x00,0x00,0x00,0x00,0x00,0x00,0x00,0x00,0x00,0x00,
0x00,0x00,0x00,0x07,0xF0,0x00,0x0F,0xF0,0x00,0x0F,0xF0,0x00,0x07,0xF0,0x00,0x07,
0xF0,0x00,0x07,0xF0,0x00,0x07,0xF0,0x00,0x07,0xF0,0x00,0x07,0xF0,0x00,0x07,0xE0,
0x00,0x07,0xE0,0x00,0x07,0xE0,0x00,0x07,0xE0,0x00,0x07,0xE0,0x00,0x07,0xE0,0x00,
0x07,0xE0,0x00,0x00,0x00,0x00,0x00,0x00,0x00,0x00,0x00,0x00,0x00,0x00,0x00,0x00,
0x00,0x00,0x00,0x00,0x00,0x00,0x00,0x00,0x00,0x00,0x00,0x00,0x00,0x00,0x00,0x00,
0x00,0x00,0x00,0x00,0x00,0x00,0x00,0x00,0x00,0x00,0x00,0x00,0x00,0x00,0x00,0x00,
0x00,0x00,0x00,0x00,0x00,0x00,0x00,0x00,0x00,0x00,0x00,0x00,0x00,0x00,0x00,0x00,
0x00,0x00,0x00,0x00,0x00,0x00,0x00,0x00,0x00,0x00,0x00,0x00,0x00,0x00,0x00,0x00,
0x00,0x00,0x00,0x00,0x00,0x00,0x00,0x00,0x00,0x00,0x00,0x00,0x00,0x00,0x00,0x00,
0x00,0x00,0x00,0x00,0x00,0x00,0x00,0x00,0x00,0x00,0x00,0x00,0x00,0x00,0x00,0x00,
0x00,0x00,0x00,0x00,0x00,0x00,0x00,0x00,0x00,0x00,0x00,0x00,0x00,0x00,0x00,0x00,
0x00,0x00,0x00,0x00,0x00,0x00,0x00,0x00,0x00,0x00,0x00,0x00,0x00,0x00,0x00,0x00,
0x00,0x00,0x00,0x00,0x00,0x00,0x00,0x00,0x00,

/*--  文字:  (  --*/
/*--  微软雅黑48;  此字体下对应的点阵为：宽x高=19x83   --*/
/*--  宽度不是8的倍数，现调整为：宽度x高度=24x83  --*/
0x00,0x00,0x00,0x00,0x00,0x00,0x00,0x00,0x00,0x00,0x00,0x00,0x00,0x00,0x00,0x00,
0x00,0x00,0x00,0x00,0x00,0x00,0x00,0x00,0x00,0x00,0x00,0x00,0x00,0x00,0x00,0x00,
0x00,0x00,0x00,0x00,0x00,0x00,0x00,0x00,0x00,0x00,0x00,0x00,0x00,0x00,0x00,0x00,
0x00,0x00,0x00,0x00,0x01,0xE0,0x00,0x03,0xE0,0x00,0x07,0xE0,0x00,0x0F,0xE0,0x00,
0x0F,0xE0,0x00,0x1F,0xC0,0x00,0x3F,0x80,0x00,0x3F,0x80,0x00,0x7F,0x00,0x00,0x7F,
0x00,0x00,0xFE,0x00,0x00,0xFE,0x00,0x01,0xFC,0x00,0x01,0xFC,0x00,0x01,0xFC,0x00,
0x03,0xF8,0x00,0x03,0xF8,0x00,0x03,0xF8,0x00,0x07,0xF0,0x00,0x07,0xF0,0x00,0x07,
0xF0,0x00,0x07,0xF0,0x00,0x07,0xF0,0x00,0x0F,0xE0,0x00,0x0F,0xE0,0x00,0x0F,0xE0,
0x00,0x0F,0xE0,0x00,0x0F,0xE0,0x00,0x0F,0xE0,0x00,0x0F,0xE0,0x00,0x0F,0xE0,0x00,
0x0F,0xE0,0x00,0x0F,0xE0,0x00,0x0F,0xE0,0x00,0x0F,0xE0,0x00,0x0F,0xE0,0x00,0x0F,
0xE0,0x00,0x0F,0xE0,0x00,0x07,0xF0,0x00,0x07,0xF0,0x00,0x07,0xF0,0x00,0x07,0xF0,
0x00,0x07,0xF0,0x00,0x03,0xF8,0x00,0x03,0xF8,0x00,0x03,0xF8,0x00,0x01,0xFC,0x00,
0x01,0xFC,0x00,0x01,0xFC,0x00,0x00,0xFE,0x00,0x00,0xFE,0x00,0x00,0x7F,0x00,0x00,
0x7F,0x00,0x00,0x3F,0x80,0x00,0x3F,0x80,0x00,0x1F,0xC0,0x00,0x0F,0xE0,0x00,0x07,
0xE0,0x00,0x07,0xE0,0x00,0x03,0xE0,0x00,0x00,0x00,0x00,0x00,0x00,0x00,0x00,0x00,
0x00,0x00,0x00,0x00,0x00,0x00,0x00,0x00,0x00,

/*--  文字:  )  --*/
/*--  微软雅黑48;  此字体下对应的点阵为：宽x高=19x83   --*/
/*--  宽度不是8的倍数，现调整为：宽度x高度=24x83  --*/
0x00,0x00,0x00,0x00,0x00,0x00,0x00,0x00,0x00,0x00,0x00,0x00,0x00,0x00,0x00,0x00,
0x00,0x00,0x00,0x00,0x00,0x00,0x00,0x00,0x00,0x00,0x00,0x00,0x00,0x00,0x00,0x00,
0x00,0x00,0x00,0x00,0x00,0x00,0x00,0x00,0x00,0x00,0x00,0x00,0x00,0x00,0x00,0x00,
0x00,0x00,0x00,0xFE,0x00,0x00,0x7F,0x00,0x00,0x7F,0x00,0x00,0x3F,0x80,0x00,0x1F,
0xC0,0x00,0x0F,0xE0,0x00,0x0F,0xE0,0x00,0x07,0xF0,0x00,0x07,0xF0,0x00,0x03,0xF8,
0x00,0x03,0xF8,0x00,0x01,0xFC,0x00,0x01,0xFC,0x00,0x00,0xFE,0x00,0x00,0xFE,0x00,
0x00,0xFE,0x00,0x00,0x7F,0x00,0x00,0x7F,0x00,0x00,0x7F,0x00,0x00,0x7F,0x00,0x00,
0x3F,0x80,0x00,0x3F,0x80,0x00,0x3F,0x80,0x00,0x3F,0x80,0x00,0x3F,0x80,0x00,0x3F,
0x80,0x00,0x3F,0x80,0x00,0x3F,0x80,0x00,0x1F,0x80,0x00,0x1F,0x80,0x00,0x1F,0x80,
0x00,0x1F,0x80,0x00,0x1F,0x80,0x00,0x3F,0x80,0x00,0x3F,0x80,0x00,0x3F,0x80,0x00,
0x3F,0x80,0x00,0x3F,0x80,0x00,0x3F,0x80,0x00,0x3F,0x80,0x00,0x3F,0x80,0x00,0x7F,
0x00,0x00,0x7F,0x00,0x00,0x7F,0x00,0x00,0x7F,0x00,0x00,0xFE,0x00,0x00,0xFE,0x00,
0x01,0xFE,0x00,0x01,0xFC,0x00,0x01,0xFC,0x00,0x03,0xF8,0x00,0x03,0xF8,0x00,0x07,
0xF0,0x00,0x07,0xF0,0x00,0x0F,0xE0,0x00,0x1F,0xC0,0x00,0x1F,0xC0,0x00,0x3F,0x80,
0x00,0x7F,0x00,0x00,0xFE,0x00,0x00,0x00,0x00,0x00,0x00,0x00,0x00,0x00,0x00,0x00,
0x00,0x00,0x00,0x00,0x00,0x00,0x00,0x00,0x00,

/*--  文字:  *  --*/
/*--  微软雅黑48;  此字体下对应的点阵为：宽x高=19x83   --*/
/*--  宽度不是8的倍数，现调整为：宽度x高度=24x83  --*/
0x00,0x00,0x00,0x00,0x00,0x00,0x00,0x00,0x00,0x00,0x00,0x00,0x00,0x00,0x00,0x00,
0x00,0x00,0x00,0x00,0x00,0x00,0x00,0x00,0x00,0x00,0x00,0x00,0x00,0x00,0x00,0x00,
0x00,0x00,0x00,0x00,0x00,0x00,0x00,0x00,0x00,0x00,0x00,0x00,0x00,0x00,0x00,0x00,
0x00,0x00,0x00,0x00,0x0F,0xC0,0x00,0x1F,0xC0,0x00,0x0F,0xC0,0x00,0x0F,0xC0,0x00,
0x0F,0xC0,0x00,0x0F,0x80,0x00,0x0F,0x80,0x1C,0x0F,0x80,0x1F,0x0F,0x80,0x1F,0xEF,
0xA0,0x3F,0xFF,0xE0,0x3F,0xFF,0xE0,0x1F,0xFF,0xE0,0x00,0xFF,0xE0,0x00,0x3F,0xE0,
0x00,0x3F,0xE0,0x00,0x7F,0xE0,0x00,0xFD,0xE0,0x01,0xFC,0xE0,0x01,0xF8,0xE0,0x03,
0xF8,0x60,0x07,0xF0,0x60,0x07,0xE0,0x20,0x01,0xE0,0x20,0x00,0xC0,0x00,0x00,0x00,
0x00,0x00,0x00,0x00,0x00,0x00,0x00,0x00,0x00,0x00,0x00,0x00,0x00,0x00,0x00,0x00,
0x00,0x00,0x00,0x00,0x00,0x00,0x00,0x00,0x00,0x00,0x00,0x00,0x00,0x00,0x00,0x00,
0x00,0x00,0x00,0x00,0x00,0x00,0x00,0x00,0x00,0x00,0x00,0x00,0x00,0x00,0x00,0x00,
0x00,0x00,0x00,0x00,0x00,0x00,0x00,0x00,0x00,0x00,0x00,0x00,0x00,0x00,0x00,0x00,
0x00,0x00,0x00,0x00,0x00,0x00,0x00,0x00,0x00,0x00,0x00,0x00,0x00,0x00,0x00,0x00,
0x00,0x00,0x00,0x00,0x00,0x00,0x00,0x00,0x00,0x00,0x00,0x00,0x00,0x00,0x00,0x00,
0x00,0x00,0x00,0x00,0x00,0x00,0x00,0x00,0x00,0x00,0x00,0x00,0x00,0x00,0x00,0x00,
0x00,0x00,0x00,0x00,0x00,0x00,0x00,0x00,0x00,

/*--  文字:  +  --*/
/*--  微软雅黑48;  此字体下对应的点阵为：宽x高=19x83   --*/
/*--  宽度不是8的倍数，现调整为：宽度x高度=24x83  --*/
0x00,0x00,0x00,0x00,0x00,0x00,0x00,0x00,0x00,0x00,0x00,0x00,0x00,0x00,0x00,0x00,
0x00,0x00,0x00,0x00,0x00,0x00,0x00,0x00,0x00,0x00,0x00,0x00,0x00,0x00,0x00,0x00,
0x00,0x00,0x00,0x00,0x00,0x00,0x00,0x00,0x00,0x00,0x00,0x00,0x00,0x00,0x00,0x00,
0x00,0x00,0x00,0x00,0x00,0x00,0x00,0x00,0x00,0x00,0x00,0x00,0x00,0x00,0x00,0x00,
0x00,0x00,0x00,0x00,0x00,0x00,0x00,0x00,0x00,0x00,0x00,0x00,0x00,0x00,0x00,0x00,
0x00,0x00,0x00,0x00,0x00,0x00,0x00,0x00,0x00,0x00,0x00,0x00,0x00,0x00,0x00,0x00,
0x00,0x00,0x00,0x00,0x00,0x00,0x00,0x00,0x00,0x00,0x00,0x00,0x00,0x00,0x00,0x00,
0x00,0x00,0x00,0x00,0x00,0x00,0x00,0x00,0x00,0x00,0x00,0x00,0x00,0x00,0x00,0x00,
0x00,0x01,0xFF,0xE0,0x01,0xFF,0xE0,0x01,0xFF,0xE0,0x01,0xFF,0xE0,0x01,0xFF,0xE0,
0x00,0xFF,0xE0,0x00,0x00,0x00,0x00,0x00,0x00,0x00,0x00,0x00,0x00,0x00,0x00,0x00,
0x00,0x00,0x00,0x00,0x00,0x00,0x00,0x00,0x00,0x00,0x00,0x00,0x00,0x00,0x00,0x00,
0x00,0x00,0x00,0x00,0x00,0x00,0x00,0x00,0x00,0x00,0x00,0x00,0x00,0x00,0x00,0x00,
0x00,0x00,0x00,0x00,0x00,0x00,0x00,0x00,0x00,0x00,0x00,0x00,0x00,0x00,0x00,0x00,
0x00,0x00,0x00,0x00,0x00,0x00,0x00,0x00,0x00,0x00,0x00,0x00,0x00,0x00,0x00,0x00,
0x00,0x00,0x00,0x00,0x00,0x00,0x00,0x00,0x00,0x00,0x00,0x00,0x00,0x00,0x00,0x00,
0x00,0x00,0x00,0x00,0x00,0x00,0x00,0x00,0x00,

/*--  文字:  ,  --*/
/*--  微软雅黑48;  此字体下对应的点阵为：宽x高=19x83   --*/
/*--  宽度不是8的倍数，现调整为：宽度x高度=24x83  --*/
0x00,0x00,0x00,0x00,0x00,0x00,0x00,0x00,0x00,0x00,0x00,0x00,0x00,0x00,0x00,0x00,
0x00,0x00,0x00,0x00,0x00,0x00,0x00,0x00,0x00,0x00,0x00,0x00,0x00,0x00,0x00,0x00,
0x00,0x00,0x00,0x00,0x00,0x00,0x00,0x00,0x00,0x00,0x00,0x00,0x00,0x00,0x00,0x00,
0x00,0x00,0x00,0x00,0x00,0x00,0x00,0x00,0x00,0x00,0x00,0x00,0x00,0x00,0x00,0x00,
0x00,0x00,0x00,0x00,0x00,0x00,0x00,0x00,0x00,0x00,0x00,0x00,0x00,0x00,0x00,0x00,
0x00,0x00,0x00,0x00,0x00,0x00,0x00,0x00,0x00,0x00,0x00,0x00,0x00,0x00,0x00,0x00,
0x00,0x00,0x00,0x00,0x00,0x00,0x00,0x00,0x00,0x00,0x00,0x00,0x00,0x00,0x00,0x00,
0x00,0x00,0x00,0x00,0x00,0x00,0x00,0x00,0x00,0x00,0x00,0x00,0x00,0x00,0x00,0x00,
0x00,0x00,0x00,0x00,0x00,0x00,0x00,0x00,0x00,0x00,0x00,0x00,0x00,0x00,0x00,0x00,
0x00,0x00,0x00,0x00,0x00,0x00,0x00,0x00,0x00,0x00,0x00,0x00,0x00,0x00,0x00,0x00,
0x00,0x00,0x00,0x00,0x00,0x00,0x00,0x00,0x00,0x00,0x00,0x00,0x00,0x00,0x0F,0xF0,
0x00,0x0F,0xE0,0x00,0x0F,0xE0,0x00,0x0F,0xE0,0x00,0x1F,0xC0,0x00,0x1F,0xC0,0x00,
0x1F,0xC0,0x00,0x1F,0xC0,0x00,0x1F,0x80,0x00,0x3F,0x80,0x00,0x3F,0x80,0x00,0x3F,
0x00,0x00,0x3F,0x00,0x00,0x7F,0x00,0x00,0x7E,0x00,0x00,0x7E,0x00,0x00,0x7E,0x00,
0x00,0x00,0x00,0x00,0x00,0x00,0x00,0x00,0x00,0x00,0x00,0x00,0x00,0x00,0x00,0x00,
0x00,0x00,0x00,0x00,0x00,0x00,0x00,0x00,0x00,

/*--  文字:  -  --*/
/*--  微软雅黑48;  此字体下对应的点阵为：宽x高=19x83   --*/
/*--  宽度不是8的倍数，现调整为：宽度x高度=24x83  --*/
0x00,0x00,0x00,0x00,0x00,0x00,0x00,0x00,0x00,0x00,0x00,0x00,0x00,0x00,0x00,0x00,
0x00,0x00,0x00,0x00,0x00,0x00,0x00,0x00,0x00,0x00,0x00,0x00,0x00,0x00,0x00,0x00,
0x00,0x00,0x00,0x00,0x00,0x00,0x00,0x00,0x00,0x00,0x00,0x00,0x00,0x00,0x00,0x00,
0x00,0x00,0x00,0x00,0x00,0x00,0x00,0x00,0x00,0x00,0x00,0x00,0x00,0x00,0x00,0x00,
0x00,0x00,0x00,0x00,0x00,0x00,0x00,0x00,0x00,0x00,0x00,0x00,0x00,0x00,0x00,0x00,
0x00,0x00,0x00,0x00,0x00,0x00,0x00,0x00,0x00,0x00,0x00,0x00,0x00,0x00,0x00,0x00,
0x00,0x00,0x00,0x00,0x00,0x00,0x00,0x00,0x00,0x00,0x00,0x00,0x00,0x00,0x00,0x00,
0x00,0x00,0x00,0x00,0x00,0x00,0x00,0x00,0x00,0x00,0x00,0x00,0x00,0x00,0x00,0x00,
0x00,0x00,0x00,0x00,0x0F,0xFF,0xE0,0x0F,0xFF,0xE0,0x0F,0xFF,0xE0,0x0F,0xFF,0xE0,
0x0F,0xFF,0xE0,0x07,0xFF,0xE0,0x00,0x00,0x00,0x00,0x00,0x00,0x00,0x00,0x00,0x00,
0x00,0x00,0x00,0x00,0x00,0x00,0x00,0x00,0x00,0x00,0x00,0x00,0x00,0x00,0x00,0x00,
0x00,0x00,0x00,0x00,0x00,0x00,0x00,0x00,0x00,0x00,0x00,0x00,0x00,0x00,0x00,0x00,
0x00,0x00,0x00,0x00,0x00,0x00,0x00,0x00,0x00,0x00,0x00,0x00,0x00,0x00,0x00,0x00,
0x00,0x00,0x00,0x00,0x00,0x00,0x00,0x00,0x00,0x00,0x00,0x00,0x00,0x00,0x00,0x00,
0x00,0x00,0x00,0x00,0x00,0x00,0x00,0x00,0x00,0x00,0x00,0x00,0x00,0x00,0x00,0x00,
0x00,0x00,0x00,0x00,0x00,0x00,0x00,0x00,0x00,

/*--  文字:  .  --*/
/*--  微软雅黑48;  此字体下对应的点阵为：宽x高=19x83   --*/
/*--  宽度不是8的倍数，现调整为：宽度x高度=24x83  --*/
0x00,0x00,0x00,0x00,0x00,0x00,0x00,0x00,0x00,0x00,0x00,0x00,0x00,0x00,0x00,0x00,
0x00,0x00,0x00,0x00,0x00,0x00,0x00,0x00,0x00,0x00,0x00,0x00,0x00,0x00,0x00,0x00,
0x00,0x00,0x00,0x00,0x00,0x00,0x00,0x00,0x00,0x00,0x00,0x00,0x00,0x00,0x00,0x00,
0x00,0x00,0x00,0x00,0x00,0x00,0x00,0x00,0x00,0x00,0x00,0x00,0x00,0x00,0x00,0x00,
0x00,0x00,0x00,0x00,0x00,0x00,0x00,0x00,0x00,0x00,0x00,0x00,0x00,0x00,0x00,0x00,
0x00,0x00,0x00,0x00,0x00,0x00,0x00,0x00,0x00,0x00,0x00,0x00,0x00,0x00,0x00,0x00,
0x00,0x00,0x00,0x00,0x00,0x00,0x00,0x00,0x00,0x00,0x00,0x00,0x00,0x00,0x00,0x00,
0x00,0x00,0x00,0x00,0x00,0x00,0x00,0x00,0x00,0x00,0x00,0x00,0x00,0x00,0x00,0x00,
0x00,0x00,0x00,0x00,0x00,0x00,0x00,0x00,0x00,0x00,0x00,0x00,0x00,0x00,0x00,0x00,
0x00,0x00,0x00,0x00,0x00,0x00,0x00,0x00,0x00,0x00,0x00,0x00,0x00,0x00,0x00,0x00,
0x00,0x00,0x00,0x00,0x00,0x00,0x00,0x00,0x00,0x00,0x00,0x00,0x00,0x00,0x01,0x80,
0x00,0x0F,0xE0,0x00,0x0F,0xF0,0x00,0x1F,0xF0,0x00,0x1F,0xF8,0x00,0x1F,0xF8,0x00,
0x1F,0xF0,0x00,0x0F,0xE0,0x00,0x07,0xC0,0x00,0x00,0x00,0x00,0x00,0x00,0x00,0x00,
0x00,0x00,0x00,0x00,0x00,0x00,0x00,0x00,0x00,0x00,0x00,0x00,0x00,0x00,0x00,0x00,
0x00,0x00,0x00,0x00,0x00,0x00,0x00,0x00,0x00,0x00,0x00,0x00,0x00,0x00,0x00,0x00,
0x00,0x00,0x00,0x00,0x00,0x00,0x00,0x00,0x00,

/*--  文字:  /  --*/
/*--  微软雅黑48;  此字体下对应的点阵为：宽x高=19x83   --*/
/*--  宽度不是8的倍数，现调整为：宽度x高度=24x83  --*/
0x00,0x00,0x00,0x00,0x00,0x00,0x00,0x00,0x00,0x00,0x00,0x00,0x00,0x00,0x00,0x00,
0x00,0x00,0x00,0x00,0x00,0x00,0x00,0x00,0x00,0x00,0x00,0x00,0x00,0x00,0x00,0x00,
0x00,0x00,0x00,0x00,0x00,0x00,0x00,0x00,0x00,0x00,0x00,0x00,0x00,0x00,0x00,0x00,
0x00,0x00,0x00,0x00,0x00,0x00,0x00,0x00,0x00,0x00,0x00,0x00,0x00,0x00,0x00,0x00,
0x00,0x00,0x00,0x00,0x00,0x00,0x00,0x00,0x00,0x00,0x00,0x00,0x00,0x20,0x00,0x00,
0x20,0x00,0x00,0x60,0x00,0x00,0x60,0x00,0x00,0x60,0x00,0x00,0xE0,0x00,0x00,0xE0,
0x00,0x01,0xE0,0x00,0x01,0xE0,0x00,0x03,0xE0,0x00,0x03,0xE0,0x00,0x03,0xE0,0x00,
0x07,0xE0,0x00,0x07,0xE0,0x00,0x0F,0xE0,0x00,0x0F,0xE0,0x00,0x0F,0xE0,0x00,0x1F,
0xC0,0x00,0x1F,0xC0,0x00,0x3F,0xC0,0x00,0x3F,0x80,0x00,0x3F,0x80,0x00,0x7F,0x00,
0x00,0x7F,0x00,0x00,0xFF,0x00,0x00,0xFE,0x00,0x01,0xFE,0x00,0x01,0xFC,0x00,0x01,
0xFC,0x00,0x03,0xF8,0x00,0x03,0xF8,0x00,0x07,0xF8,0x00,0x07,0xF0,0x00,0x07,0xF0,
0x00,0x0F,0xE0,0x00,0x0F,0xE0,0x00,0x1F,0xE0,0x00,0x1F,0xC0,0x00,0x1F,0xC0,0x00,
0x3F,0x80,0x00,0x3F,0x80,0x00,0x7F,0x80,0x00,0x7F,0x00,0x00,0xFF,0x00,0x00,0xFE,
0x00,0x00,0xFE,0x00,0x00,0xFC,0x00,0x00,0xFC,0x00,0x00,0xFC,0x00,0x00,0x00,0x00,
0x00,0x00,0x00,0x00,0x00,0x00,0x00,0x00,0x00,0x00,0x00,0x00,0x00,0x00,0x00,0x00,
0x00,0x00,0x00,0x00,0x00,0x00,0x00,0x00,0x00,

/*--  文字:  0  --*/
/*--  微软雅黑48;  此字体下对应的点阵为：宽x高=19x83   --*/
/*--  宽度不是8的倍数，现调整为：宽度x高度=24x83  --*/
0x00,0x00,0x00,0x00,0x00,0x00,0x00,0x00,0x00,0x00,0x00,0x00,0x00,0x00,0x00,0x00,
0x00,0x00,0x00,0x00,0x00,0x00,0x00,0x00,0x00,0x00,0x00,0x00,0x00,0x00,0x00,0x00,
0x00,0x00,0x00,0x00,0x00,0x00,0x00,0x00,0x00,0x00,0x00,0x00,0x00,0x00,0x00,0x00,
0x00,0x00,0x60,0x00,0x07,0xE0,0x00,0x1F,0xE0,0x00,0x3F,0xE0,0x00,0x7F,0xE0,0x00,
0xFF,0xE0,0x01,0xFF,0x80,0x03,0xFE,0x00,0x03,0xFC,0x00,0x07,0xF8,0x00,0x07,0xF8,
0x00,0x0F,0xF0,0x00,0x0F,0xF0,0x00,0x0F,0xE0,0x00,0x1F,0xE0,0x00,0x1F,0xE0,0x00,
0x1F,0xE0,0x00,0x1F,0xC0,0x00,0x1F,0xC0,0x00,0x3F,0xC0,0x00,0x3F,0xC0,0x00,0x3F,
0xC0,0x00,0x3F,0xC0,0x00,0x3F,0xC0,0x00,0x3F,0xC0,0x00,0x3F,0xC0,0x00,0x3F,0xC0,
0x00,0x3F,0xC0,0x00,0x3F,0xC0,0x00,0x3F,0xC0,0x00,0x3F,0xC0,0x00,0x3F,0xC0,0x00,
0x3F,0xC0,0x00,0x3F,0xC0,0x00,0x1F,0xC0,0x00,0x1F,0xE0,0x00,0x1F,0xE0,0x00,0x1F,
0xE0,0x00,0x1F,0xE0,0x00,0x0F,0xF0,0x00,0x0F,0xF0,0x00,0x0F,0xF8,0x00,0x07,0xF8,
0x00,0x07,0xFC,0x00,0x03,0xFF,0x00,0x01,0xFF,0xE0,0x00,0xFF,0xE0,0x00,0xFF,0xE0,
0x00,0x3F,0xE0,0x00,0x1F,0xE0,0x00,0x03,0xE0,0x00,0x00,0x00,0x00,0x00,0x00,0x00,
0x00,0x00,0x00,0x00,0x00,0x00,0x00,0x00,0x00,0x00,0x00,0x00,0x00,0x00,0x00,0x00,
0x00,0x00,0x00,0x00,0x00,0x00,0x00,0x00,0x00,0x00,0x00,0x00,0x00,0x00,0x00,0x00,
0x00,0x00,0x00,0x00,0x00,0x00,0x00,0x00,0x00,

/*--  文字:  1  --*/
/*--  微软雅黑48;  此字体下对应的点阵为：宽x高=19x83   --*/
/*--  宽度不是8的倍数，现调整为：宽度x高度=24x83  --*/
0x00,0x00,0x00,0x00,0x00,0x00,0x00,0x00,0x00,0x00,0x00,0x00,0x00,0x00,0x00,0x00,
0x00,0x00,0x00,0x00,0x00,0x00,0x00,0x00,0x00,0x00,0x00,0x00,0x00,0x00,0x00,0x00,
0x00,0x00,0x00,0x00,0x00,0x00,0x00,0x00,0x00,0x00,0x00,0x00,0x00,0x00,0x00,0x00,
0x00,0x00,0x00,0x00,0x00,0x00,0x00,0x00,0x20,0x00,0x00,0xE0,0x00,0x01,0xE0,0x00,
0x07,0xE0,0x00,0x3F,0xE0,0x00,0xFF,0xE0,0x03,0xFF,0xE0,0x03,0xFF,0xE0,0x03,0xFF,
0x60,0x03,0xFE,0x60,0x03,0xF8,0x60,0x03,0xC0,0x60,0x00,0x00,0x60,0x00,0x00,0x60,
0x00,0x00,0x60,0x00,0x00,0x60,0x00,0x00,0x60,0x00,0x00,0x60,0x00,0x00,0x60,0x00,
0x00,0x60,0x00,0x00,0x60,0x00,0x00,0x60,0x00,0x00,0x60,0x00,0x00,0x60,0x00,0x00,
0x60,0x00,0x00,0x60,0x00,0x00,0x60,0x00,0x00,0x60,0x00,0x00,0x60,0x00,0x00,0x60,
0x00,0x00,0x60,0x00,0x00,0x60,0x00,0x00,0x60,0x00,0x00,0x60,0x00,0x00,0x60,0x00,
0x00,0x60,0x00,0x00,0x60,0x00,0x00,0x60,0x00,0x00,0x60,0x00,0x00,0x60,0x00,0x00,
0x60,0x00,0x00,0x60,0x00,0x00,0x60,0x00,0x00,0x60,0x00,0x00,0x60,0x00,0x00,0x60,
0x00,0x00,0x60,0x00,0x00,0x60,0x00,0x00,0x00,0x00,0x00,0x00,0x00,0x00,0x00,0x00,
0x00,0x00,0x00,0x00,0x00,0x00,0x00,0x00,0x00,0x00,0x00,0x00,0x00,0x00,0x00,0x00,
0x00,0x00,0x00,0x00,0x00,0x00,0x00,0x00,0x00,0x00,0x00,0x00,0x00,0x00,0x00,0x00,
0x00,0x00,0x00,0x00,0x00,0x00,0x00,0x00,0x00,

/*--  文字:  2  --*/
/*--  微软雅黑48;  此字体下对应的点阵为：宽x高=19x83   --*/
/*--  宽度不是8的倍数，现调整为：宽度x高度=24x83  --*/
0x00,0x00,0x00,0x00,0x00,0x00,0x00,0x00,0x00,0x00,0x00,0x00,0x00,0x00,0x00,0x00,
0x00,0x00,0x00,0x00,0x00,0x00,0x00,0x00,0x00,0x00,0x00,0x00,0x00,0x00,0x00,0x00,
0x00,0x00,0x00,0x00,0x00,0x00,0x00,0x00,0x00,0x00,0x00,0x00,0x00,0x00,0x00,0x00,
0x00,0x00,0xE0,0x00,0x1F,0xE0,0x00,0x7F,0xE0,0x00,0xFF,0xE0,0x03,0xFF,0xE0,0x07,
0xFF,0xE0,0x07,0xFE,0x00,0x07,0xF0,0x00,0x07,0xE0,0x00,0x07,0x80,0x00,0x07,0x00,
0x00,0x06,0x00,0x00,0x00,0x00,0x00,0x00,0x00,0x00,0x00,0x00,0x00,0x00,0x00,0x00,
0x00,0x00,0x00,0x00,0x00,0x00,0x00,0x00,0x00,0x00,0x00,0x00,0x00,0x00,0x00,0x00,
0x00,0x00,0x00,0x00,0x00,0x00,0x00,0x00,0x00,0x00,0x00,0x00,0x00,0x00,0x00,0x00,
0x20,0x00,0x00,0x60,0x00,0x01,0xE0,0x00,0x03,0xE0,0x00,0x07,0xE0,0x00,0x1F,0xE0,
0x00,0x3F,0xE0,0x00,0x7F,0xE0,0x00,0xFF,0xC0,0x01,0xFF,0x80,0x03,0xFE,0x00,0x03,
0xFC,0x00,0x07,0xF8,0x00,0x07,0xF0,0x00,0x0F,0xF0,0x00,0x0F,0xE0,0x00,0x1F,0xE0,
0x00,0x1F,0xE0,0x00,0x1F,0xFF,0xE0,0x1F,0xFF,0xE0,0x1F,0xFF,0xE0,0x1F,0xFF,0xE0,
0x1F,0xFF,0xE0,0x1F,0xFF,0xE0,0x00,0x00,0x00,0x00,0x00,0x00,0x00,0x00,0x00,0x00,
0x00,0x00,0x00,0x00,0x00,0x00,0x00,0x00,0x00,0x00,0x00,0x00,0x00,0x00,0x00,0x00,
0x00,0x00,0x00,0x00,0x00,0x00,0x00,0x00,0x00,0x00,0x00,0x00,0x00,0x00,0x00,0x00,
0x00,0x00,0x00,0x00,0x00,0x00,0x00,0x00,0x00,

/*--  文字:  3  --*/
/*--  微软雅黑48;  此字体下对应的点阵为：宽x高=19x83   --*/
/*--  宽度不是8的倍数，现调整为：宽度x高度=24x83  --*/
0x00,0x00,0x00,0x00,0x00,0x00,0x00,0x00,0x00,0x00,0x00,0x00,0x00,0x00,0x00,0x00,
0x00,0x00,0x00,0x00,0x00,0x00,0x00,0x00,0x00,0x00,0x00,0x00,0x00,0x00,0x00,0x00,
0x00,0x00,0x00,0x00,0x00,0x00,0x00,0x00,0x00,0x00,0x00,0x00,0x00,0x00,0x00,0x00,
0x00,0x01,0xE0,0x00,0x3F,0xE0,0x01,0xFF,0xE0,0x03,0xFF,0xE0,0x03,0xFF,0xE0,0x03,
0xFF,0xE0,0x03,0xF8,0x00,0x03,0xC0,0x00,0x03,0x80,0x00,0x00,0x00,0x00,0x00,0x00,
0x00,0x00,0x00,0x00,0x00,0x00,0x00,0x00,0x00,0x00,0x00,0x00,0x00,0x00,0x00,0x00,
0x00,0x00,0x00,0x00,0x00,0x00,0x00,0x00,0x00,0x00,0x00,0x00,0x00,0x00,0x00,0x00,
0x00,0x20,0x00,0x7F,0xE0,0x00,0x7F,0xE0,0x00,0x7F,0xE0,0x00,0x7F,0xE0,0x00,0x7F,
0xE0,0x00,0x7F,0xE0,0x00,0x00,0x00,0x00,0x00,0x00,0x00,0x00,0x00,0x00,0x00,0x00,
0x00,0x00,0x00,0x00,0x00,0x00,0x00,0x00,0x00,0x00,0x00,0x00,0x00,0x00,0x00,0x00,
0x00,0x00,0x00,0x00,0x00,0x00,0x00,0x00,0x00,0x00,0x00,0x00,0x00,0x00,0x0C,0x00,
0x00,0x0F,0x00,0x00,0x0F,0xC0,0x00,0x0F,0xFF,0xE0,0x0F,0xFF,0xE0,0x0F,0xFF,0xE0,
0x0F,0xFF,0xE0,0x03,0xFF,0xE0,0x00,0x7F,0xE0,0x00,0x00,0x00,0x00,0x00,0x00,0x00,
0x00,0x00,0x00,0x00,0x00,0x00,0x00,0x00,0x00,0x00,0x00,0x00,0x00,0x00,0x00,0x00,
0x00,0x00,0x00,0x00,0x00,0x00,0x00,0x00,0x00,0x00,0x00,0x00,0x00,0x00,0x00,0x00,
0x00,0x00,0x00,0x00,0x00,0x00,0x00,0x00,0x00,

/*--  文字:  4  --*/
/*--  微软雅黑48;  此字体下对应的点阵为：宽x高=19x83   --*/
/*--  宽度不是8的倍数，现调整为：宽度x高度=24x83  --*/
0x00,0x00,0x00,0x00,0x00,0x00,0x00,0x00,0x00,0x00,0x00,0x00,0x00,0x00,0x00,0x00,
0x00,0x00,0x00,0x00,0x00,0x00,0x00,0x00,0x00,0x00,0x00,0x00,0x00,0x00,0x00,0x00,
0x00,0x00,0x00,0x00,0x00,0x00,0x00,0x00,0x00,0x00,0x00,0x00,0x00,0x00,0x00,0x00,
0x00,0x00,0x00,0x00,0x00,0x00,0x00,0x00,0x00,0x00,0x00,0x00,0x00,0x00,0x00,0x00,
0x00,0x00,0x00,0x00,0x00,0x00,0x00,0x00,0x00,0x00,0x20,0x00,0x00,0x20,0x00,0x00,
0x60,0x00,0x00,0xE0,0x00,0x00,0xE0,0x00,0x01,0xE0,0x00,0x03,0xE0,0x00,0x03,0xE0,
0x00,0x07,0xE0,0x00,0x0F,0xE0,0x00,0x0F,0xE0,0x00,0x1F,0xC0,0x00,0x3F,0xC0,0x00,
0x3F,0x80,0x00,0x7F,0x00,0x00,0xFF,0x00,0x01,0xFE,0x00,0x01,0xFC,0x00,0x03,0xFC,
0x00,0x07,0xF8,0x00,0x0F,0xF0,0x00,0x1F,0xE0,0x00,0x1F,0xE0,0x00,0x3F,0xC0,0x00,
0x7F,0x80,0x00,0xFF,0xFF,0xE0,0xFF,0xFF,0xE0,0xFF,0xFF,0xE0,0xFF,0xFF,0xE0,0xFF,
0xFF,0xE0,0xFF,0xFF,0xE0,0x00,0x00,0x00,0x00,0x00,0x00,0x00,0x00,0x00,0x00,0x00,
0x00,0x00,0x00,0x00,0x00,0x00,0x00,0x00,0x00,0x00,0x00,0x00,0x00,0x00,0x00,0x00,
0x00,0x00,0x00,0x00,0x00,0x00,0x00,0x00,0x00,0x00,0x00,0x00,0x00,0x00,0x00,0x00,
0x00,0x00,0x00,0x00,0x00,0x00,0x00,0x00,0x00,0x00,0x00,0x00,0x00,0x00,0x00,0x00,
0x00,0x00,0x00,0x00,0x00,0x00,0x00,0x00,0x00,0x00,0x00,0x00,0x00,0x00,0x00,0x00,
0x00,0x00,0x00,0x00,0x00,0x00,0x00,0x00,0x00,

/*--  文字:  5  --*/
/*--  微软雅黑48;  此字体下对应的点阵为：宽x高=19x83   --*/
/*--  宽度不是8的倍数，现调整为：宽度x高度=24x83  --*/
0x00,0x00,0x00,0x00,0x00,0x00,0x00,0x00,0x00,0x00,0x00,0x00,0x00,0x00,0x00,0x00,
0x00,0x00,0x00,0x00,0x00,0x00,0x00,0x00,0x00,0x00,0x00,0x00,0x00,0x00,0x00,0x00,
0x00,0x00,0x00,0x00,0x00,0x00,0x00,0x00,0x00,0x00,0x00,0x00,0x00,0x00,0x00,0x00,
0x00,0x00,0x00,0x01,0xFF,0xE0,0x01,0xFF,0xE0,0x01,0xFF,0xE0,0x01,0xFF,0xE0,0x01,
0xFF,0xE0,0x01,0xFF,0xE0,0x01,0xFC,0x00,0x01,0xFC,0x00,0x01,0xFC,0x00,0x01,0xFC,
0x00,0x03,0xF8,0x00,0x03,0xF8,0x00,0x03,0xF8,0x00,0x03,0xF8,0x00,0x03,0xF8,0x00,
0x03,0xF8,0x00,0x03,0xF8,0x00,0x03,0xF8,0x00,0x03,0xF8,0x00,0x03,0xFF,0xE0,0x03,
0xFF,0xE0,0x03,0xFF,0xE0,0x03,0xFF,0xE0,0x07,0xFF,0xE0,0x07,0xFF,0xE0,0x00,0x00,
0x20,0x00,0x00,0x00,0x00,0x00,0x00,0x00,0x00,0x00,0x00,0x00,0x00,0x00,0x00,0x00,
0x00,0x00,0x00,0x00,0x00,0x00,0x00,0x00,0x00,0x00,0x00,0x00,0x00,0x00,0x00,0x00,
0x00,0x00,0x00,0x00,0x00,0x00,0x00,0x00,0x00,0x00,0x00,0x00,0x00,0x00,0x04,0x00,
0x00,0x07,0x00,0x00,0x07,0xC0,0x00,0x07,0xFF,0xE0,0x07,0xFF,0xE0,0x07,0xFF,0xE0,
0x07,0xFF,0xE0,0x03,0xFF,0xE0,0x00,0x7F,0xE0,0x00,0x00,0x00,0x00,0x00,0x00,0x00,
0x00,0x00,0x00,0x00,0x00,0x00,0x00,0x00,0x00,0x00,0x00,0x00,0x00,0x00,0x00,0x00,
0x00,0x00,0x00,0x00,0x00,0x00,0x00,0x00,0x00,0x00,0x00,0x00,0x00,0x00,0x00,0x00,
0x00,0x00,0x00,0x00,0x00,0x00,0x00,0x00,0x00,

/*--  文字:  6  --*/
/*--  微软雅黑48;  此字体下对应的点阵为：宽x高=19x83   --*/
/*--  宽度不是8的倍数，现调整为：宽度x高度=24x83  --*/
0x00,0x00,0x00,0x00,0x00,0x00,0x00,0x00,0x00,0x00,0x00,0x00,0x00,0x00,0x00,0x00,
0x00,0x00,0x00,0x00,0x00,0x00,0x00,0x00,0x00,0x00,0x00,0x00,0x00,0x00,0x00,0x00,
0x00,0x00,0x00,0x00,0x00,0x00,0x00,0x00,0x00,0x00,0x00,0x00,0x00,0x00,0x00,0x00,
0x00,0x00,0x00,0x00,0x00,0x60,0x00,0x01,0xE0,0x00,0x07,0xE0,0x00,0x0F,0xE0,0x00,
0x1F,0xE0,0x00,0x3F,0xE0,0x00,0x7F,0xE0,0x00,0xFF,0x80,0x00,0xFF,0x00,0x01,0xFE,
0x00,0x01,0xFC,0x00,0x03,0xFC,0x00,0x03,0xF8,0x00,0x07,0xF8,0x00,0x07,0xF0,0x00,
0x07,0xF0,0x00,0x0F,0xF0,0x00,0x0F,0xF0,0x00,0x0F,0xE0,0x20,0x0F,0xE1,0xE0,0x1F,
0xE7,0xE0,0x1F,0xEF,0xE0,0x1F,0xFF,0xE0,0x1F,0xFF,0xE0,0x1F,0xFF,0x80,0x1F,0xFE,
0x00,0x1F,0xFC,0x00,0x1F,0xF8,0x00,0x1F,0xF0,0x00,0x1F,0xF0,0x00,0x1F,0xE0,0x00,
0x1F,0xE0,0x00,0x1F,0xE0,0x00,0x1F,0xE0,0x00,0x1F,0xE0,0x00,0x0F,0xE0,0x00,0x0F,
0xE0,0x00,0x0F,0xF0,0x00,0x0F,0xF0,0x00,0x07,0xF0,0x00,0x07,0xF8,0x00,0x03,0xFC,
0x00,0x03,0xFE,0x00,0x01,0xFF,0x00,0x01,0xFF,0xE0,0x00,0xFF,0xE0,0x00,0x7F,0xE0,
0x00,0x3F,0xE0,0x00,0x0F,0xE0,0x00,0x01,0xE0,0x00,0x00,0x00,0x00,0x00,0x00,0x00,
0x00,0x00,0x00,0x00,0x00,0x00,0x00,0x00,0x00,0x00,0x00,0x00,0x00,0x00,0x00,0x00,
0x00,0x00,0x00,0x00,0x00,0x00,0x00,0x00,0x00,0x00,0x00,0x00,0x00,0x00,0x00,0x00,
0x00,0x00,0x00,0x00,0x00,0x00,0x00,0x00,0x00,

/*--  文字:  7  --*/
/*--  微软雅黑48;  此字体下对应的点阵为：宽x高=19x83   --*/
/*--  宽度不是8的倍数，现调整为：宽度x高度=24x83  --*/
0x00,0x00,0x00,0x00,0x00,0x00,0x00,0x00,0x00,0x00,0x00,0x00,0x00,0x00,0x00,0x00,
0x00,0x00,0x00,0x00,0x00,0x00,0x00,0x00,0x00,0x00,0x00,0x00,0x00,0x00,0x00,0x00,
0x00,0x00,0x00,0x00,0x00,0x00,0x00,0x00,0x00,0x00,0x00,0x00,0x00,0x00,0x00,0x00,
0x00,0x00,0x00,0x1F,0xFF,0xE0,0x1F,0xFF,0xE0,0x1F,0xFF,0xE0,0x1F,0xFF,0xE0,0x1F,
0xFF,0xE0,0x1F,0xFF,0xE0,0x00,0x00,0x00,0x00,0x00,0x00,0x00,0x00,0x00,0x00,0x00,
0x00,0x00,0x00,0x00,0x00,0x00,0x00,0x00,0x00,0x00,0x00,0x00,0x00,0x00,0x00,0x00,
0x00,0x00,0x00,0x00,0x00,0x00,0x00,0x00,0x00,0x00,0x00,0x00,0x00,0x00,0x00,0x00,
0x00,0x00,0x00,0x00,0x00,0x00,0x00,0x20,0x00,0x00,0x20,0x00,0x00,0x60,0x00,0x00,
0x60,0x00,0x00,0xE0,0x00,0x00,0xE0,0x00,0x00,0xE0,0x00,0x01,0xE0,0x00,0x01,0xE0,
0x00,0x03,0xE0,0x00,0x03,0xE0,0x00,0x03,0xE0,0x00,0x07,0xE0,0x00,0x07,0xE0,0x00,
0x07,0xE0,0x00,0x0F,0xE0,0x00,0x0F,0xE0,0x00,0x0F,0xE0,0x00,0x1F,0xE0,0x00,0x1F,
0xE0,0x00,0x1F,0xE0,0x00,0x1F,0xE0,0x00,0x1F,0xC0,0x00,0x3F,0xC0,0x00,0x3F,0xC0,
0x00,0x3F,0xC0,0x00,0x3F,0xC0,0x00,0x00,0x00,0x00,0x00,0x00,0x00,0x00,0x00,0x00,
0x00,0x00,0x00,0x00,0x00,0x00,0x00,0x00,0x00,0x00,0x00,0x00,0x00,0x00,0x00,0x00,
0x00,0x00,0x00,0x00,0x00,0x00,0x00,0x00,0x00,0x00,0x00,0x00,0x00,0x00,0x00,0x00,
0x00,0x00,0x00,0x00,0x00,0x00,0x00,0x00,0x00,

/*--  文字:  8  --*/
/*--  微软雅黑48;  此字体下对应的点阵为：宽x高=19x83   --*/
/*--  宽度不是8的倍数，现调整为：宽度x高度=24x83  --*/
0x00,0x00,0x00,0x00,0x00,0x00,0x00,0x00,0x00,0x00,0x00,0x00,0x00,0x00,0x00,0x00,
0x00,0x00,0x00,0x00,0x00,0x00,0x00,0x00,0x00,0x00,0x00,0x00,0x00,0x00,0x00,0x00,
0x00,0x00,0x00,0x00,0x00,0x00,0x00,0x00,0x00,0x00,0x00,0x00,0x00,0x00,0x00,0x00,
0x00,0x00,0x60,0x00,0x07,0xE0,0x00,0x1F,0xE0,0x00,0x7F,0xE0,0x00,0xFF,0xE0,0x01,
0xFF,0xE0,0x03,0xFF,0x80,0x03,0xFE,0x00,0x07,0xF8,0x00,0x07,0xF8,0x00,0x07,0xF0,
0x00,0x07,0xF0,0x00,0x0F,0xF0,0x00,0x0F,0xF0,0x00,0x0F,0xF0,0x00,0x07,0xF0,0x00,
0x07,0xF0,0x00,0x07,0xF8,0x00,0x03,0xF8,0x00,0x03,0xFC,0x00,0x01,0xFF,0x00,0x00,
0xFF,0xE0,0x00,0x7F,0xE0,0x00,0x1F,0xE0,0x00,0x7F,0xE0,0x00,0xFF,0xE0,0x01,0xFF,
0xE0,0x03,0xFF,0x00,0x07,0xFC,0x00,0x0F,0xF8,0x00,0x0F,0xF0,0x00,0x1F,0xE0,0x00,
0x1F,0xC0,0x00,0x1F,0xC0,0x00,0x3F,0xC0,0x00,0x3F,0xC0,0x00,0x3F,0xC0,0x00,0x3F,
0xC0,0x00,0x3F,0xC0,0x00,0x1F,0xC0,0x00,0x1F,0xE0,0x00,0x1F,0xE0,0x00,0x0F,0xF0,
0x00,0x0F,0xF8,0x00,0x07,0xFE,0x00,0x07,0xFF,0xE0,0x03,0xFF,0xE0,0x01,0xFF,0xE0,
0x00,0x7F,0xE0,0x00,0x1F,0xE0,0x00,0x07,0xE0,0x00,0x00,0x00,0x00,0x00,0x00,0x00,
0x00,0x00,0x00,0x00,0x00,0x00,0x00,0x00,0x00,0x00,0x00,0x00,0x00,0x00,0x00,0x00,
0x00,0x00,0x00,0x00,0x00,0x00,0x00,0x00,0x00,0x00,0x00,0x00,0x00,0x00,0x00,0x00,
0x00,0x00,0x00,0x00,0x00,0x00,0x00,0x00,0x00,

/*--  文字:  9  --*/
/*--  微软雅黑48;  此字体下对应的点阵为：宽x高=19x83   --*/
/*--  宽度不是8的倍数，现调整为：宽度x高度=24x83  --*/
0x00,0x00,0x00,0x00,0x00,0x00,0x00,0x00,0x00,0x00,0x00,0x00,0x00,0x00,0x00,0x00,
0x00,0x00,0x00,0x00,0x00,0x00,0x00,0x00,0x00,0x00,0x00,0x00,0x00,0x00,0x00,0x00,
0x00,0x00,0x00,0x00,0x00,0x00,0x00,0x00,0x00,0x00,0x00,0x00,0x00,0x00,0x00,0x00,
0x00,0x00,0x60,0x00,0x0F,0xE0,0x00,0x3F,0xE0,0x00,0x7F,0xE0,0x00,0xFF,0xE0,0x01,
0xFF,0xE0,0x03,0xFF,0x00,0x07,0xFC,0x00,0x0F,0xF8,0x00,0x0F,0xF0,0x00,0x1F,0xE0,
0x00,0x1F,0xE0,0x00,0x1F,0xE0,0x00,0x1F,0xC0,0x00,0x1F,0xC0,0x00,0x3F,0xC0,0x00,
0x3F,0xC0,0x00,0x3F,0xC0,0x00,0x3F,0xC0,0x00,0x1F,0xC0,0x00,0x1F,0xE0,0x00,0x1F,
0xE0,0x00,0x1F,0xE0,0x00,0x0F,0xF0,0x00,0x0F,0xF8,0x00,0x07,0xFE,0x00,0x07,0xFF,
0xE0,0x03,0xFF,0xE0,0x01,0xFF,0xE0,0x00,0xFF,0xE0,0x00,0x7F,0xE0,0x00,0x1F,0xE0,
0x00,0x00,0xC0,0x00,0x00,0x00,0x00,0x00,0x00,0x00,0x00,0x00,0x00,0x00,0x00,0x00,
0x00,0x00,0x00,0x00,0x00,0x00,0x00,0x00,0x00,0x00,0x00,0x00,0x00,0x00,0x00,0x00,
0x00,0x06,0x00,0x00,0x07,0x80,0x00,0x07,0xFF,0xE0,0x07,0xFF,0xE0,0x07,0xFF,0xE0,
0x07,0xFF,0xE0,0x07,0xFF,0xE0,0x00,0xFF,0xE0,0x00,0x00,0x00,0x00,0x00,0x00,0x00,
0x00,0x00,0x00,0x00,0x00,0x00,0x00,0x00,0x00,0x00,0x00,0x00,0x00,0x00,0x00,0x00,
0x00,0x00,0x00,0x00,0x00,0x00,0x00,0x00,0x00,0x00,0x00,0x00,0x00,0x00,0x00,0x00,
0x00,0x00,0x00,0x00,0x00,0x00,0x00,0x00,0x00,

/*--  文字:  :  --*/
/*--  微软雅黑48;  此字体下对应的点阵为：宽x高=19x83   --*/
/*--  宽度不是8的倍数，现调整为：宽度x高度=24x83  --*/
0x00,0x00,0x00,0x00,0x00,0x00,0x00,0x00,0x00,0x00,0x00,0x00,0x00,0x00,0x00,0x00,
0x00,0x00,0x00,0x00,0x00,0x00,0x00,0x00,0x00,0x00,0x00,0x00,0x00,0x00,0x00,0x00,
0x00,0x00,0x00,0x00,0x00,0x00,0x00,0x00,0x00,0x00,0x00,0x00,0x00,0x00,0x00,0x00,
0x00,0x00,0x00,0x00,0x00,0x00,0x00,0x00,0x00,0x00,0x00,0x00,0x00,0x00,0x00,0x00,
0x00,0x00,0x00,0x00,0x00,0x00,0x00,0x00,0x00,0x00,0x00,0x00,0x00,0x00,0x00,0x00,
0x00,0x00,0x00,0x00,0x00,0x00,0x00,0x00,0x00,0x00,0x03,0x80,0x00,0x0F,0xE0,0x00,
0x0F,0xF0,0x00,0x1F,0xF0,0x00,0x1F,0xF8,0x00,0x1F,0xF0,0x00,0x1F,0xF0,0x00,0x0F,
0xE0,0x00,0x07,0xC0,0x00,0x00,0x00,0x00,0x00,0x00,0x00,0x00,0x00,0x00,0x00,0x00,
0x00,0x00,0x00,0x00,0x00,0x00,0x00,0x00,0x00,0x00,0x00,0x00,0x00,0x00,0x00,0x00,
0x00,0x00,0x00,0x00,0x00,0x00,0x00,0x00,0x00,0x00,0x00,0x00,0x00,0x00,0x00,0x00,
0x00,0x00,0x00,0x00,0x00,0x00,0x00,0x00,0x00,0x00,0x00,0x00,0x00,0x00,0x01,0x80,
0x00,0x0F,0xE0,0x00,0x0F,0xF0,0x00,0x1F,0xF0,0x00,0x1F,0xF8,0x00,0x1F,0xF8,0x00,
0x1F,0xF0,0x00,0x0F,0xE0,0x00,0x07,0xC0,0x00,0x00,0x00,0x00,0x00,0x00,0x00,0x00,
0x00,0x00,0x00,0x00,0x00,0x00,0x00,0x00,0x00,0x00,0x00,0x00,0x00,0x00,0x00,0x00,
0x00,0x00,0x00,0x00,0x00,0x00,0x00,0x00,0x00,0x00,0x00,0x00,0x00,0x00,0x00,0x00,
0x00,0x00,0x00,0x00,0x00,0x00,0x00,0x00,0x00,

/*--  文字:  ;  --*/
/*--  微软雅黑48;  此字体下对应的点阵为：宽x高=19x83   --*/
/*--  宽度不是8的倍数，现调整为：宽度x高度=24x83  --*/
0x00,0x00,0x00,0x00,0x00,0x00,0x00,0x00,0x00,0x00,0x00,0x00,0x00,0x00,0x00,0x00,
0x00,0x00,0x00,0x00,0x00,0x00,0x00,0x00,0x00,0x00,0x00,0x00,0x00,0x00,0x00,0x00,
0x00,0x00,0x00,0x00,0x00,0x00,0x00,0x00,0x00,0x00,0x00,0x00,0x00,0x00,0x00,0x00,
0x00,0x00,0x00,0x00,0x00,0x00,0x00,0x00,0x00,0x00,0x00,0x00,0x00,0x00,0x00,0x00,
0x00,0x00,0x00,0x00,0x00,0x00,0x00,0x00,0x00,0x00,0x00,0x00,0x00,0x00,0x00,0x00,
0x00,0x00,0x00,0x00,0x00,0x00,0x00,0x00,0x00,0x00,0x03,0x80,0x00,0x07,0xE0,0x00,
0x0F,0xF0,0x00,0x1F,0xF0,0x00,0x1F,0xF8,0x00,0x1F,0xF8,0x00,0x1F,0xF0,0x00,0x0F,
0xE0,0x00,0x07,0xC0,0x00,0x00,0x00,0x00,0x00,0x00,0x00,0x00,0x00,0x00,0x00,0x00,
0x00,0x00,0x00,0x00,0x00,0x00,0x00,0x00,0x00,0x00,0x00,0x00,0x00,0x00,0x00,0x00,
0x00,0x00,0x00,0x00,0x00,0x00,0x00,0x00,0x00,0x00,0x00,0x00,0x00,0x00,0x00,0x00,
0x00,0x00,0x00,0x00,0x00,0x00,0x00,0x00,0x00,0x00,0x00,0x00,0x00,0x00,0x0F,0xF0,
0x00,0x0F,0xE0,0x00,0x0F,0xE0,0x00,0x0F,0xE0,0x00,0x1F,0xC0,0x00,0x1F,0xC0,0x00,
0x1F,0xC0,0x00,0x1F,0xC0,0x00,0x1F,0x80,0x00,0x3F,0x80,0x00,0x3F,0x80,0x00,0x3F,
0x00,0x00,0x3F,0x00,0x00,0x7F,0x00,0x00,0x7E,0x00,0x00,0x7E,0x00,0x00,0x7E,0x00,
0x00,0x00,0x00,0x00,0x00,0x00,0x00,0x00,0x00,0x00,0x00,0x00,0x00,0x00,0x00,0x00,
0x00,0x00,0x00,0x00,0x00,0x00,0x00,0x00,0x00,

/*--  文字:  <  --*/
/*--  微软雅黑48;  此字体下对应的点阵为：宽x高=19x83   --*/
/*--  宽度不是8的倍数，现调整为：宽度x高度=24x83  --*/
0x00,0x00,0x00,0x00,0x00,0x00,0x00,0x00,0x00,0x00,0x00,0x00,0x00,0x00,0x00,0x00,
0x00,0x00,0x00,0x00,0x00,0x00,0x00,0x00,0x00,0x00,0x00,0x00,0x00,0x00,0x00,0x00,
0x00,0x00,0x00,0x00,0x00,0x00,0x00,0x00,0x00,0x00,0x00,0x00,0x00,0x00,0x00,0x00,
0x00,0x00,0x00,0x00,0x00,0x00,0x00,0x00,0x00,0x00,0x00,0x00,0x00,0x00,0x00,0x00,
0x00,0x00,0x00,0x00,0x00,0x00,0x00,0x00,0x00,0x00,0x00,0x00,0x00,0x00,0x00,0x00,
0x00,0x00,0x00,0x00,0x00,0x00,0x00,0x00,0x00,0x00,0x00,0x00,0x00,0x00,0x00,0x00,
0x00,0x00,0x00,0x00,0x00,0x00,0x00,0x00,0x00,0x00,0x00,0x00,0x00,0x00,0x00,0x00,
0x00,0x00,0x00,0x00,0x00,0x00,0x00,0x20,0x00,0x00,0xE0,0x00,0x03,0xE0,0x00,0x07,
0xE0,0x00,0x1F,0xE0,0x00,0x7F,0xE0,0x00,0xFF,0xE0,0x00,0xFF,0xE0,0x00,0x7F,0xE0,
0x00,0x3F,0xE0,0x00,0x0F,0xE0,0x00,0x03,0xE0,0x00,0x00,0xE0,0x00,0x00,0x20,0x00,
0x00,0x00,0x00,0x00,0x00,0x00,0x00,0x00,0x00,0x00,0x00,0x00,0x00,0x00,0x00,0x00,
0x00,0x00,0x00,0x00,0x00,0x00,0x00,0x00,0x00,0x00,0x00,0x00,0x00,0x00,0x00,0x00,
0x00,0x00,0x00,0x00,0x00,0x00,0x00,0x00,0x00,0x00,0x00,0x00,0x00,0x00,0x00,0x00,
0x00,0x00,0x00,0x00,0x00,0x00,0x00,0x00,0x00,0x00,0x00,0x00,0x00,0x00,0x00,0x00,
0x00,0x00,0x00,0x00,0x00,0x00,0x00,0x00,0x00,0x00,0x00,0x00,0x00,0x00,0x00,0x00,
0x00,0x00,0x00,0x00,0x00,0x00,0x00,0x00,0x00,

/*--  文字:  =  --*/
/*--  微软雅黑48;  此字体下对应的点阵为：宽x高=19x83   --*/
/*--  宽度不是8的倍数，现调整为：宽度x高度=24x83  --*/
0x00,0x00,0x00,0x00,0x00,0x00,0x00,0x00,0x00,0x00,0x00,0x00,0x00,0x00,0x00,0x00,
0x00,0x00,0x00,0x00,0x00,0x00,0x00,0x00,0x00,0x00,0x00,0x00,0x00,0x00,0x00,0x00,
0x00,0x00,0x00,0x00,0x00,0x00,0x00,0x00,0x00,0x00,0x00,0x00,0x00,0x00,0x00,0x00,
0x00,0x00,0x00,0x00,0x00,0x00,0x00,0x00,0x00,0x00,0x00,0x00,0x00,0x00,0x00,0x00,
0x00,0x00,0x00,0x00,0x00,0x00,0x00,0x00,0x00,0x00,0x00,0x00,0x00,0x00,0x00,0x00,
0x00,0x00,0x00,0x00,0x00,0x00,0x00,0x00,0x00,0x00,0x00,0x00,0x00,0x00,0x00,0x00,
0x00,0x00,0x00,0x00,0x00,0x00,0x00,0x00,0x00,0x00,0x00,0x00,0x01,0xFF,0xE0,0x01,
0xFF,0xE0,0x01,0xFF,0xE0,0x01,0xFF,0xE0,0x01,0xFF,0xE0,0x00,0x00,0x00,0x00,0x00,
0x00,0x00,0x00,0x00,0x00,0x00,0x00,0x00,0x00,0x00,0x00,0x00,0x00,0x00,0x00,0x00,
0x00,0x00,0x00,0x00,0x00,0x00,0x00,0xFF,0xE0,0x01,0xFF,0xE0,0x01,0xFF,0xE0,0x01,
0xFF,0xE0,0x01,0xFF,0xE0,0x01,0xFF,0xE0,0x00,0x00,0x00,0x00,0x00,0x00,0x00,0x00,
0x00,0x00,0x00,0x00,0x00,0x00,0x00,0x00,0x00,0x00,0x00,0x00,0x00,0x00,0x00,0x00,
0x00,0x00,0x00,0x00,0x00,0x00,0x00,0x00,0x00,0x00,0x00,0x00,0x00,0x00,0x00,0x00,
0x00,0x00,0x00,0x00,0x00,0x00,0x00,0x00,0x00,0x00,0x00,0x00,0x00,0x00,0x00,0x00,
0x00,0x00,0x00,0x00,0x00,0x00,0x00,0x00,0x00,0x00,0x00,0x00,0x00,0x00,0x00,0x00,
0x00,0x00,0x00,0x00,0x00,0x00,0x00,0x00,0x00,

/*--  文字:  >  --*/
/*--  微软雅黑48;  此字体下对应的点阵为：宽x高=19x83   --*/
/*--  宽度不是8的倍数，现调整为：宽度x高度=24x83  --*/
0x00,0x00,0x00,0x00,0x00,0x00,0x00,0x00,0x00,0x00,0x00,0x00,0x00,0x00,0x00,0x00,
0x00,0x00,0x00,0x00,0x00,0x00,0x00,0x00,0x00,0x00,0x00,0x00,0x00,0x00,0x00,0x00,
0x00,0x00,0x00,0x00,0x00,0x00,0x00,0x00,0x00,0x00,0x00,0x00,0x00,0x00,0x00,0x00,
0x00,0x00,0x00,0x00,0x00,0x00,0x00,0x00,0x00,0x00,0x00,0x00,0x00,0x00,0x00,0x00,
0x00,0x00,0x00,0x00,0x00,0x00,0x00,0x00,0x00,0x00,0x00,0x00,0x00,0x00,0x00,0x00,
0x00,0x00,0x00,0x00,0x00,0x00,0x00,0x00,0xE0,0x00,0x00,0xF8,0x00,0x00,0xFE,0x00,
0x00,0xFF,0x80,0x00,0xFF,0xE0,0x00,0x7F,0xE0,0x00,0x3F,0xE0,0x00,0x0F,0xE0,0x00,
0x03,0xE0,0x00,0x00,0xE0,0x00,0x00,0x20,0x00,0x00,0x00,0x00,0x00,0x00,0x00,0x00,
0x00,0x00,0x00,0x00,0x00,0x00,0x00,0x00,0x00,0x00,0x00,0x00,0x00,0x00,0x00,0x00,
0x00,0x00,0x00,0x00,0x00,0x00,0x00,0x00,0x00,0x00,0x00,0x00,0x00,0x00,0xE0,0x00,
0x03,0xE0,0x00,0x0F,0xE0,0x00,0x3F,0xE0,0x00,0xFF,0xE0,0x00,0xFF,0xE0,0x00,0xFF,
0x80,0x00,0xFE,0x00,0x00,0xF8,0x00,0x00,0xE0,0x00,0x00,0x00,0x00,0x00,0x00,0x00,
0x00,0x00,0x00,0x00,0x00,0x00,0x00,0x00,0x00,0x00,0x00,0x00,0x00,0x00,0x00,0x00,
0x00,0x00,0x00,0x00,0x00,0x00,0x00,0x00,0x00,0x00,0x00,0x00,0x00,0x00,0x00,0x00,
0x00,0x00,0x00,0x00,0x00,0x00,0x00,0x00,0x00,0x00,0x00,0x00,0x00,0x00,0x00,0x00,
0x00,0x00,0x00,0x00,0x00,0x00,0x00,0x00,0x00,

/*--  文字:  ?  --*/
/*--  微软雅黑48;  此字体下对应的点阵为：宽x高=19x83   --*/
/*--  宽度不是8的倍数，现调整为：宽度x高度=24x83  --*/
0x00,0x00,0x00,0x00,0x00,0x00,0x00,0x00,0x00,0x00,0x00,0x00,0x00,0x00,0x00,0x00,
0x00,0x00,0x00,0x00,0x00,0x00,0x00,0x00,0x00,0x00,0x00,0x00,0x00,0x00,0x00,0x00,
0x00,0x00,0x00,0x00,0x00,0x00,0x00,0x00,0x00,0x00,0x00,0x00,0x00,0x00,0x00,0x00,
0x00,0x07,0x80,0x00,0xFF,0xE0,0x03,0xFF,0xE0,0x0F,0xFF,0xE0,0x1F,0xFF,0xE0,0x1F,
0xFF,0xE0,0x1F,0xF0,0xE0,0x1F,0x80,0x20,0x1E,0x00,0x00,0x1C,0x00,0x00,0x00,0x00,
0x00,0x00,0x00,0x00,0x00,0x00,0x00,0x00,0x00,0x00,0x00,0x00,0x00,0x00,0x00,0x00,
0x00,0x00,0x00,0x00,0x00,0x00,0x00,0x00,0x20,0x00,0x00,0x60,0x00,0x00,0xE0,0x00,
0x01,0xE0,0x00,0x03,0xE0,0x00,0x07,0xE0,0x00,0x0F,0xE0,0x00,0x0F,0xE0,0x00,0x1F,
0xE0,0x00,0x3F,0xC0,0x00,0x3F,0x80,0x00,0x3F,0x80,0x00,0x3F,0x80,0x00,0x3F,0x80,
0x00,0x3F,0x80,0x00,0x3F,0x80,0x00,0x3F,0x80,0x00,0x3F,0x80,0x00,0x3F,0xC0,0x00,
0x00,0x00,0x00,0x00,0x00,0x00,0x00,0x00,0x00,0x00,0x00,0x00,0x00,0x00,0x00,0x06,
0x00,0x00,0x1F,0xC0,0x00,0x3F,0xC0,0x00,0x3F,0xE0,0x00,0x3F,0xE0,0x00,0x3F,0xE0,
0x00,0x3F,0xE0,0x00,0x1F,0xC0,0x00,0x0F,0x80,0x00,0x00,0x00,0x00,0x00,0x00,0x00,
0x00,0x00,0x00,0x00,0x00,0x00,0x00,0x00,0x00,0x00,0x00,0x00,0x00,0x00,0x00,0x00,
0x00,0x00,0x00,0x00,0x00,0x00,0x00,0x00,0x00,0x00,0x00,0x00,0x00,0x00,0x00,0x00,
0x00,0x00,0x00,0x00,0x00,0x00,0x00,0x00,0x00,

/*--  文字:  @  --*/
/*--  微软雅黑48;  此字体下对应的点阵为：宽x高=19x83   --*/
/*--  宽度不是8的倍数，现调整为：宽度x高度=24x83  --*/
0x00,0x00,0x00,0x00,0x00,0x00,0x00,0x00,0x00,0x00,0x00,0x00,0x00,0x00,0x00,0x00,
0x00,0x00,0x00,0x00,0x00,0x00,0x00,0x00,0x00,0x00,0x00,0x00,0x00,0x00,0x00,0x00,
0x00,0x00,0x00,0x00,0x00,0x00,0x00,0x00,0x00,0x00,0x00,0x00,0x00,0x00,0x00,0x00,
0x00,0x00,0x00,0x00,0x00,0x00,0x00,0x00,0x00,0x00,0x00,0x00,0x00,0x00,0x20,0x00,
0x00,0x60,0x00,0x00,0xE0,0x00,0x03,0xE0,0x00,0x07,0xE0,0x00,0x0F,0xE0,0x00,0x0F,
0xE0,0x00,0x1F,0xC0,0x00,0x3F,0xC0,0x00,0x7F,0x80,0x00,0x7F,0x00,0x00,0xFE,0x00,
0x00,0xFE,0x00,0x01,0xFC,0x00,0x01,0xFC,0x00,0x03,0xF8,0x00,0x03,0xF8,0x00,0x03,
0xF0,0x00,0x03,0xF0,0x00,0x07,0xF0,0x00,0x07,0xF0,0x00,0x07,0xF0,0x00,0x07,0xF0,
0x00,0x07,0xE0,0x00,0x07,0xE0,0x20,0x07,0xE0,0x20,0x07,0xE0,0x20,0x07,0xE0,0x20,
0x07,0xF0,0x20,0x07,0xF0,0x20,0x07,0xF0,0x00,0x07,0xF0,0x00,0x03,0xF0,0x00,0x03,
0xF8,0x00,0x03,0xF8,0x00,0x03,0xF8,0x00,0x01,0xFC,0x00,0x01,0xFC,0x00,0x00,0xFE,
0x00,0x00,0xFE,0x00,0x00,0x7F,0x00,0x00,0x3F,0x80,0x00,0x3F,0xC0,0x00,0x1F,0xE0,
0x00,0x0F,0xE0,0x00,0x07,0xE0,0x00,0x03,0xE0,0x00,0x01,0xE0,0x00,0x00,0x60,0x00,
0x00,0x20,0x00,0x00,0x00,0x00,0x00,0x00,0x00,0x00,0x00,0x00,0x00,0x00,0x00,0x00,
0x00,0x00,0x00,0x00,0x00,0x00,0x00,0x00,0x00,0x00,0x00,0x00,0x00,0x00,0x00,0x00,
0x00,0x00,0x00,0x00,0x00,0x00,0x00,0x00,0x00,

/*--  文字:  A  --*/
/*--  微软雅黑48;  此字体下对应的点阵为：宽x高=19x83   --*/
/*--  宽度不是8的倍数，现调整为：宽度x高度=24x83  --*/
0x00,0x00,0x00,0x00,0x00,0x00,0x00,0x00,0x00,0x00,0x00,0x00,0x00,0x00,0x00,0x00,
0x00,0x00,0x00,0x00,0x00,0x00,0x00,0x00,0x00,0x00,0x00,0x00,0x00,0x00,0x00,0x00,
0x00,0x00,0x00,0x00,0x00,0x00,0x00,0x00,0x00,0x00,0x00,0x00,0x00,0x00,0x00,0x00,
0x00,0x00,0x00,0x00,0x00,0x00,0x00,0x00,0x20,0x00,0x00,0x20,0x00,0x00,0x60,0x00,
0x00,0x60,0x00,0x00,0x60,0x00,0x00,0xE0,0x00,0x00,0xE0,0x00,0x01,0xE0,0x00,0x01,
0xE0,0x00,0x01,0xE0,0x00,0x03,0xE0,0x00,0x03,0xE0,0x00,0x07,0xE0,0x00,0x07,0xE0,
0x00,0x07,0xE0,0x00,0x0F,0xE0,0x00,0x0F,0xE0,0x00,0x0F,0xE0,0x00,0x1F,0xE0,0x00,
0x1F,0xE0,0x00,0x3F,0xC0,0x00,0x3F,0xC0,0x00,0x3F,0x80,0x00,0x7F,0x80,0x00,0x7F,
0x80,0x00,0x7F,0x00,0x00,0xFF,0x00,0x00,0xFF,0x00,0x01,0xFE,0x00,0x01,0xFF,0xE0,
0x01,0xFF,0xE0,0x03,0xFF,0xE0,0x03,0xFF,0xE0,0x07,0xFF,0xE0,0x07,0xFF,0xE0,0x07,
0xF8,0x00,0x0F,0xF0,0x00,0x0F,0xF0,0x00,0x0F,0xF0,0x00,0x1F,0xE0,0x00,0x1F,0xE0,
0x00,0x3F,0xE0,0x00,0x3F,0xC0,0x00,0x3F,0xC0,0x00,0x7F,0xC0,0x00,0x7F,0x80,0x00,
0x7F,0x80,0x00,0xFF,0x80,0x00,0x00,0x00,0x00,0x00,0x00,0x00,0x00,0x00,0x00,0x00,
0x00,0x00,0x00,0x00,0x00,0x00,0x00,0x00,0x00,0x00,0x00,0x00,0x00,0x00,0x00,0x00,
0x00,0x00,0x00,0x00,0x00,0x00,0x00,0x00,0x00,0x00,0x00,0x00,0x00,0x00,0x00,0x00,
0x00,0x00,0x00,0x00,0x00,0x00,0x00,0x00,0x00,

/*--  文字:  B  --*/
/*--  微软雅黑48;  此字体下对应的点阵为：宽x高=19x83   --*/
/*--  宽度不是8的倍数，现调整为：宽度x高度=24x83  --*/
0x00,0x00,0x00,0x00,0x00,0x00,0x00,0x00,0x00,0x00,0x00,0x00,0x00,0x00,0x00,0x00,
0x00,0x00,0x00,0x00,0x00,0x00,0x00,0x00,0x00,0x00,0x00,0x00,0x00,0x00,0x00,0x00,
0x00,0x00,0x00,0x00,0x00,0x00,0x00,0x00,0x00,0x00,0x00,0x00,0x00,0x00,0x00,0x00,
0x00,0x00,0x00,0x03,0xFF,0xE0,0x07,0xFF,0xE0,0x07,0xFF,0xE0,0x07,0xFF,0xE0,0x07,
0xFF,0xE0,0x07,0xFF,0xE0,0x07,0xF8,0x00,0x07,0xF8,0x00,0x07,0xF8,0x00,0x07,0xF8,
0x00,0x07,0xF8,0x00,0x07,0xF8,0x00,0x07,0xF8,0x00,0x07,0xF8,0x00,0x07,0xF8,0x00,
0x07,0xF8,0x00,0x07,0xF8,0x00,0x07,0xF8,0x00,0x07,0xF8,0x00,0x07,0xF8,0x00,0x07,
0xF8,0x00,0x07,0xFF,0xE0,0x07,0xFF,0xE0,0x07,0xFF,0xE0,0x07,0xFF,0xE0,0x07,0xFF,
0xE0,0x07,0xFF,0xE0,0x07,0xF8,0x00,0x07,0xF8,0x00,0x07,0xF8,0x00,0x07,0xF8,0x00,
0x07,0xF8,0x00,0x07,0xF8,0x00,0x07,0xF8,0x00,0x07,0xF8,0x00,0x07,0xF8,0x00,0x07,
0xF8,0x00,0x07,0xF8,0x00,0x07,0xF8,0x00,0x07,0xF8,0x00,0x07,0xF8,0x00,0x07,0xF8,
0x00,0x07,0xF8,0x00,0x07,0xFF,0xE0,0x07,0xFF,0xE0,0x07,0xFF,0xE0,0x07,0xFF,0xE0,
0x07,0xFF,0xE0,0x07,0xFF,0xE0,0x00,0x00,0x00,0x00,0x00,0x00,0x00,0x00,0x00,0x00,
0x00,0x00,0x00,0x00,0x00,0x00,0x00,0x00,0x00,0x00,0x00,0x00,0x00,0x00,0x00,0x00,
0x00,0x00,0x00,0x00,0x00,0x00,0x00,0x00,0x00,0x00,0x00,0x00,0x00,0x00,0x00,0x00,
0x00,0x00,0x00,0x00,0x00,0x00,0x00,0x00,0x00,

/*--  文字:  C  --*/
/*--  微软雅黑48;  此字体下对应的点阵为：宽x高=19x83   --*/
/*--  宽度不是8的倍数，现调整为：宽度x高度=24x83  --*/
0x00,0x00,0x00,0x00,0x00,0x00,0x00,0x00,0x00,0x00,0x00,0x00,0x00,0x00,0x00,0x00,
0x00,0x00,0x00,0x00,0x00,0x00,0x00,0x00,0x00,0x00,0x00,0x00,0x00,0x00,0x00,0x00,
0x00,0x00,0x00,0x00,0x00,0x00,0x00,0x00,0x00,0x00,0x00,0x00,0x00,0x00,0x00,0x00,
0x00,0x00,0x00,0x00,0x00,0x00,0x00,0x00,0x60,0x00,0x01,0xE0,0x00,0x07,0xE0,0x00,
0x0F,0xE0,0x00,0x1F,0xE0,0x00,0x3F,0xE0,0x00,0x7F,0xE0,0x00,0xFF,0xC0,0x01,0xFF,
0x80,0x03,0xFF,0x00,0x03,0xFE,0x00,0x07,0xFC,0x00,0x07,0xF8,0x00,0x0F,0xF8,0x00,
0x0F,0xF0,0x00,0x0F,0xF0,0x00,0x1F,0xF0,0x00,0x1F,0xE0,0x00,0x1F,0xE0,0x00,0x1F,
0xE0,0x00,0x1F,0xE0,0x00,0x1F,0xE0,0x00,0x3F,0xC0,0x00,0x3F,0xC0,0x00,0x3F,0xC0,
0x00,0x3F,0xC0,0x00,0x3F,0xE0,0x00,0x3F,0xE0,0x00,0x1F,0xE0,0x00,0x1F,0xE0,0x00,
0x1F,0xE0,0x00,0x1F,0xE0,0x00,0x1F,0xF0,0x00,0x0F,0xF0,0x00,0x0F,0xF8,0x00,0x0F,
0xF8,0x00,0x07,0xFC,0x00,0x07,0xFE,0x00,0x03,0xFF,0x00,0x03,0xFF,0x80,0x01,0xFF,
0xC0,0x00,0xFF,0xE0,0x00,0x7F,0xE0,0x00,0x3F,0xE0,0x00,0x1F,0xE0,0x00,0x0F,0xE0,
0x00,0x03,0xE0,0x00,0x00,0xE0,0x00,0x00,0x00,0x00,0x00,0x00,0x00,0x00,0x00,0x00,
0x00,0x00,0x00,0x00,0x00,0x00,0x00,0x00,0x00,0x00,0x00,0x00,0x00,0x00,0x00,0x00,
0x00,0x00,0x00,0x00,0x00,0x00,0x00,0x00,0x00,0x00,0x00,0x00,0x00,0x00,0x00,0x00,
0x00,0x00,0x00,0x00,0x00,0x00,0x00,0x00,0x00,

/*--  文字:  D  --*/
/*--  微软雅黑48;  此字体下对应的点阵为：宽x高=19x83   --*/
/*--  宽度不是8的倍数，现调整为：宽度x高度=24x83  --*/
0x00,0x00,0x00,0x00,0x00,0x00,0x00,0x00,0x00,0x00,0x00,0x00,0x00,0x00,0x00,0x00,
0x00,0x00,0x00,0x00,0x00,0x00,0x00,0x00,0x00,0x00,0x00,0x00,0x00,0x00,0x00,0x00,
0x00,0x00,0x00,0x00,0x00,0x00,0x00,0x00,0x00,0x00,0x00,0x00,0x00,0x00,0x00,0x00,
0x00,0x00,0x00,0x03,0xFF,0xE0,0x07,0xFF,0xE0,0x07,0xFF,0xE0,0x07,0xFF,0xE0,0x07,
0xFF,0xE0,0x07,0xFF,0xE0,0x07,0xFF,0xE0,0x07,0xF8,0x00,0x07,0xF8,0x00,0x07,0xF8,
0x00,0x07,0xF8,0x00,0x07,0xF8,0x00,0x07,0xF8,0x00,0x07,0xF8,0x00,0x07,0xF8,0x00,
0x07,0xF8,0x00,0x07,0xF8,0x00,0x07,0xF8,0x00,0x07,0xF8,0x00,0x07,0xF8,0x00,0x07,
0xF8,0x00,0x07,0xF8,0x00,0x07,0xF8,0x00,0x07,0xF8,0x00,0x07,0xF8,0x00,0x07,0xF8,
0x00,0x07,0xF8,0x00,0x07,0xF8,0x00,0x07,0xF8,0x00,0x07,0xF8,0x00,0x07,0xF8,0x00,
0x07,0xF8,0x00,0x07,0xF8,0x00,0x07,0xF8,0x00,0x07,0xF8,0x00,0x07,0xF8,0x00,0x07,
0xF8,0x00,0x07,0xF8,0x00,0x07,0xF8,0x00,0x07,0xF8,0x00,0x07,0xF8,0x00,0x07,0xF8,
0x00,0x07,0xF8,0x00,0x07,0xFF,0xE0,0x07,0xFF,0xE0,0x07,0xFF,0xE0,0x07,0xFF,0xE0,
0x07,0xFF,0xE0,0x07,0xFF,0xE0,0x00,0x00,0x00,0x00,0x00,0x00,0x00,0x00,0x00,0x00,
0x00,0x00,0x00,0x00,0x00,0x00,0x00,0x00,0x00,0x00,0x00,0x00,0x00,0x00,0x00,0x00,
0x00,0x00,0x00,0x00,0x00,0x00,0x00,0x00,0x00,0x00,0x00,0x00,0x00,0x00,0x00,0x00,
0x00,0x00,0x00,0x00,0x00,0x00,0x00,0x00,0x00,

/*--  文字:  E  --*/
/*--  微软雅黑48;  此字体下对应的点阵为：宽x高=19x83   --*/
/*--  宽度不是8的倍数，现调整为：宽度x高度=24x83  --*/
0x00,0x00,0x00,0x00,0x00,0x00,0x00,0x00,0x00,0x00,0x00,0x00,0x00,0x00,0x00,0x00,
0x00,0x00,0x00,0x00,0x00,0x00,0x00,0x00,0x00,0x00,0x00,0x00,0x00,0x00,0x00,0x00,
0x00,0x00,0x00,0x00,0x00,0x00,0x00,0x00,0x00,0x00,0x00,0x00,0x00,0x00,0x00,0x00,
0x00,0x00,0x00,0x03,0xFF,0xE0,0x07,0xFF,0xE0,0x07,0xFF,0xE0,0x07,0xFF,0xE0,0x07,
0xFF,0xE0,0x07,0xFF,0xE0,0x07,0xFF,0xE0,0x07,0xF8,0x00,0x07,0xF8,0x00,0x07,0xF8,
0x00,0x07,0xF8,0x00,0x07,0xF8,0x00,0x07,0xF8,0x00,0x07,0xF8,0x00,0x07,0xF8,0x00,
0x07,0xF8,0x00,0x07,0xF8,0x00,0x07,0xF8,0x00,0x07,0xF8,0x00,0x07,0xF8,0x00,0x07,
0xF8,0x00,0x07,0xFF,0xE0,0x07,0xFF,0xE0,0x07,0xFF,0xE0,0x07,0xFF,0xE0,0x07,0xFF,
0xE0,0x07,0xFF,0xE0,0x07,0xFF,0xE0,0x07,0xF8,0x00,0x07,0xF8,0x00,0x07,0xF8,0x00,
0x07,0xF8,0x00,0x07,0xF8,0x00,0x07,0xF8,0x00,0x07,0xF8,0x00,0x07,0xF8,0x00,0x07,
0xF8,0x00,0x07,0xF8,0x00,0x07,0xF8,0x00,0x07,0xF8,0x00,0x07,0xF8,0x00,0x07,0xF8,
0x00,0x07,0xF8,0x00,0x07,0xFF,0xE0,0x07,0xFF,0xE0,0x07,0xFF,0xE0,0x07,0xFF,0xE0,
0x07,0xFF,0xE0,0x07,0xFF,0xE0,0x00,0x00,0x00,0x00,0x00,0x00,0x00,0x00,0x00,0x00,
0x00,0x00,0x00,0x00,0x00,0x00,0x00,0x00,0x00,0x00,0x00,0x00,0x00,0x00,0x00,0x00,
0x00,0x00,0x00,0x00,0x00,0x00,0x00,0x00,0x00,0x00,0x00,0x00,0x00,0x00,0x00,0x00,
0x00,0x00,0x00,0x00,0x00,0x00,0x00,0x00,0x00,

/*--  文字:  F  --*/
/*--  微软雅黑48;  此字体下对应的点阵为：宽x高=19x83   --*/
/*--  宽度不是8的倍数，现调整为：宽度x高度=24x83  --*/
0x00,0x00,0x00,0x00,0x00,0x00,0x00,0x00,0x00,0x00,0x00,0x00,0x00,0x00,0x00,0x00,
0x00,0x00,0x00,0x00,0x00,0x00,0x00,0x00,0x00,0x00,0x00,0x00,0x00,0x00,0x00,0x00,
0x00,0x00,0x00,0x00,0x00,0x00,0x00,0x00,0x00,0x00,0x00,0x00,0x00,0x00,0x00,0x00,
0x00,0x00,0x00,0x03,0xFF,0xE0,0x07,0xFF,0xE0,0x07,0xFF,0xE0,0x07,0xFF,0xE0,0x07,
0xFF,0xE0,0x07,0xFF,0xE0,0x07,0xFF,0xE0,0x07,0xF8,0x00,0x07,0xF8,0x00,0x07,0xF8,
0x00,0x07,0xF8,0x00,0x07,0xF8,0x00,0x07,0xF8,0x00,0x07,0xF8,0x00,0x07,0xF8,0x00,
0x07,0xF8,0x00,0x07,0xF8,0x00,0x07,0xF8,0x00,0x07,0xF8,0x00,0x07,0xF8,0x00,0x07,
0xF8,0x00,0x07,0xF8,0x00,0x07,0xFF,0xE0,0x07,0xFF,0xE0,0x07,0xFF,0xE0,0x07,0xFF,
0xE0,0x07,0xFF,0xE0,0x07,0xFF,0xE0,0x07,0xF8,0x00,0x07,0xF8,0x00,0x07,0xF8,0x00,
0x07,0xF8,0x00,0x07,0xF8,0x00,0x07,0xF8,0x00,0x07,0xF8,0x00,0x07,0xF8,0x00,0x07,
0xF8,0x00,0x07,0xF8,0x00,0x07,0xF8,0x00,0x07,0xF8,0x00,0x07,0xF8,0x00,0x07,0xF8,
0x00,0x07,0xF8,0x00,0x07,0xF8,0x00,0x07,0xF8,0x00,0x07,0xF8,0x00,0x07,0xF8,0x00,
0x07,0xF8,0x00,0x07,0xF8,0x00,0x00,0x00,0x00,0x00,0x00,0x00,0x00,0x00,0x00,0x00,
0x00,0x00,0x00,0x00,0x00,0x00,0x00,0x00,0x00,0x00,0x00,0x00,0x00,0x00,0x00,0x00,
0x00,0x00,0x00,0x00,0x00,0x00,0x00,0x00,0x00,0x00,0x00,0x00,0x00,0x00,0x00,0x00,
0x00,0x00,0x00,0x00,0x00,0x00,0x00,0x00,0x00,

/*--  文字:  G  --*/
/*--  微软雅黑48;  此字体下对应的点阵为：宽x高=19x83   --*/
/*--  宽度不是8的倍数，现调整为：宽度x高度=24x83  --*/
0x00,0x00,0x00,0x00,0x00,0x00,0x00,0x00,0x00,0x00,0x00,0x00,0x00,0x00,0x00,0x00,
0x00,0x00,0x00,0x00,0x00,0x00,0x00,0x00,0x00,0x00,0x00,0x00,0x00,0x00,0x00,0x00,
0x00,0x00,0x00,0x00,0x00,0x00,0x00,0x00,0x00,0x00,0x00,0x00,0x00,0x00,0x00,0x00,
0x00,0x00,0x00,0x00,0x00,0x00,0x00,0x00,0x60,0x00,0x01,0xE0,0x00,0x03,0xE0,0x00,
0x0F,0xE0,0x00,0x1F,0xE0,0x00,0x3F,0xE0,0x00,0x7F,0xE0,0x00,0xFF,0xC0,0x01,0xFF,
0x80,0x01,0xFF,0x00,0x03,0xFE,0x00,0x07,0xFC,0x00,0x07,0xF8,0x00,0x0F,0xF8,0x00,
0x0F,0xF0,0x00,0x0F,0xF0,0x00,0x1F,0xF0,0x00,0x1F,0xE0,0x00,0x1F,0xE0,0x00,0x1F,
0xE0,0x00,0x1F,0xE0,0x00,0x1F,0xE0,0x00,0x3F,0xC0,0x00,0x3F,0xC0,0x00,0x3F,0xC0,
0x00,0x3F,0xC0,0x00,0x3F,0xE0,0x00,0x1F,0xE0,0x00,0x1F,0xE0,0x00,0x1F,0xE0,0x00,
0x1F,0xE0,0x00,0x1F,0xE0,0x00,0x1F,0xF0,0x00,0x0F,0xF0,0x00,0x0F,0xF8,0x00,0x0F,
0xF8,0x00,0x07,0xFC,0x00,0x07,0xFE,0x00,0x03,0xFF,0x00,0x01,0xFF,0x80,0x01,0xFF,
0xC0,0x00,0xFF,0xE0,0x00,0x7F,0xE0,0x00,0x3F,0xE0,0x00,0x1F,0xE0,0x00,0x07,0xE0,
0x00,0x03,0xE0,0x00,0x00,0x60,0x00,0x00,0x00,0x00,0x00,0x00,0x00,0x00,0x00,0x00,
0x00,0x00,0x00,0x00,0x00,0x00,0x00,0x00,0x00,0x00,0x00,0x00,0x00,0x00,0x00,0x00,
0x00,0x00,0x00,0x00,0x00,0x00,0x00,0x00,0x00,0x00,0x00,0x00,0x00,0x00,0x00,0x00,
0x00,0x00,0x00,0x00,0x00,0x00,0x00,0x00,0x00,

/*--  文字:  H  --*/
/*--  微软雅黑48;  此字体下对应的点阵为：宽x高=19x83   --*/
/*--  宽度不是8的倍数，现调整为：宽度x高度=24x83  --*/
0x00,0x00,0x00,0x00,0x00,0x00,0x00,0x00,0x00,0x00,0x00,0x00,0x00,0x00,0x00,0x00,
0x00,0x00,0x00,0x00,0x00,0x00,0x00,0x00,0x00,0x00,0x00,0x00,0x00,0x00,0x00,0x00,
0x00,0x00,0x00,0x00,0x00,0x00,0x00,0x00,0x00,0x00,0x00,0x00,0x00,0x00,0x00,0x00,
0x00,0x00,0x00,0x03,0xF8,0x00,0x07,0xF8,0x00,0x07,0xF8,0x00,0x07,0xF8,0x00,0x07,
0xF8,0x00,0x07,0xF8,0x00,0x07,0xF8,0x00,0x07,0xF8,0x00,0x07,0xF8,0x00,0x07,0xF8,
0x00,0x07,0xF8,0x00,0x07,0xF8,0x00,0x07,0xF8,0x00,0x07,0xF8,0x00,0x07,0xF8,0x00,
0x07,0xF8,0x00,0x07,0xF8,0x00,0x07,0xF8,0x00,0x07,0xF8,0x00,0x07,0xF8,0x00,0x07,
0xF8,0x00,0x07,0xFF,0xE0,0x07,0xFF,0xE0,0x07,0xFF,0xE0,0x07,0xFF,0xE0,0x07,0xFF,
0xE0,0x07,0xFF,0xE0,0x07,0xFF,0xE0,0x07,0xF8,0x00,0x07,0xF8,0x00,0x07,0xF8,0x00,
0x07,0xF8,0x00,0x07,0xF8,0x00,0x07,0xF8,0x00,0x07,0xF8,0x00,0x07,0xF8,0x00,0x07,
0xF8,0x00,0x07,0xF8,0x00,0x07,0xF8,0x00,0x07,0xF8,0x00,0x07,0xF8,0x00,0x07,0xF8,
0x00,0x07,0xF8,0x00,0x07,0xF8,0x00,0x07,0xF8,0x00,0x07,0xF8,0x00,0x07,0xF8,0x00,
0x07,0xF8,0x00,0x07,0xF8,0x00,0x00,0x00,0x00,0x00,0x00,0x00,0x00,0x00,0x00,0x00,
0x00,0x00,0x00,0x00,0x00,0x00,0x00,0x00,0x00,0x00,0x00,0x00,0x00,0x00,0x00,0x00,
0x00,0x00,0x00,0x00,0x00,0x00,0x00,0x00,0x00,0x00,0x00,0x00,0x00,0x00,0x00,0x00,
0x00,0x00,0x00,0x00,0x00,0x00,0x00,0x00,0x00,

/*--  文字:  I  --*/
/*--  微软雅黑48;  此字体下对应的点阵为：宽x高=19x83   --*/
/*--  宽度不是8的倍数，现调整为：宽度x高度=24x83  --*/
0x00,0x00,0x00,0x00,0x00,0x00,0x00,0x00,0x00,0x00,0x00,0x00,0x00,0x00,0x00,0x00,
0x00,0x00,0x00,0x00,0x00,0x00,0x00,0x00,0x00,0x00,0x00,0x00,0x00,0x00,0x00,0x00,
0x00,0x00,0x00,0x00,0x00,0x00,0x00,0x00,0x00,0x00,0x00,0x00,0x00,0x00,0x00,0x00,
0x00,0x00,0x00,0x03,0xF8,0x00,0x07,0xF8,0x00,0x07,0xF8,0x00,0x07,0xF8,0x00,0x07,
0xF8,0x00,0x07,0xF8,0x00,0x07,0xF8,0x00,0x07,0xF8,0x00,0x07,0xF8,0x00,0x07,0xF8,
0x00,0x07,0xF8,0x00,0x07,0xF8,0x00,0x07,0xF8,0x00,0x07,0xF8,0x00,0x07,0xF8,0x00,
0x07,0xF8,0x00,0x07,0xF8,0x00,0x07,0xF8,0x00,0x07,0xF8,0x00,0x07,0xF8,0x00,0x07,
0xF8,0x00,0x07,0xF8,0x00,0x07,0xF8,0x00,0x07,0xF8,0x00,0x07,0xF8,0x00,0x07,0xF8,
0x00,0x07,0xF8,0x00,0x07,0xF8,0x00,0x07,0xF8,0x00,0x07,0xF8,0x00,0x07,0xF8,0x00,
0x07,0xF8,0x00,0x07,0xF8,0x00,0x07,0xF8,0x00,0x07,0xF8,0x00,0x07,0xF8,0x00,0x07,
0xF8,0x00,0x07,0xF8,0x00,0x07,0xF8,0x00,0x07,0xF8,0x00,0x07,0xF8,0x00,0x07,0xF8,
0x00,0x07,0xF8,0x00,0x07,0xF8,0x00,0x07,0xF8,0x00,0x07,0xF8,0x00,0x07,0xF8,0x00,
0x07,0xF8,0x00,0x07,0xF8,0x00,0x00,0x00,0x00,0x00,0x00,0x00,0x00,0x00,0x00,0x00,
0x00,0x00,0x00,0x00,0x00,0x00,0x00,0x00,0x00,0x00,0x00,0x00,0x00,0x00,0x00,0x00,
0x00,0x00,0x00,0x00,0x00,0x00,0x00,0x00,0x00,0x00,0x00,0x00,0x00,0x00,0x00,0x00,
0x00,0x00,0x00,0x00,0x00,0x00,0x00,0x00,0x00,

/*--  文字:  J  --*/
/*--  微软雅黑48;  此字体下对应的点阵为：宽x高=19x83   --*/
/*--  宽度不是8的倍数，现调整为：宽度x高度=24x83  --*/
0x00,0x00,0x00,0x00,0x00,0x00,0x00,0x00,0x00,0x00,0x00,0x00,0x00,0x00,0x00,0x00,
0x00,0x00,0x00,0x00,0x00,0x00,0x00,0x00,0x00,0x00,0x00,0x00,0x00,0x00,0x00,0x00,
0x00,0x00,0x00,0x00,0x00,0x00,0x00,0x00,0x00,0x00,0x00,0x00,0x00,0x00,0x00,0x00,
0x00,0x00,0x00,0x00,0x07,0xE0,0x00,0x0F,0xE0,0x00,0x0F,0xE0,0x00,0x0F,0xE0,0x00,
0x0F,0xE0,0x00,0x0F,0xE0,0x00,0x0F,0xE0,0x00,0x0F,0xE0,0x00,0x0F,0xE0,0x00,0x0F,
0xE0,0x00,0x0F,0xE0,0x00,0x0F,0xE0,0x00,0x0F,0xE0,0x00,0x0F,0xE0,0x00,0x0F,0xE0,
0x00,0x0F,0xE0,0x00,0x0F,0xE0,0x00,0x0F,0xE0,0x00,0x0F,0xE0,0x00,0x0F,0xE0,0x00,
0x0F,0xE0,0x00,0x0F,0xE0,0x00,0x0F,0xE0,0x00,0x0F,0xE0,0x00,0x0F,0xE0,0x00,0x0F,
0xE0,0x00,0x0F,0xE0,0x00,0x0F,0xE0,0x00,0x0F,0xE0,0x00,0x0F,0xE0,0x00,0x0F,0xE0,
0x00,0x0F,0xE0,0x00,0x0F,0xE0,0x00,0x0F,0xE0,0x00,0x0F,0xE0,0x00,0x0F,0xE0,0x00,
0x0F,0xE0,0x00,0x0F,0xE0,0x00,0x0F,0xE0,0x00,0x1F,0xE0,0x00,0x1F,0xE0,0x00,0x3F,
0xE0,0x00,0x7F,0xC0,0xE0,0xFF,0xC0,0xFF,0xFF,0x80,0xFF,0xFF,0x00,0xFF,0xFE,0x00,
0xFF,0xFC,0x00,0xFF,0xF8,0x00,0x7F,0xC0,0x00,0x00,0x00,0x00,0x00,0x00,0x00,0x00,
0x00,0x00,0x00,0x00,0x00,0x00,0x00,0x00,0x00,0x00,0x00,0x00,0x00,0x00,0x00,0x00,
0x00,0x00,0x00,0x00,0x00,0x00,0x00,0x00,0x00,0x00,0x00,0x00,0x00,0x00,0x00,0x00,
0x00,0x00,0x00,0x00,0x00,0x00,0x00,0x00,0x00,

/*--  文字:  K  --*/
/*--  微软雅黑48;  此字体下对应的点阵为：宽x高=19x83   --*/
/*--  宽度不是8的倍数，现调整为：宽度x高度=24x83  --*/
0x00,0x00,0x00,0x00,0x00,0x00,0x00,0x00,0x00,0x00,0x00,0x00,0x00,0x00,0x00,0x00,
0x00,0x00,0x00,0x00,0x00,0x00,0x00,0x00,0x00,0x00,0x00,0x00,0x00,0x00,0x00,0x00,
0x00,0x00,0x00,0x00,0x00,0x00,0x00,0x00,0x00,0x00,0x00,0x00,0x00,0x00,0x00,0x00,
0x00,0x00,0x00,0x03,0xF8,0x00,0x07,0xF8,0x00,0x07,0xF8,0x00,0x07,0xF8,0x00,0x07,
0xF8,0x00,0x07,0xF8,0x00,0x07,0xF8,0x00,0x07,0xF8,0x00,0x07,0xF8,0x00,0x07,0xF8,
0x00,0x07,0xF8,0x00,0x07,0xF8,0x00,0x07,0xF8,0x00,0x07,0xF8,0x00,0x07,0xF8,0x00,
0x07,0xF8,0x20,0x07,0xF8,0x60,0x07,0xF8,0x60,0x07,0xF8,0xE0,0x07,0xF9,0xE0,0x07,
0xFB,0xE0,0x07,0xFF,0xE0,0x07,0xFF,0xE0,0x07,0xFF,0xE0,0x07,0xFF,0xE0,0x07,0xFF,
0xE0,0x07,0xFF,0xE0,0x07,0xFB,0xE0,0x07,0xFB,0xE0,0x07,0xF9,0xE0,0x07,0xF8,0xE0,
0x07,0xF8,0x60,0x07,0xF8,0x20,0x07,0xF8,0x00,0x07,0xF8,0x00,0x07,0xF8,0x00,0x07,
0xF8,0x00,0x07,0xF8,0x00,0x07,0xF8,0x00,0x07,0xF8,0x00,0x07,0xF8,0x00,0x07,0xF8,
0x00,0x07,0xF8,0x00,0x07,0xF8,0x00,0x07,0xF8,0x00,0x07,0xF8,0x00,0x07,0xF8,0x00,
0x07,0xF8,0x00,0x07,0xF8,0x00,0x00,0x00,0x00,0x00,0x00,0x00,0x00,0x00,0x00,0x00,
0x00,0x00,0x00,0x00,0x00,0x00,0x00,0x00,0x00,0x00,0x00,0x00,0x00,0x00,0x00,0x00,
0x00,0x00,0x00,0x00,0x00,0x00,0x00,0x00,0x00,0x00,0x00,0x00,0x00,0x00,0x00,0x00,
0x00,0x00,0x00,0x00,0x00,0x00,0x00,0x00,0x00,

/*--  文字:  L  --*/
/*--  微软雅黑48;  此字体下对应的点阵为：宽x高=19x83   --*/
/*--  宽度不是8的倍数，现调整为：宽度x高度=24x83  --*/
0x00,0x00,0x00,0x00,0x00,0x00,0x00,0x00,0x00,0x00,0x00,0x00,0x00,0x00,0x00,0x00,
0x00,0x00,0x00,0x00,0x00,0x00,0x00,0x00,0x00,0x00,0x00,0x00,0x00,0x00,0x00,0x00,
0x00,0x00,0x00,0x00,0x00,0x00,0x00,0x00,0x00,0x00,0x00,0x00,0x00,0x00,0x00,0x00,
0x00,0x00,0x00,0x03,0xF8,0x00,0x07,0xF8,0x00,0x07,0xF8,0x00,0x07,0xF8,0x00,0x07,
0xF8,0x00,0x07,0xF8,0x00,0x07,0xF8,0x00,0x07,0xF8,0x00,0x07,0xF8,0x00,0x07,0xF8,
0x00,0x07,0xF8,0x00,0x07,0xF8,0x00,0x07,0xF8,0x00,0x07,0xF8,0x00,0x07,0xF8,0x00,
0x07,0xF8,0x00,0x07,0xF8,0x00,0x07,0xF8,0x00,0x07,0xF8,0x00,0x07,0xF8,0x00,0x07,
0xF8,0x00,0x07,0xF8,0x00,0x07,0xF8,0x00,0x07,0xF8,0x00,0x07,0xF8,0x00,0x07,0xF8,
0x00,0x07,0xF8,0x00,0x07,0xF8,0x00,0x07,0xF8,0x00,0x07,0xF8,0x00,0x07,0xF8,0x00,
0x07,0xF8,0x00,0x07,0xF8,0x00,0x07,0xF8,0x00,0x07,0xF8,0x00,0x07,0xF8,0x00,0x07,
0xF8,0x00,0x07,0xF8,0x00,0x07,0xF8,0x00,0x07,0xF8,0x00,0x07,0xF8,0x00,0x07,0xF8,
0x00,0x07,0xF8,0x00,0x07,0xFF,0xE0,0x07,0xFF,0xE0,0x07,0xFF,0xE0,0x07,0xFF,0xE0,
0x07,0xFF,0xE0,0x07,0xFF,0xE0,0x00,0x00,0x00,0x00,0x00,0x00,0x00,0x00,0x00,0x00,
0x00,0x00,0x00,0x00,0x00,0x00,0x00,0x00,0x00,0x00,0x00,0x00,0x00,0x00,0x00,0x00,
0x00,0x00,0x00,0x00,0x00,0x00,0x00,0x00,0x00,0x00,0x00,0x00,0x00,0x00,0x00,0x00,
0x00,0x00,0x00,0x00,0x00,0x00,0x00,0x00,0x00,

/*--  文字:  M  --*/
/*--  微软雅黑48;  此字体下对应的点阵为：宽x高=19x83   --*/
/*--  宽度不是8的倍数，现调整为：宽度x高度=24x83  --*/
0x00,0x00,0x00,0x00,0x00,0x00,0x00,0x00,0x00,0x00,0x00,0x00,0x00,0x00,0x00,0x00,
0x00,0x00,0x00,0x00,0x00,0x00,0x00,0x00,0x00,0x00,0x00,0x00,0x00,0x00,0x00,0x00,
0x00,0x00,0x00,0x00,0x00,0x00,0x00,0x00,0x00,0x00,0x00,0x00,0x00,0x00,0x00,0x00,
0x00,0x00,0x00,0x03,0xFE,0x00,0x07,0xFF,0x00,0x07,0xFF,0x00,0x07,0xFF,0x80,0x07,
0xFF,0x80,0x07,0xFF,0xC0,0x07,0xFF,0xC0,0x07,0xFF,0xC0,0x07,0xFF,0xE0,0x07,0xFF,
0xE0,0x07,0xFF,0xE0,0x07,0xFF,0xE0,0x07,0xFF,0xE0,0x07,0xFF,0xE0,0x07,0xFB,0xE0,
0x07,0xFB,0xE0,0x07,0xF9,0xE0,0x07,0xF9,0xE0,0x07,0xF9,0xE0,0x07,0xF8,0xE0,0x07,
0xF8,0xE0,0x07,0xF8,0x60,0x07,0xF8,0x60,0x07,0xF8,0x20,0x07,0xF8,0x20,0x07,0xF8,
0x20,0x07,0xF8,0x00,0x07,0xF8,0x00,0x07,0xF8,0x00,0x07,0xF8,0x00,0x07,0xF8,0x00,
0x07,0xF8,0x00,0x07,0xF8,0x00,0x07,0xF8,0x00,0x07,0xF8,0x00,0x07,0xF8,0x00,0x07,
0xF8,0x00,0x07,0xF8,0x00,0x07,0xF8,0x00,0x07,0xF8,0x00,0x07,0xF8,0x00,0x07,0xF8,
0x00,0x07,0xF8,0x00,0x07,0xF8,0x00,0x07,0xF8,0x00,0x07,0xF8,0x00,0x07,0xF8,0x00,
0x07,0xF8,0x00,0x07,0xF8,0x00,0x00,0x00,0x00,0x00,0x00,0x00,0x00,0x00,0x00,0x00,
0x00,0x00,0x00,0x00,0x00,0x00,0x00,0x00,0x00,0x00,0x00,0x00,0x00,0x00,0x00,0x00,
0x00,0x00,0x00,0x00,0x00,0x00,0x00,0x00,0x00,0x00,0x00,0x00,0x00,0x00,0x00,0x00,
0x00,0x00,0x00,0x00,0x00,0x00,0x00,0x00,0x00,

/*--  文字:  N  --*/
/*--  微软雅黑48;  此字体下对应的点阵为：宽x高=19x83   --*/
/*--  宽度不是8的倍数，现调整为：宽度x高度=24x83  --*/
0x00,0x00,0x00,0x00,0x00,0x00,0x00,0x00,0x00,0x00,0x00,0x00,0x00,0x00,0x00,0x00,
0x00,0x00,0x00,0x00,0x00,0x00,0x00,0x00,0x00,0x00,0x00,0x00,0x00,0x00,0x00,0x00,
0x00,0x00,0x00,0x00,0x00,0x00,0x00,0x00,0x00,0x00,0x00,0x00,0x00,0x00,0x00,0x00,
0x00,0x00,0x00,0x03,0xFE,0x00,0x07,0xFE,0x00,0x07,0xFF,0x00,0x07,0xFF,0x80,0x07,
0xFF,0x80,0x07,0xFF,0xC0,0x07,0xFF,0xE0,0x07,0xFF,0xE0,0x07,0xFF,0xE0,0x07,0xFF,
0xE0,0x07,0xFF,0xE0,0x07,0xFF,0xE0,0x07,0xFB,0xE0,0x07,0xF9,0xE0,0x07,0xF9,0xE0,
0x07,0xF8,0xE0,0x07,0xF8,0x60,0x07,0xF8,0x60,0x07,0xF8,0x20,0x07,0xF8,0x00,0x07,
0xF8,0x00,0x07,0xF8,0x00,0x07,0xF8,0x00,0x07,0xF8,0x00,0x07,0xF8,0x00,0x07,0xF8,
0x00,0x07,0xF8,0x00,0x07,0xF8,0x00,0x07,0xF8,0x00,0x07,0xF8,0x00,0x07,0xF8,0x00,
0x07,0xF8,0x00,0x07,0xF8,0x00,0x07,0xF8,0x00,0x07,0xF8,0x00,0x07,0xF8,0x00,0x07,
0xF8,0x00,0x07,0xF8,0x00,0x07,0xF8,0x00,0x07,0xF8,0x00,0x07,0xF8,0x00,0x07,0xF8,
0x00,0x07,0xF8,0x00,0x07,0xF8,0x00,0x07,0xF8,0x00,0x07,0xF8,0x00,0x07,0xF8,0x00,
0x07,0xF8,0x00,0x07,0xF8,0x00,0x00,0x00,0x00,0x00,0x00,0x00,0x00,0x00,0x00,0x00,
0x00,0x00,0x00,0x00,0x00,0x00,0x00,0x00,0x00,0x00,0x00,0x00,0x00,0x00,0x00,0x00,
0x00,0x00,0x00,0x00,0x00,0x00,0x00,0x00,0x00,0x00,0x00,0x00,0x00,0x00,0x00,0x00,
0x00,0x00,0x00,0x00,0x00,0x00,0x00,0x00,0x00,

/*--  文字:  O  --*/
/*--  微软雅黑48;  此字体下对应的点阵为：宽x高=19x83   --*/
/*--  宽度不是8的倍数，现调整为：宽度x高度=24x83  --*/
0x00,0x00,0x00,0x00,0x00,0x00,0x00,0x00,0x00,0x00,0x00,0x00,0x00,0x00,0x00,0x00,
0x00,0x00,0x00,0x00,0x00,0x00,0x00,0x00,0x00,0x00,0x00,0x00,0x00,0x00,0x00,0x00,
0x00,0x00,0x00,0x00,0x00,0x00,0x00,0x00,0x00,0x00,0x00,0x00,0x00,0x00,0x00,0x00,
0x00,0x00,0x00,0x00,0x00,0x00,0x00,0x00,0xE0,0x00,0x03,0xE0,0x00,0x0F,0xE0,0x00,
0x1F,0xE0,0x00,0x3F,0xE0,0x00,0x7F,0xE0,0x00,0xFF,0xE0,0x01,0xFF,0xC0,0x01,0xFF,
0x00,0x03,0xFE,0x00,0x07,0xFC,0x00,0x07,0xFC,0x00,0x0F,0xF8,0x00,0x0F,0xF8,0x00,
0x0F,0xF0,0x00,0x1F,0xF0,0x00,0x1F,0xE0,0x00,0x1F,0xE0,0x00,0x1F,0xE0,0x00,0x1F,
0xE0,0x00,0x1F,0xE0,0x00,0x3F,0xE0,0x00,0x3F,0xC0,0x00,0x3F,0xC0,0x00,0x3F,0xC0,
0x00,0x3F,0xC0,0x00,0x3F,0xE0,0x00,0x1F,0xE0,0x00,0x1F,0xE0,0x00,0x1F,0xE0,0x00,
0x1F,0xE0,0x00,0x1F,0xE0,0x00,0x1F,0xF0,0x00,0x0F,0xF0,0x00,0x0F,0xF8,0x00,0x0F,
0xF8,0x00,0x07,0xFC,0x00,0x07,0xFE,0x00,0x03,0xFE,0x00,0x01,0xFF,0x80,0x01,0xFF,
0xC0,0x00,0xFF,0xE0,0x00,0x7F,0xE0,0x00,0x3F,0xE0,0x00,0x1F,0xE0,0x00,0x0F,0xE0,
0x00,0x03,0xE0,0x00,0x00,0xE0,0x00,0x00,0x00,0x00,0x00,0x00,0x00,0x00,0x00,0x00,
0x00,0x00,0x00,0x00,0x00,0x00,0x00,0x00,0x00,0x00,0x00,0x00,0x00,0x00,0x00,0x00,
0x00,0x00,0x00,0x00,0x00,0x00,0x00,0x00,0x00,0x00,0x00,0x00,0x00,0x00,0x00,0x00,
0x00,0x00,0x00,0x00,0x00,0x00,0x00,0x00,0x00,

/*--  文字:  P  --*/
/*--  微软雅黑48;  此字体下对应的点阵为：宽x高=19x83   --*/
/*--  宽度不是8的倍数，现调整为：宽度x高度=24x83  --*/
0x00,0x00,0x00,0x00,0x00,0x00,0x00,0x00,0x00,0x00,0x00,0x00,0x00,0x00,0x00,0x00,
0x00,0x00,0x00,0x00,0x00,0x00,0x00,0x00,0x00,0x00,0x00,0x00,0x00,0x00,0x00,0x00,
0x00,0x00,0x00,0x00,0x00,0x00,0x00,0x00,0x00,0x00,0x00,0x00,0x00,0x00,0x00,0x00,
0x00,0x00,0x00,0x03,0xFF,0xE0,0x07,0xFF,0xE0,0x07,0xFF,0xE0,0x07,0xFF,0xE0,0x07,
0xFF,0xE0,0x07,0xFF,0xE0,0x07,0xF8,0x00,0x07,0xF8,0x00,0x07,0xF8,0x00,0x07,0xF8,
0x00,0x07,0xF8,0x00,0x07,0xF8,0x00,0x07,0xF8,0x00,0x07,0xF8,0x00,0x07,0xF8,0x00,
0x07,0xF8,0x00,0x07,0xF8,0x00,0x07,0xF8,0x00,0x07,0xF8,0x00,0x07,0xF8,0x00,0x07,
0xF8,0x00,0x07,0xF8,0x00,0x07,0xF8,0x00,0x07,0xF8,0x00,0x07,0xF8,0x00,0x07,0xFF,
0xE0,0x07,0xFF,0xE0,0x07,0xFF,0xE0,0x07,0xFF,0xE0,0x07,0xFF,0xE0,0x07,0xFF,0xE0,
0x07,0xF8,0x00,0x07,0xF8,0x00,0x07,0xF8,0x00,0x07,0xF8,0x00,0x07,0xF8,0x00,0x07,
0xF8,0x00,0x07,0xF8,0x00,0x07,0xF8,0x00,0x07,0xF8,0x00,0x07,0xF8,0x00,0x07,0xF8,
0x00,0x07,0xF8,0x00,0x07,0xF8,0x00,0x07,0xF8,0x00,0x07,0xF8,0x00,0x07,0xF8,0x00,
0x07,0xF8,0x00,0x07,0xF8,0x00,0x00,0x00,0x00,0x00,0x00,0x00,0x00,0x00,0x00,0x00,
0x00,0x00,0x00,0x00,0x00,0x00,0x00,0x00,0x00,0x00,0x00,0x00,0x00,0x00,0x00,0x00,
0x00,0x00,0x00,0x00,0x00,0x00,0x00,0x00,0x00,0x00,0x00,0x00,0x00,0x00,0x00,0x00,
0x00,0x00,0x00,0x00,0x00,0x00,0x00,0x00,0x00,

/*--  文字:  Q  --*/
/*--  微软雅黑48;  此字体下对应的点阵为：宽x高=19x83   --*/
/*--  宽度不是8的倍数，现调整为：宽度x高度=24x83  --*/
0x00,0x00,0x00,0x00,0x00,0x00,0x00,0x00,0x00,0x00,0x00,0x00,0x00,0x00,0x00,0x00,
0x00,0x00,0x00,0x00,0x00,0x00,0x00,0x00,0x00,0x00,0x00,0x00,0x00,0x00,0x00,0x00,
0x00,0x00,0x00,0x00,0x00,0x00,0x00,0x00,0x00,0x00,0x00,0x00,0x00,0x00,0x00,0x00,
0x00,0x00,0x00,0x00,0x00,0x00,0x00,0x00,0xE0,0x00,0x03,0xE0,0x00,0x0F,0xE0,0x00,
0x1F,0xE0,0x00,0x3F,0xE0,0x00,0x7F,0xE0,0x00,0xFF,0xE0,0x01,0xFF,0xC0,0x01,0xFF,
0x00,0x03,0xFE,0x00,0x07,0xFC,0x00,0x07,0xFC,0x00,0x0F,0xF8,0x00,0x0F,0xF8,0x00,
0x0F,0xF0,0x00,0x1F,0xF0,0x00,0x1F,0xE0,0x00,0x1F,0xE0,0x00,0x1F,0xE0,0x00,0x1F,
0xE0,0x00,0x1F,0xE0,0x00,0x3F,0xE0,0x00,0x3F,0xC0,0x00,0x3F,0xC0,0x00,0x3F,0xC0,
0x00,0x3F,0xC0,0x00,0x3F,0xE0,0x00,0x1F,0xE0,0x00,0x1F,0xE0,0x00,0x1F,0xE0,0x00,
0x1F,0xE0,0x00,0x1F,0xE0,0x00,0x1F,0xF0,0x00,0x0F,0xF0,0x00,0x0F,0xF8,0x00,0x0F,
0xF8,0x00,0x07,0xFC,0x00,0x07,0xFE,0x00,0x03,0xFE,0x00,0x01,0xFF,0x80,0x01,0xFF,
0xC0,0x00,0xFF,0xE0,0x00,0x7F,0xE0,0x00,0x3F,0xE0,0x00,0x1F,0xE0,0x00,0x0F,0xE0,
0x00,0x03,0xE0,0x00,0x00,0xE0,0x00,0x00,0x00,0x00,0x00,0x00,0x00,0x00,0x00,0x00,
0x00,0x00,0x00,0x00,0x00,0x00,0x00,0x00,0x00,0x00,0x00,0x00,0x00,0x00,0x00,0x00,
0x00,0x00,0x00,0x00,0x00,0x00,0x00,0x00,0x00,0x00,0x00,0x00,0x00,0x00,0x00,0x00,
0x00,0x00,0x00,0x00,0x00,0x00,0x00,0x00,0x00,

/*--  文字:  R  --*/
/*--  微软雅黑48;  此字体下对应的点阵为：宽x高=19x83   --*/
/*--  宽度不是8的倍数，现调整为：宽度x高度=24x83  --*/
0x00,0x00,0x00,0x00,0x00,0x00,0x00,0x00,0x00,0x00,0x00,0x00,0x00,0x00,0x00,0x00,
0x00,0x00,0x00,0x00,0x00,0x00,0x00,0x00,0x00,0x00,0x00,0x00,0x00,0x00,0x00,0x00,
0x00,0x00,0x00,0x00,0x00,0x00,0x00,0x00,0x00,0x00,0x00,0x00,0x00,0x00,0x00,0x00,
0x00,0x00,0x00,0x03,0xFF,0xE0,0x07,0xFF,0xE0,0x07,0xFF,0xE0,0x07,0xFF,0xE0,0x07,
0xFF,0xE0,0x07,0xFF,0xE0,0x07,0xF8,0x00,0x07,0xF8,0x00,0x07,0xF8,0x00,0x07,0xF8,
0x00,0x07,0xF8,0x00,0x07,0xF8,0x00,0x07,0xF8,0x00,0x07,0xF8,0x00,0x07,0xF8,0x00,
0x07,0xF8,0x00,0x07,0xF8,0x00,0x07,0xF8,0x00,0x07,0xF8,0x00,0x07,0xF8,0x00,0x07,
0xF8,0x00,0x07,0xF8,0x00,0x07,0xF8,0x00,0x07,0xFF,0xE0,0x07,0xFF,0xE0,0x07,0xFF,
0xE0,0x07,0xFF,0xE0,0x07,0xFF,0xE0,0x07,0xFF,0xE0,0x07,0xF8,0x00,0x07,0xF8,0x00,
0x07,0xF8,0x00,0x07,0xF8,0x00,0x07,0xF8,0x00,0x07,0xF8,0x00,0x07,0xF8,0x00,0x07,
0xF8,0x00,0x07,0xF8,0x00,0x07,0xF8,0x00,0x07,0xF8,0x00,0x07,0xF8,0x00,0x07,0xF8,
0x00,0x07,0xF8,0x00,0x07,0xF8,0x00,0x07,0xF8,0x00,0x07,0xF8,0x00,0x07,0xF8,0x00,
0x07,0xF8,0x00,0x07,0xF8,0x00,0x00,0x00,0x00,0x00,0x00,0x00,0x00,0x00,0x00,0x00,
0x00,0x00,0x00,0x00,0x00,0x00,0x00,0x00,0x00,0x00,0x00,0x00,0x00,0x00,0x00,0x00,
0x00,0x00,0x00,0x00,0x00,0x00,0x00,0x00,0x00,0x00,0x00,0x00,0x00,0x00,0x00,0x00,
0x00,0x00,0x00,0x00,0x00,0x00,0x00,0x00,0x00,

/*--  文字:  S  --*/
/*--  微软雅黑48;  此字体下对应的点阵为：宽x高=19x83   --*/
/*--  宽度不是8的倍数，现调整为：宽度x高度=24x83  --*/
0x00,0x00,0x00,0x00,0x00,0x00,0x00,0x00,0x00,0x00,0x00,0x00,0x00,0x00,0x00,0x00,
0x00,0x00,0x00,0x00,0x00,0x00,0x00,0x00,0x00,0x00,0x00,0x00,0x00,0x00,0x00,0x00,
0x00,0x00,0x00,0x00,0x00,0x00,0x00,0x00,0x00,0x00,0x00,0x00,0x00,0x00,0x00,0x00,
0x00,0x00,0x20,0x00,0x07,0xE0,0x00,0x1F,0xE0,0x00,0x7F,0xE0,0x00,0xFF,0xE0,0x01,
0xFF,0xE0,0x03,0xFF,0xE0,0x07,0xFF,0x00,0x0F,0xFC,0x00,0x0F,0xF8,0x00,0x0F,0xF0,
0x00,0x1F,0xF0,0x00,0x1F,0xE0,0x00,0x1F,0xE0,0x00,0x1F,0xE0,0x00,0x1F,0xF0,0x00,
0x0F,0xF0,0x00,0x0F,0xF8,0x00,0x0F,0xFC,0x00,0x07,0xFE,0x00,0x07,0xFF,0x80,0x03,
0xFF,0xE0,0x01,0xFF,0xE0,0x00,0xFF,0xE0,0x00,0x7F,0xE0,0x00,0x1F,0xE0,0x00,0x0F,
0xE0,0x00,0x03,0xE0,0x00,0x00,0xE0,0x00,0x00,0x20,0x00,0x00,0x00,0x00,0x00,0x00,
0x00,0x00,0x00,0x00,0x00,0x00,0x00,0x00,0x00,0x00,0x00,0x00,0x00,0x00,0x00,0x00,
0x00,0x00,0x00,0x00,0x00,0x00,0x00,0x00,0x00,0x00,0x00,0x1C,0x00,0x00,0x1E,0x00,
0x00,0x1F,0xC0,0x00,0x1F,0xF8,0x00,0x1F,0xFF,0xE0,0x1F,0xFF,0xE0,0x1F,0xFF,0xE0,
0x0F,0xFF,0xE0,0x03,0xFF,0xE0,0x00,0x3F,0xE0,0x00,0x00,0x00,0x00,0x00,0x00,0x00,
0x00,0x00,0x00,0x00,0x00,0x00,0x00,0x00,0x00,0x00,0x00,0x00,0x00,0x00,0x00,0x00,
0x00,0x00,0x00,0x00,0x00,0x00,0x00,0x00,0x00,0x00,0x00,0x00,0x00,0x00,0x00,0x00,
0x00,0x00,0x00,0x00,0x00,0x00,0x00,0x00,0x00,

/*--  文字:  T  --*/
/*--  微软雅黑48;  此字体下对应的点阵为：宽x高=19x83   --*/
/*--  宽度不是8的倍数，现调整为：宽度x高度=24x83  --*/
0x00,0x00,0x00,0x00,0x00,0x00,0x00,0x00,0x00,0x00,0x00,0x00,0x00,0x00,0x00,0x00,
0x00,0x00,0x00,0x00,0x00,0x00,0x00,0x00,0x00,0x00,0x00,0x00,0x00,0x00,0x00,0x00,
0x00,0x00,0x00,0x00,0x00,0x00,0x00,0x00,0x00,0x00,0x00,0x00,0x00,0x00,0x00,0x00,
0x00,0x00,0x00,0x7F,0xFF,0xE0,0x7F,0xFF,0xE0,0x7F,0xFF,0xE0,0x7F,0xFF,0xE0,0x7F,
0xFF,0xE0,0x7F,0xFF,0xE0,0x7F,0xFF,0xE0,0x00,0x03,0xE0,0x00,0x03,0xE0,0x00,0x03,
0xE0,0x00,0x03,0xE0,0x00,0x03,0xE0,0x00,0x03,0xE0,0x00,0x03,0xE0,0x00,0x03,0xE0,
0x00,0x03,0xE0,0x00,0x03,0xE0,0x00,0x03,0xE0,0x00,0x03,0xE0,0x00,0x03,0xE0,0x00,
0x03,0xE0,0x00,0x03,0xE0,0x00,0x03,0xE0,0x00,0x03,0xE0,0x00,0x03,0xE0,0x00,0x03,
0xE0,0x00,0x03,0xE0,0x00,0x03,0xE0,0x00,0x03,0xE0,0x00,0x03,0xE0,0x00,0x03,0xE0,
0x00,0x03,0xE0,0x00,0x03,0xE0,0x00,0x03,0xE0,0x00,0x03,0xE0,0x00,0x03,0xE0,0x00,
0x03,0xE0,0x00,0x03,0xE0,0x00,0x03,0xE0,0x00,0x03,0xE0,0x00,0x03,0xE0,0x00,0x03,
0xE0,0x00,0x03,0xE0,0x00,0x03,0xE0,0x00,0x03,0xE0,0x00,0x03,0xE0,0x00,0x03,0xE0,
0x00,0x03,0xE0,0x00,0x03,0xE0,0x00,0x00,0x00,0x00,0x00,0x00,0x00,0x00,0x00,0x00,
0x00,0x00,0x00,0x00,0x00,0x00,0x00,0x00,0x00,0x00,0x00,0x00,0x00,0x00,0x00,0x00,
0x00,0x00,0x00,0x00,0x00,0x00,0x00,0x00,0x00,0x00,0x00,0x00,0x00,0x00,0x00,0x00,
0x00,0x00,0x00,0x00,0x00,0x00,0x00,0x00,0x00,

/*--  文字:  U  --*/
/*--  微软雅黑48;  此字体下对应的点阵为：宽x高=19x83   --*/
/*--  宽度不是8的倍数，现调整为：宽度x高度=24x83  --*/
0x00,0x00,0x00,0x00,0x00,0x00,0x00,0x00,0x00,0x00,0x00,0x00,0x00,0x00,0x00,0x00,
0x00,0x00,0x00,0x00,0x00,0x00,0x00,0x00,0x00,0x00,0x00,0x00,0x00,0x00,0x00,0x00,
0x00,0x00,0x00,0x00,0x00,0x00,0x00,0x00,0x00,0x00,0x00,0x00,0x00,0x00,0x00,0x00,
0x00,0x00,0x00,0x07,0xF0,0x00,0x07,0xF8,0x00,0x07,0xF8,0x00,0x07,0xF8,0x00,0x07,
0xF8,0x00,0x07,0xF8,0x00,0x07,0xF8,0x00,0x07,0xF8,0x00,0x07,0xF8,0x00,0x07,0xF8,
0x00,0x07,0xF8,0x00,0x07,0xF8,0x00,0x07,0xF8,0x00,0x07,0xF8,0x00,0x07,0xF8,0x00,
0x07,0xF8,0x00,0x07,0xF8,0x00,0x07,0xF8,0x00,0x07,0xF8,0x00,0x07,0xF8,0x00,0x07,
0xF8,0x00,0x07,0xF8,0x00,0x07,0xF8,0x00,0x07,0xF8,0x00,0x07,0xF8,0x00,0x07,0xF8,
0x00,0x07,0xF8,0x00,0x07,0xF8,0x00,0x07,0xF8,0x00,0x07,0xF8,0x00,0x07,0xF8,0x00,
0x07,0xF8,0x00,0x07,0xF8,0x00,0x07,0xF8,0x00,0x07,0xF8,0x00,0x07,0xF8,0x00,0x07,
0xFC,0x00,0x03,0xFC,0x00,0x03,0xFC,0x00,0x03,0xFE,0x00,0x01,0xFF,0x00,0x01,0xFF,
0x80,0x00,0xFF,0xC0,0x00,0xFF,0xE0,0x00,0x7F,0xE0,0x00,0x3F,0xE0,0x00,0x1F,0xE0,
0x00,0x0F,0xE0,0x00,0x03,0xE0,0x00,0x00,0x60,0x00,0x00,0x00,0x00,0x00,0x00,0x00,
0x00,0x00,0x00,0x00,0x00,0x00,0x00,0x00,0x00,0x00,0x00,0x00,0x00,0x00,0x00,0x00,
0x00,0x00,0x00,0x00,0x00,0x00,0x00,0x00,0x00,0x00,0x00,0x00,0x00,0x00,0x00,0x00,
0x00,0x00,0x00,0x00,0x00,0x00,0x00,0x00,0x00,

/*--  文字:  V  --*/
/*--  微软雅黑48;  此字体下对应的点阵为：宽x高=19x83   --*/
/*--  宽度不是8的倍数，现调整为：宽度x高度=24x83  --*/
0x00,0x00,0x00,0x00,0x00,0x00,0x00,0x00,0x00,0x00,0x00,0x00,0x00,0x00,0x00,0x00,
0x00,0x00,0x00,0x00,0x00,0x00,0x00,0x00,0x00,0x00,0x00,0x00,0x00,0x00,0x00,0x00,
0x00,0x00,0x00,0x00,0x00,0x00,0x00,0x00,0x00,0x00,0x00,0x00,0x00,0x00,0x00,0x00,
0x00,0x00,0x00,0xFF,0x00,0x00,0xFF,0x80,0x00,0xFF,0x80,0x00,0x7F,0x80,0x00,0x7F,
0xC0,0x00,0x3F,0xC0,0x00,0x3F,0xC0,0x00,0x3F,0xE0,0x00,0x1F,0xE0,0x00,0x1F,0xE0,
0x00,0x1F,0xF0,0x00,0x0F,0xF0,0x00,0x0F,0xF0,0x00,0x0F,0xF8,0x00,0x07,0xF8,0x00,
0x07,0xF8,0x00,0x03,0xFC,0x00,0x03,0xFC,0x00,0x03,0xFC,0x00,0x01,0xFE,0x00,0x01,
0xFE,0x00,0x01,0xFE,0x00,0x00,0xFF,0x00,0x00,0xFF,0x00,0x00,0xFF,0x00,0x00,0x7F,
0x80,0x00,0x7F,0x80,0x00,0x3F,0xC0,0x00,0x3F,0xC0,0x00,0x3F,0xC0,0x00,0x1F,0xE0,
0x00,0x1F,0xE0,0x00,0x1F,0xE0,0x00,0x0F,0xE0,0x00,0x0F,0xE0,0x00,0x0F,0xE0,0x00,
0x07,0xE0,0x00,0x07,0xE0,0x00,0x07,0xE0,0x00,0x03,0xE0,0x00,0x03,0xE0,0x00,0x01,
0xE0,0x00,0x01,0xE0,0x00,0x01,0xE0,0x00,0x00,0xE0,0x00,0x00,0xE0,0x00,0x00,0xE0,
0x00,0x00,0x60,0x00,0x00,0x60,0x00,0x00,0x00,0x00,0x00,0x00,0x00,0x00,0x00,0x00,
0x00,0x00,0x00,0x00,0x00,0x00,0x00,0x00,0x00,0x00,0x00,0x00,0x00,0x00,0x00,0x00,
0x00,0x00,0x00,0x00,0x00,0x00,0x00,0x00,0x00,0x00,0x00,0x00,0x00,0x00,0x00,0x00,
0x00,0x00,0x00,0x00,0x00,0x00,0x00,0x00,0x00,

/*--  文字:  W  --*/
/*--  微软雅黑48;  此字体下对应的点阵为：宽x高=19x83   --*/
/*--  宽度不是8的倍数，现调整为：宽度x高度=24x83  --*/
0x00,0x00,0x00,0x00,0x00,0x00,0x00,0x00,0x00,0x00,0x00,0x00,0x00,0x00,0x00,0x00,
0x00,0x00,0x00,0x00,0x00,0x00,0x00,0x00,0x00,0x00,0x00,0x00,0x00,0x00,0x00,0x00,
0x00,0x00,0x00,0x00,0x00,0x00,0x00,0x00,0x00,0x00,0x00,0x00,0x00,0x00,0x00,0x00,
0x00,0x00,0x00,0xFF,0x00,0x00,0xFF,0x80,0x00,0x7F,0x80,0x00,0x7F,0x80,0x00,0x7F,
0xC0,0x00,0x3F,0xC0,0x00,0x3F,0xC0,0x00,0x3F,0xC0,0x00,0x3F,0xE0,0x00,0x1F,0xE0,
0x00,0x1F,0xE0,0x00,0x1F,0xE0,0x00,0x0F,0xF0,0x00,0x0F,0xF0,0x00,0x0F,0xF0,0x00,
0x0F,0xF8,0x00,0x07,0xF8,0x00,0x07,0xF8,0x00,0x07,0xF8,0x00,0x03,0xFC,0x00,0x03,
0xFC,0x00,0x03,0xFC,0x00,0x03,0xFC,0x00,0x01,0xFE,0x00,0x01,0xFE,0x00,0x01,0xFE,
0x00,0x00,0xFE,0x00,0x00,0xFF,0x00,0x00,0xFF,0x00,0x00,0xFF,0x00,0x00,0x7F,0x80,
0x00,0x7F,0x80,0x00,0x7F,0x80,0x00,0x3F,0x80,0x00,0x3F,0xC0,0x00,0x3F,0xC0,0x00,
0x1F,0xC0,0x00,0x1F,0xC0,0x00,0x1F,0xE0,0x00,0x1F,0xE0,0x00,0x0F,0xE0,0x00,0x0F,
0xE0,0x00,0x0F,0xE0,0x00,0x07,0xE0,0x00,0x07,0xE0,0x00,0x07,0xE0,0x00,0x07,0xE0,
0x00,0x03,0xE0,0x00,0x03,0xE0,0x00,0x00,0x00,0x00,0x00,0x00,0x00,0x00,0x00,0x00,
0x00,0x00,0x00,0x00,0x00,0x00,0x00,0x00,0x00,0x00,0x00,0x00,0x00,0x00,0x00,0x00,
0x00,0x00,0x00,0x00,0x00,0x00,0x00,0x00,0x00,0x00,0x00,0x00,0x00,0x00,0x00,0x00,
0x00,0x00,0x00,0x00,0x00,0x00,0x00,0x00,0x00,

/*--  文字:  X  --*/
/*--  微软雅黑48;  此字体下对应的点阵为：宽x高=19x83   --*/
/*--  宽度不是8的倍数，现调整为：宽度x高度=24x83  --*/
0x00,0x00,0x00,0x00,0x00,0x00,0x00,0x00,0x00,0x00,0x00,0x00,0x00,0x00,0x00,0x00,
0x00,0x00,0x00,0x00,0x00,0x00,0x00,0x00,0x00,0x00,0x00,0x00,0x00,0x00,0x00,0x00,
0x00,0x00,0x00,0x00,0x00,0x00,0x00,0x00,0x00,0x00,0x00,0x00,0x00,0x00,0x00,0x00,
0x00,0x00,0x00,0x3F,0xC0,0x00,0x3F,0xE0,0x00,0x1F,0xF0,0x00,0x1F,0xF0,0x00,0x0F,
0xF8,0x00,0x0F,0xF8,0x00,0x07,0xFC,0x00,0x03,0xFC,0x00,0x03,0xFE,0x00,0x01,0xFF,
0x00,0x01,0xFF,0x00,0x00,0xFF,0x80,0x00,0x7F,0x80,0x00,0x7F,0xC0,0x00,0x3F,0xC0,
0x00,0x1F,0xE0,0x00,0x1F,0xE0,0x00,0x0F,0xE0,0x00,0x0F,0xE0,0x00,0x07,0xE0,0x00,
0x03,0xE0,0x00,0x03,0xE0,0x00,0x01,0xE0,0x00,0x01,0xE0,0x00,0x00,0xE0,0x00,0x00,
0xE0,0x00,0x01,0xE0,0x00,0x03,0xE0,0x00,0x03,0xE0,0x00,0x07,0xE0,0x00,0x0F,0xE0,
0x00,0x0F,0xE0,0x00,0x1F,0xE0,0x00,0x3F,0xE0,0x00,0x3F,0xC0,0x00,0x7F,0x80,0x00,
0xFF,0x80,0x00,0xFF,0x00,0x01,0xFF,0x00,0x03,0xFE,0x00,0x03,0xFC,0x00,0x07,0xFC,
0x00,0x0F,0xF8,0x00,0x0F,0xF8,0x00,0x1F,0xF0,0x00,0x3F,0xE0,0x00,0x3F,0xE0,0x00,
0x7F,0xC0,0x00,0xFF,0x80,0x00,0x00,0x00,0x00,0x00,0x00,0x00,0x00,0x00,0x00,0x00,
0x00,0x00,0x00,0x00,0x00,0x00,0x00,0x00,0x00,0x00,0x00,0x00,0x00,0x00,0x00,0x00,
0x00,0x00,0x00,0x00,0x00,0x00,0x00,0x00,0x00,0x00,0x00,0x00,0x00,0x00,0x00,0x00,
0x00,0x00,0x00,0x00,0x00,0x00,0x00,0x00,0x00,

/*--  文字:  Y  --*/
/*--  微软雅黑48;  此字体下对应的点阵为：宽x高=19x83   --*/
/*--  宽度不是8的倍数，现调整为：宽度x高度=24x83  --*/
0x00,0x00,0x00,0x00,0x00,0x00,0x00,0x00,0x00,0x00,0x00,0x00,0x00,0x00,0x00,0x00,
0x00,0x00,0x00,0x00,0x00,0x00,0x00,0x00,0x00,0x00,0x00,0x00,0x00,0x00,0x00,0x00,
0x00,0x00,0x00,0x00,0x00,0x00,0x00,0x00,0x00,0x00,0x00,0x00,0x00,0x00,0x00,0x00,
0x00,0x00,0x00,0xFF,0x00,0x00,0xFF,0x80,0x00,0x7F,0x80,0x00,0x7F,0xC0,0x00,0x3F,
0xC0,0x00,0x3F,0xE0,0x00,0x1F,0xE0,0x00,0x1F,0xF0,0x00,0x0F,0xF0,0x00,0x0F,0xF8,
0x00,0x07,0xF8,0x00,0x07,0xFC,0x00,0x03,0xFC,0x00,0x03,0xFE,0x00,0x01,0xFE,0x00,
0x01,0xFF,0x00,0x00,0xFF,0x00,0x00,0xFF,0x80,0x00,0x7F,0x80,0x00,0x7F,0xC0,0x00,
0x3F,0xC0,0x00,0x3F,0xE0,0x00,0x1F,0xE0,0x00,0x1F,0xE0,0x00,0x0F,0xE0,0x00,0x0F,
0xE0,0x00,0x07,0xE0,0x00,0x07,0xE0,0x00,0x03,0xE0,0x00,0x03,0xE0,0x00,0x01,0xE0,
0x00,0x01,0xE0,0x00,0x01,0xE0,0x00,0x01,0xE0,0x00,0x01,0xE0,0x00,0x01,0xE0,0x00,
0x01,0xE0,0x00,0x01,0xE0,0x00,0x01,0xE0,0x00,0x01,0xE0,0x00,0x01,0xE0,0x00,0x01,
0xE0,0x00,0x01,0xE0,0x00,0x01,0xE0,0x00,0x01,0xE0,0x00,0x01,0xE0,0x00,0x01,0xE0,
0x00,0x01,0xE0,0x00,0x01,0xE0,0x00,0x00,0x00,0x00,0x00,0x00,0x00,0x00,0x00,0x00,
0x00,0x00,0x00,0x00,0x00,0x00,0x00,0x00,0x00,0x00,0x00,0x00,0x00,0x00,0x00,0x00,
0x00,0x00,0x00,0x00,0x00,0x00,0x00,0x00,0x00,0x00,0x00,0x00,0x00,0x00,0x00,0x00,
0x00,0x00,0x00,0x00,0x00,0x00,0x00,0x00,0x00,

/*--  文字:  Z  --*/
/*--  微软雅黑48;  此字体下对应的点阵为：宽x高=19x83   --*/
/*--  宽度不是8的倍数，现调整为：宽度x高度=24x83  --*/
0x00,0x00,0x00,0x00,0x00,0x00,0x00,0x00,0x00,0x00,0x00,0x00,0x00,0x00,0x00,0x00,
0x00,0x00,0x00,0x00,0x00,0x00,0x00,0x00,0x00,0x00,0x00,0x00,0x00,0x00,0x00,0x00,
0x00,0x00,0x00,0x00,0x00,0x00,0x00,0x00,0x00,0x00,0x00,0x00,0x00,0x00,0x00,0x00,
0x00,0x00,0x00,0x1F,0xFF,0xE0,0x1F,0xFF,0xE0,0x1F,0xFF,0xE0,0x1F,0xFF,0xE0,0x1F,
0xFF,0xE0,0x1F,0xFF,0xE0,0x1F,0xFF,0xE0,0x00,0x00,0x00,0x00,0x00,0x00,0x00,0x00,
0x00,0x00,0x00,0x00,0x00,0x00,0x00,0x00,0x00,0x00,0x00,0x00,0x00,0x00,0x00,0x00,
0x00,0x00,0x00,0x00,0x00,0x00,0x00,0x00,0x00,0x00,0x00,0x00,0x00,0x00,0x00,0x00,
0x00,0x20,0x00,0x00,0x20,0x00,0x00,0x60,0x00,0x00,0xE0,0x00,0x00,0xE0,0x00,0x01,
0xE0,0x00,0x03,0xE0,0x00,0x03,0xE0,0x00,0x07,0xE0,0x00,0x0F,0xE0,0x00,0x0F,0xE0,
0x00,0x1F,0xE0,0x00,0x3F,0xE0,0x00,0x3F,0xC0,0x00,0x7F,0x80,0x00,0xFF,0x00,0x01,
0xFF,0x00,0x01,0xFE,0x00,0x03,0xFC,0x00,0x07,0xFC,0x00,0x07,0xF8,0x00,0x0F,0xF0,
0x00,0x1F,0xF0,0x00,0x1F,0xFF,0xE0,0x3F,0xFF,0xE0,0x7F,0xFF,0xE0,0x7F,0xFF,0xE0,
0xFF,0xFF,0xE0,0xFF,0xFF,0xE0,0x00,0x00,0x00,0x00,0x00,0x00,0x00,0x00,0x00,0x00,
0x00,0x00,0x00,0x00,0x00,0x00,0x00,0x00,0x00,0x00,0x00,0x00,0x00,0x00,0x00,0x00,
0x00,0x00,0x00,0x00,0x00,0x00,0x00,0x00,0x00,0x00,0x00,0x00,0x00,0x00,0x00,0x00,
0x00,0x00,0x00,0x00,0x00,0x00,0x00,0x00,0x00,

/*--  文字:  [  --*/
/*--  微软雅黑48;  此字体下对应的点阵为：宽x高=19x83   --*/
/*--  宽度不是8的倍数，现调整为：宽度x高度=24x83  --*/
0x00,0x00,0x00,0x00,0x00,0x00,0x00,0x00,0x00,0x00,0x00,0x00,0x00,0x00,0x00,0x00,
0x00,0x00,0x00,0x00,0x00,0x00,0x00,0x00,0x00,0x00,0x00,0x00,0x00,0x00,0x00,0x00,
0x00,0x00,0x00,0x00,0x00,0x00,0x00,0x00,0x00,0x00,0x00,0x00,0x00,0x00,0x00,0x00,
0x00,0x00,0x00,0x03,0xFF,0xE0,0x03,0xFF,0xE0,0x03,0xFF,0xE0,0x03,0xFF,0xE0,0x03,
0xFF,0xE0,0x03,0xF8,0x00,0x03,0xF8,0x00,0x03,0xF8,0x00,0x03,0xF8,0x00,0x03,0xF8,
0x00,0x03,0xF8,0x00,0x03,0xF8,0x00,0x03,0xF8,0x00,0x03,0xF8,0x00,0x03,0xF8,0x00,
0x03,0xF8,0x00,0x03,0xF8,0x00,0x03,0xF8,0x00,0x03,0xF8,0x00,0x03,0xF8,0x00,0x03,
0xF8,0x00,0x03,0xF8,0x00,0x03,0xF8,0x00,0x03,0xF8,0x00,0x03,0xF8,0x00,0x03,0xF8,
0x00,0x03,0xF8,0x00,0x03,0xF8,0x00,0x03,0xF8,0x00,0x03,0xF8,0x00,0x03,0xF8,0x00,
0x03,0xF8,0x00,0x03,0xF8,0x00,0x03,0xF8,0x00,0x03,0xF8,0x00,0x03,0xF8,0x00,0x03,
0xF8,0x00,0x03,0xF8,0x00,0x03,0xF8,0x00,0x03,0xF8,0x00,0x03,0xF8,0x00,0x03,0xF8,
0x00,0x03,0xF8,0x00,0x03,0xF8,0x00,0x03,0xF8,0x00,0x03,0xF8,0x00,0x03,0xF8,0x00,
0x03,0xF8,0x00,0x03,0xF8,0x00,0x03,0xF8,0x00,0x03,0xF8,0x00,0x03,0xF8,0x00,0x03,
0xF8,0x00,0x03,0xF8,0x00,0x03,0xF8,0x00,0x03,0xFF,0xE0,0x03,0xFF,0xE0,0x03,0xFF,
0xE0,0x03,0xFF,0xE0,0x03,0xFF,0xE0,0x00,0x00,0x00,0x00,0x00,0x00,0x00,0x00,0x00,
0x00,0x00,0x00,0x00,0x00,0x00,0x00,0x00,0x00,

/*--  文字:  \  --*/
/*--  微软雅黑48;  此字体下对应的点阵为：宽x高=19x83   --*/
/*--  宽度不是8的倍数，现调整为：宽度x高度=24x83  --*/
0x00,0x00,0x00,0x00,0x00,0x00,0x00,0x00,0x00,0x00,0x00,0x00,0x00,0x00,0x00,0x00,
0x00,0x00,0x00,0x00,0x00,0x00,0x00,0x00,0x00,0x00,0x00,0x00,0x00,0x00,0x00,0x00,
0x00,0x00,0x00,0x00,0x00,0x00,0x00,0x00,0x00,0x00,0x00,0x00,0x00,0x00,0x00,0x00,
0x00,0x00,0x00,0xFC,0x00,0x00,0xFC,0x00,0x00,0xFC,0x00,0x00,0xFE,0x00,0x00,0xFE,
0x00,0x00,0xFF,0x00,0x00,0x7F,0x00,0x00,0x7F,0x00,0x00,0x3F,0x80,0x00,0x3F,0x80,
0x00,0x3F,0xC0,0x00,0x1F,0xC0,0x00,0x1F,0xC0,0x00,0x0F,0xE0,0x00,0x0F,0xE0,0x00,
0x0F,0xF0,0x00,0x07,0xF0,0x00,0x07,0xF0,0x00,0x03,0xF8,0x00,0x03,0xF8,0x00,0x03,
0xFC,0x00,0x01,0xFC,0x00,0x01,0xFC,0x00,0x00,0xFE,0x00,0x00,0xFE,0x00,0x00,0xFF,
0x00,0x00,0x7F,0x00,0x00,0x7F,0x00,0x00,0x3F,0x80,0x00,0x3F,0x80,0x00,0x1F,0xC0,
0x00,0x1F,0xC0,0x00,0x1F,0xC0,0x00,0x0F,0xE0,0x00,0x0F,0xE0,0x00,0x07,0xE0,0x00,
0x07,0xE0,0x00,0x07,0xE0,0x00,0x03,0xE0,0x00,0x03,0xE0,0x00,0x01,0xE0,0x00,0x01,
0xE0,0x00,0x01,0xE0,0x00,0x00,0xE0,0x00,0x00,0xE0,0x00,0x00,0x60,0x00,0x00,0x60,
0x00,0x00,0x60,0x00,0x00,0x20,0x00,0x00,0x20,0x00,0x00,0x00,0x00,0x00,0x00,0x00,
0x00,0x00,0x00,0x00,0x00,0x00,0x00,0x00,0x00,0x00,0x00,0x00,0x00,0x00,0x00,0x00,
0x00,0x00,0x00,0x00,0x00,0x00,0x00,0x00,0x00,0x00,0x00,0x00,0x00,0x00,0x00,0x00,
0x00,0x00,0x00,0x00,0x00,0x00,0x00,0x00,0x00,

/*--  文字:  ]  --*/
/*--  微软雅黑48;  此字体下对应的点阵为：宽x高=19x83   --*/
/*--  宽度不是8的倍数，现调整为：宽度x高度=24x83  --*/
0x00,0x00,0x00,0x00,0x00,0x00,0x00,0x00,0x00,0x00,0x00,0x00,0x00,0x00,0x00,0x00,
0x00,0x00,0x00,0x00,0x00,0x00,0x00,0x00,0x00,0x00,0x00,0x00,0x00,0x00,0x00,0x00,
0x00,0x00,0x00,0x00,0x00,0x00,0x00,0x00,0x00,0x00,0x00,0x00,0x00,0x00,0x00,0x00,
0x00,0x00,0x00,0x7F,0xFE,0x00,0x7F,0xFE,0x00,0x7F,0xFE,0x00,0x7F,0xFE,0x00,0x7F,
0xFE,0x00,0x00,0x7E,0x00,0x00,0x7E,0x00,0x00,0x7E,0x00,0x00,0x7E,0x00,0x00,0x7E,
0x00,0x00,0x7E,0x00,0x00,0x7E,0x00,0x00,0x7E,0x00,0x00,0x7E,0x00,0x00,0x7E,0x00,
0x00,0x7E,0x00,0x00,0x7E,0x00,0x00,0x7E,0x00,0x00,0x7E,0x00,0x00,0x7E,0x00,0x00,
0x7E,0x00,0x00,0x7E,0x00,0x00,0x7E,0x00,0x00,0x7E,0x00,0x00,0x7E,0x00,0x00,0x7E,
0x00,0x00,0x7E,0x00,0x00,0x7E,0x00,0x00,0x7E,0x00,0x00,0x7E,0x00,0x00,0x7E,0x00,
0x00,0x7E,0x00,0x00,0x7E,0x00,0x00,0x7E,0x00,0x00,0x7E,0x00,0x00,0x7E,0x00,0x00,
0x7E,0x00,0x00,0x7E,0x00,0x00,0x7E,0x00,0x00,0x7E,0x00,0x00,0x7E,0x00,0x00,0x7E,
0x00,0x00,0x7E,0x00,0x00,0x7E,0x00,0x00,0x7E,0x00,0x00,0x7E,0x00,0x00,0x7E,0x00,
0x00,0x7E,0x00,0x00,0x7E,0x00,0x00,0x7E,0x00,0x00,0x7E,0x00,0x00,0x7E,0x00,0x00,
0x7E,0x00,0x00,0x7E,0x00,0x00,0x7E,0x00,0x7F,0xFE,0x00,0x7F,0xFE,0x00,0x7F,0xFE,
0x00,0x7F,0xFE,0x00,0x7F,0xFE,0x00,0x00,0x00,0x00,0x00,0x00,0x00,0x00,0x00,0x00,
0x00,0x00,0x00,0x00,0x00,0x00,0x00,0x00,0x00,

/*--  文字:  ^  --*/
/*--  微软雅黑48;  此字体下对应的点阵为：宽x高=19x83   --*/
/*--  宽度不是8的倍数，现调整为：宽度x高度=24x83  --*/
0x00,0x00,0x00,0x00,0x00,0x00,0x00,0x00,0x00,0x00,0x00,0x00,0x00,0x00,0x00,0x00,
0x00,0x00,0x00,0x00,0x00,0x00,0x00,0x00,0x00,0x00,0x00,0x00,0x00,0x00,0x00,0x00,
0x00,0x00,0x00,0x00,0x00,0x00,0x00,0x00,0x00,0x00,0x00,0x00,0x00,0x00,0x00,0x00,
0x00,0x00,0x00,0x00,0x00,0x00,0x00,0x00,0x00,0x00,0x00,0x00,0x00,0x00,0x00,0x00,
0x00,0x00,0x00,0x00,0x20,0x00,0x00,0x20,0x00,0x00,0x60,0x00,0x00,0x60,0x00,0x00,
0xE0,0x00,0x00,0xE0,0x00,0x01,0xE0,0x00,0x01,0xE0,0x00,0x03,0xE0,0x00,0x03,0xE0,
0x00,0x07,0xE0,0x00,0x07,0xE0,0x00,0x0F,0xE0,0x00,0x0F,0xC0,0x00,0x1F,0xC0,0x00,
0x1F,0x80,0x00,0x3F,0x80,0x00,0x3F,0x00,0x00,0x7F,0x00,0x00,0x7E,0x00,0x00,0xFE,
0x00,0x00,0xFC,0x00,0x01,0xFC,0x00,0x00,0x00,0x00,0x00,0x00,0x00,0x00,0x00,0x00,
0x00,0x00,0x00,0x00,0x00,0x00,0x00,0x00,0x00,0x00,0x00,0x00,0x00,0x00,0x00,0x00,
0x00,0x00,0x00,0x00,0x00,0x00,0x00,0x00,0x00,0x00,0x00,0x00,0x00,0x00,0x00,0x00,
0x00,0x00,0x00,0x00,0x00,0x00,0x00,0x00,0x00,0x00,0x00,0x00,0x00,0x00,0x00,0x00,
0x00,0x00,0x00,0x00,0x00,0x00,0x00,0x00,0x00,0x00,0x00,0x00,0x00,0x00,0x00,0x00,
0x00,0x00,0x00,0x00,0x00,0x00,0x00,0x00,0x00,0x00,0x00,0x00,0x00,0x00,0x00,0x00,
0x00,0x00,0x00,0x00,0x00,0x00,0x00,0x00,0x00,0x00,0x00,0x00,0x00,0x00,0x00,0x00,
0x00,0x00,0x00,0x00,0x00,0x00,0x00,0x00,0x00,

/*--  文字:  _  --*/
/*--  微软雅黑48;  此字体下对应的点阵为：宽x高=19x83   --*/
/*--  宽度不是8的倍数，现调整为：宽度x高度=24x83  --*/
0x00,0x00,0x00,0x00,0x00,0x00,0x00,0x00,0x00,0x00,0x00,0x00,0x00,0x00,0x00,0x00,
0x00,0x00,0x00,0x00,0x00,0x00,0x00,0x00,0x00,0x00,0x00,0x00,0x00,0x00,0x00,0x00,
0x00,0x00,0x00,0x00,0x00,0x00,0x00,0x00,0x00,0x00,0x00,0x00,0x00,0x00,0x00,0x00,
0x00,0x00,0x00,0x00,0x00,0x00,0x00,0x00,0x00,0x00,0x00,0x00,0x00,0x00,0x00,0x00,
0x00,0x00,0x00,0x00,0x00,0x00,0x00,0x00,0x00,0x00,0x00,0x00,0x00,0x00,0x00,0x00,
0x00,0x00,0x00,0x00,0x00,0x00,0x00,0x00,0x00,0x00,0x00,0x00,0x00,0x00,0x00,0x00,
0x00,0x00,0x00,0x00,0x00,0x00,0x00,0x00,0x00,0x00,0x00,0x00,0x00,0x00,0x00,0x00,
0x00,0x00,0x00,0x00,0x00,0x00,0x00,0x00,0x00,0x00,0x00,0x00,0x00,0x00,0x00,0x00,
0x00,0x00,0x00,0x00,0x00,0x00,0x00,0x00,0x00,0x00,0x00,0x00,0x00,0x00,0x00,0x00,
0x00,0x00,0x00,0x00,0x00,0x00,0x00,0x00,0x00,0x00,0x00,0x00,0x00,0x00,0x00,0x00,
0x00,0x00,0x00,0x00,0x00,0x00,0x00,0x00,0x00,0x00,0x00,0x00,0x00,0x00,0x00,0x00,
0x00,0x00,0x00,0x00,0x00,0x00,0x00,0x00,0x00,0x00,0x00,0x00,0x00,0x00,0x00,0x00,
0x00,0x00,0x00,0x00,0x00,0x00,0x00,0x00,0x00,0x00,0x00,0x00,0x00,0x00,0x00,0x00,
0x00,0x00,0x00,0x00,0x00,0x00,0x00,0x00,0x00,0x00,0x00,0x00,0x00,0x00,0x00,0x00,
0x00,0x00,0x00,0x00,0x00,0x00,0x00,0x00,0x00,0x00,0xFF,0xFF,0xE0,0xFF,0xFF,0xE0,
0xFF,0xFF,0xE0,0xFF,0xFF,0xE0,0xFF,0xFF,0xE0,

/*--  文字:  `  --*/
/*--  微软雅黑48;  此字体下对应的点阵为：宽x高=19x83   --*/
/*--  宽度不是8的倍数，现调整为：宽度x高度=24x83  --*/
0x00,0x00,0x00,0x00,0x00,0x00,0x00,0x00,0x00,0x00,0x00,0x00,0x00,0x00,0x00,0x00,
0x00,0x00,0x00,0x00,0x00,0x00,0x00,0x00,0x00,0x00,0x00,0x00,0x00,0x00,0x00,0x00,
0x00,0x00,0x00,0x00,0x00,0x00,0x00,0x00,0x00,0x00,0x3F,0xC0,0x00,0x1F,0xE0,0x00,
0x0F,0xE0,0x00,0x07,0xF0,0x00,0x03,0xF8,0x00,0x03,0xF8,0x00,0x01,0xFC,0x00,0x00,
0xFE,0x00,0x00,0x7E,0x00,0x00,0x3F,0x00,0x00,0x1F,0x80,0x00,0x00,0x00,0x00,0x00,
0x00,0x00,0x00,0x00,0x00,0x00,0x00,0x00,0x00,0x00,0x00,0x00,0x00,0x00,0x00,0x00,
0x00,0x00,0x00,0x00,0x00,0x00,0x00,0x00,0x00,0x00,0x00,0x00,0x00,0x00,0x00,0x00,
0x00,0x00,0x00,0x00,0x00,0x00,0x00,0x00,0x00,0x00,0x00,0x00,0x00,0x00,0x00,0x00,
0x00,0x00,0x00,0x00,0x00,0x00,0x00,0x00,0x00,0x00,0x00,0x00,0x00,0x00,0x00,0x00,
0x00,0x00,0x00,0x00,0x00,0x00,0x00,0x00,0x00,0x00,0x00,0x00,0x00,0x00,0x00,0x00,
0x00,0x00,0x00,0x00,0x00,0x00,0x00,0x00,0x00,0x00,0x00,0x00,0x00,0x00,0x00,0x00,
0x00,0x00,0x00,0x00,0x00,0x00,0x00,0x00,0x00,0x00,0x00,0x00,0x00,0x00,0x00,0x00,
0x00,0x00,0x00,0x00,0x00,0x00,0x00,0x00,0x00,0x00,0x00,0x00,0x00,0x00,0x00,0x00,
0x00,0x00,0x00,0x00,0x00,0x00,0x00,0x00,0x00,0x00,0x00,0x00,0x00,0x00,0x00,0x00,
0x00,0x00,0x00,0x00,0x00,0x00,0x00,0x00,0x00,0x00,0x00,0x00,0x00,0x00,0x00,0x00,
0x00,0x00,0x00,0x00,0x00,0x00,0x00,0x00,0x00,

/*--  文字:  a  --*/
/*--  微软雅黑48;  此字体下对应的点阵为：宽x高=19x83   --*/
/*--  宽度不是8的倍数，现调整为：宽度x高度=24x83  --*/
0x00,0x00,0x00,0x00,0x00,0x00,0x00,0x00,0x00,0x00,0x00,0x00,0x00,0x00,0x00,0x00,
0x00,0x00,0x00,0x00,0x00,0x00,0x00,0x00,0x00,0x00,0x00,0x00,0x00,0x00,0x00,0x00,
0x00,0x00,0x00,0x00,0x00,0x00,0x00,0x00,0x00,0x00,0x00,0x00,0x00,0x00,0x00,0x00,
0x00,0x00,0x00,0x00,0x00,0x00,0x00,0x00,0x00,0x00,0x00,0x00,0x00,0x00,0x00,0x00,
0x00,0x00,0x00,0x00,0x00,0x00,0x00,0x00,0x00,0x00,0x00,0x00,0x00,0x00,0x00,0x00,
0x00,0x00,0x00,0x00,0x00,0x00,0x00,0x00,0x00,0x00,0x00,0x03,0xE0,0x00,0x3F,0xE0,
0x00,0xFF,0xE0,0x03,0xFF,0xE0,0x03,0xFF,0xE0,0x03,0xFF,0xE0,0x03,0xF8,0x00,0x03,
0xE0,0x00,0x03,0x80,0x00,0x03,0x00,0x00,0x00,0x00,0x00,0x00,0x00,0x00,0x00,0x00,
0x00,0x00,0x00,0x00,0x00,0x00,0x20,0x00,0x0F,0xE0,0x00,0x7F,0xE0,0x01,0xFF,0xE0,
0x03,0xFF,0xE0,0x07,0xFF,0xE0,0x0F,0xFE,0x00,0x1F,0xF0,0x00,0x1F,0xE0,0x00,0x1F,
0xC0,0x00,0x3F,0xC0,0x00,0x3F,0xC0,0x00,0x3F,0xC0,0x00,0x3F,0xC0,0x00,0x3F,0xC0,
0x00,0x3F,0xE0,0x00,0x1F,0xF0,0x00,0x1F,0xFF,0xE0,0x0F,0xFF,0xE0,0x07,0xFF,0xE0,
0x07,0xFF,0xE0,0x01,0xFF,0xE0,0x00,0x7F,0xC0,0x00,0x00,0x00,0x00,0x00,0x00,0x00,
0x00,0x00,0x00,0x00,0x00,0x00,0x00,0x00,0x00,0x00,0x00,0x00,0x00,0x00,0x00,0x00,
0x00,0x00,0x00,0x00,0x00,0x00,0x00,0x00,0x00,0x00,0x00,0x00,0x00,0x00,0x00,0x00,
0x00,0x00,0x00,0x00,0x00,0x00,0x00,0x00,0x00,

/*--  文字:  b  --*/
/*--  微软雅黑48;  此字体下对应的点阵为：宽x高=19x83   --*/
/*--  宽度不是8的倍数，现调整为：宽度x高度=24x83  --*/
0x00,0x00,0x00,0x00,0x00,0x00,0x00,0x00,0x00,0x00,0x00,0x00,0x00,0x00,0x00,0x00,
0x00,0x00,0x00,0x00,0x00,0x00,0x00,0x00,0x00,0x00,0x00,0x00,0x00,0x00,0x00,0x00,
0x00,0x00,0x00,0x00,0x00,0x00,0x00,0x00,0x00,0x00,0x07,0xF0,0x00,0x07,0xF0,0x00,
0x07,0xF0,0x00,0x07,0xF0,0x00,0x07,0xF0,0x00,0x07,0xF0,0x00,0x07,0xF0,0x00,0x07,
0xF0,0x00,0x07,0xF0,0x00,0x07,0xF0,0x00,0x07,0xF0,0x00,0x07,0xF0,0x00,0x07,0xF0,
0x00,0x07,0xF0,0x00,0x07,0xF0,0x00,0x07,0xF0,0x00,0x07,0xF0,0x00,0x07,0xF0,0x60,
0x07,0xF1,0xE0,0x07,0xF3,0xE0,0x07,0xF7,0xE0,0x07,0xFF,0xE0,0x07,0xFF,0xE0,0x07,
0xFF,0x80,0x07,0xFF,0x00,0x07,0xFE,0x00,0x07,0xFC,0x00,0x07,0xF8,0x00,0x07,0xF8,
0x00,0x07,0xF8,0x00,0x07,0xF8,0x00,0x07,0xF0,0x00,0x07,0xF0,0x00,0x07,0xF0,0x00,
0x07,0xF0,0x00,0x07,0xF0,0x00,0x07,0xF0,0x00,0x07,0xF0,0x00,0x07,0xF0,0x00,0x07,
0xF0,0x00,0x07,0xF8,0x00,0x07,0xF8,0x00,0x07,0xF8,0x00,0x07,0xFC,0x00,0x07,0xFE,
0x00,0x07,0xFF,0x00,0x07,0xFF,0x80,0x07,0xFF,0xE0,0x07,0xFF,0xE0,0x07,0xF7,0xE0,
0x07,0xF3,0xE0,0x07,0xF1,0xE0,0x00,0x00,0x60,0x00,0x00,0x00,0x00,0x00,0x00,0x00,
0x00,0x00,0x00,0x00,0x00,0x00,0x00,0x00,0x00,0x00,0x00,0x00,0x00,0x00,0x00,0x00,
0x00,0x00,0x00,0x00,0x00,0x00,0x00,0x00,0x00,0x00,0x00,0x00,0x00,0x00,0x00,0x00,
0x00,0x00,0x00,0x00,0x00,0x00,0x00,0x00,0x00,

/*--  文字:  c  --*/
/*--  微软雅黑48;  此字体下对应的点阵为：宽x高=19x83   --*/
/*--  宽度不是8的倍数，现调整为：宽度x高度=24x83  --*/
0x00,0x00,0x00,0x00,0x00,0x00,0x00,0x00,0x00,0x00,0x00,0x00,0x00,0x00,0x00,0x00,
0x00,0x00,0x00,0x00,0x00,0x00,0x00,0x00,0x00,0x00,0x00,0x00,0x00,0x00,0x00,0x00,
0x00,0x00,0x00,0x00,0x00,0x00,0x00,0x00,0x00,0x00,0x00,0x00,0x00,0x00,0x00,0x00,
0x00,0x00,0x00,0x00,0x00,0x00,0x00,0x00,0x00,0x00,0x00,0x00,0x00,0x00,0x00,0x00,
0x00,0x00,0x00,0x00,0x00,0x00,0x00,0x00,0x00,0x00,0x00,0x00,0x00,0x00,0x00,0x00,
0x00,0x00,0x00,0x00,0x00,0x00,0x00,0x00,0x00,0x00,0x00,0x00,0x20,0x00,0x03,0xE0,
0x00,0x1F,0xE0,0x00,0x3F,0xE0,0x00,0x7F,0xE0,0x00,0xFF,0xE0,0x01,0xFF,0xC0,0x03,
0xFF,0x00,0x07,0xFC,0x00,0x07,0xF8,0x00,0x0F,0xF8,0x00,0x0F,0xF0,0x00,0x1F,0xE0,
0x00,0x1F,0xE0,0x00,0x1F,0xE0,0x00,0x1F,0xC0,0x00,0x1F,0xC0,0x00,0x3F,0xC0,0x00,
0x3F,0xC0,0x00,0x3F,0xC0,0x00,0x3F,0xC0,0x00,0x3F,0xC0,0x00,0x1F,0xC0,0x00,0x1F,
0xE0,0x00,0x1F,0xE0,0x00,0x1F,0xE0,0x00,0x0F,0xF0,0x00,0x0F,0xF8,0x00,0x0F,0xF8,
0x00,0x07,0xFE,0x00,0x03,0xFF,0x00,0x01,0xFF,0xE0,0x01,0xFF,0xE0,0x00,0xFF,0xE0,
0x00,0x3F,0xE0,0x00,0x0F,0xE0,0x00,0x03,0xE0,0x00,0x00,0x00,0x00,0x00,0x00,0x00,
0x00,0x00,0x00,0x00,0x00,0x00,0x00,0x00,0x00,0x00,0x00,0x00,0x00,0x00,0x00,0x00,
0x00,0x00,0x00,0x00,0x00,0x00,0x00,0x00,0x00,0x00,0x00,0x00,0x00,0x00,0x00,0x00,
0x00,0x00,0x00,0x00,0x00,0x00,0x00,0x00,0x00,

/*--  文字:  d  --*/
/*--  微软雅黑48;  此字体下对应的点阵为：宽x高=19x83   --*/
/*--  宽度不是8的倍数，现调整为：宽度x高度=24x83  --*/
0x00,0x00,0x00,0x00,0x00,0x00,0x00,0x00,0x00,0x00,0x00,0x00,0x00,0x00,0x00,0x00,
0x00,0x00,0x00,0x00,0x00,0x00,0x00,0x00,0x00,0x00,0x00,0x00,0x00,0x00,0x00,0x00,
0x00,0x00,0x00,0x00,0x00,0x00,0x00,0x00,0x00,0x00,0x00,0x00,0x00,0x00,0x00,0x00,
0x00,0x00,0x00,0x00,0x00,0x00,0x00,0x00,0x00,0x00,0x00,0x00,0x00,0x00,0x00,0x00,
0x00,0x00,0x00,0x00,0x00,0x00,0x00,0x00,0x00,0x00,0x00,0x00,0x00,0x00,0x00,0x00,
0x00,0x00,0x00,0x00,0x00,0x00,0x00,0x00,0x00,0x00,0x00,0x00,0xE0,0x00,0x0F,0xE0,
0x00,0x3F,0xE0,0x00,0x7F,0xE0,0x00,0xFF,0xE0,0x01,0xFF,0xE0,0x03,0xFF,0x80,0x03,
0xFE,0x00,0x07,0xFC,0x00,0x0F,0xF8,0x00,0x0F,0xF0,0x00,0x0F,0xF0,0x00,0x1F,0xE0,
0x00,0x1F,0xE0,0x00,0x1F,0xE0,0x00,0x1F,0xC0,0x00,0x1F,0xC0,0x00,0x3F,0xC0,0x00,
0x3F,0xC0,0x00,0x3F,0xC0,0x00,0x3F,0xC0,0x00,0x3F,0xC0,0x00,0x1F,0xC0,0x00,0x1F,
0xE0,0x00,0x1F,0xE0,0x00,0x1F,0xE0,0x00,0x1F,0xF0,0x00,0x0F,0xF0,0x00,0x0F,0xF8,
0x00,0x07,0xFC,0x00,0x07,0xFF,0x00,0x03,0xFF,0xE0,0x01,0xFF,0xE0,0x01,0xFF,0xE0,
0x00,0x7F,0xE0,0x00,0x3F,0xE0,0x00,0x07,0xE0,0x00,0x00,0x00,0x00,0x00,0x00,0x00,
0x00,0x00,0x00,0x00,0x00,0x00,0x00,0x00,0x00,0x00,0x00,0x00,0x00,0x00,0x00,0x00,
0x00,0x00,0x00,0x00,0x00,0x00,0x00,0x00,0x00,0x00,0x00,0x00,0x00,0x00,0x00,0x00,
0x00,0x00,0x00,0x00,0x00,0x00,0x00,0x00,0x00,

/*--  文字:  e  --*/
/*--  微软雅黑48;  此字体下对应的点阵为：宽x高=19x83   --*/
/*--  宽度不是8的倍数，现调整为：宽度x高度=24x83  --*/
0x00,0x00,0x00,0x00,0x00,0x00,0x00,0x00,0x00,0x00,0x00,0x00,0x00,0x00,0x00,0x00,
0x00,0x00,0x00,0x00,0x00,0x00,0x00,0x00,0x00,0x00,0x00,0x00,0x00,0x00,0x00,0x00,
0x00,0x00,0x00,0x00,0x00,0x00,0x00,0x00,0x00,0x00,0x00,0x00,0x00,0x00,0x00,0x00,
0x00,0x00,0x00,0x00,0x00,0x00,0x00,0x00,0x00,0x00,0x00,0x00,0x00,0x00,0x00,0x00,
0x00,0x00,0x00,0x00,0x00,0x00,0x00,0x00,0x00,0x00,0x00,0x00,0x00,0x00,0x00,0x00,
0x00,0x00,0x00,0x00,0x00,0x00,0x00,0x00,0x00,0x00,0x00,0x00,0xE0,0x00,0x07,0xE0,
0x00,0x1F,0xE0,0x00,0x7F,0xE0,0x00,0xFF,0xE0,0x01,0xFF,0xE0,0x03,0xFF,0x00,0x03,
0xFE,0x00,0x07,0xF8,0x00,0x0F,0xF8,0x00,0x0F,0xF0,0x00,0x0F,0xE0,0x00,0x1F,0xE0,
0x00,0x1F,0xE0,0x00,0x1F,0xC0,0x00,0x1F,0xFF,0xE0,0x1F,0xFF,0xE0,0x3F,0xFF,0xE0,
0x3F,0xFF,0xE0,0x3F,0xFF,0xE0,0x3F,0xFF,0xE0,0x1F,0xC0,0x00,0x1F,0xC0,0x00,0x1F,
0xE0,0x00,0x1F,0xE0,0x00,0x1F,0xE0,0x00,0x1F,0xF0,0x00,0x0F,0xF0,0x00,0x0F,0xF8,
0x00,0x07,0xFC,0x00,0x07,0xFF,0x00,0x03,0xFF,0xE0,0x01,0xFF,0xE0,0x00,0xFF,0xE0,
0x00,0x7F,0xE0,0x00,0x1F,0xE0,0x00,0x03,0xE0,0x00,0x00,0x00,0x00,0x00,0x00,0x00,
0x00,0x00,0x00,0x00,0x00,0x00,0x00,0x00,0x00,0x00,0x00,0x00,0x00,0x00,0x00,0x00,
0x00,0x00,0x00,0x00,0x00,0x00,0x00,0x00,0x00,0x00,0x00,0x00,0x00,0x00,0x00,0x00,
0x00,0x00,0x00,0x00,0x00,0x00,0x00,0x00,0x00,

/*--  文字:  f  --*/
/*--  微软雅黑48;  此字体下对应的点阵为：宽x高=19x83   --*/
/*--  宽度不是8的倍数，现调整为：宽度x高度=24x83  --*/
0x00,0x00,0x00,0x00,0x00,0x00,0x00,0x00,0x00,0x00,0x00,0x00,0x00,0x00,0x00,0x00,
0x00,0x00,0x00,0x00,0x00,0x00,0x00,0x00,0x00,0x00,0x00,0x00,0x00,0x00,0x00,0x00,
0x00,0x00,0x00,0x00,0x00,0x00,0x00,0x00,0x00,0x00,0x00,0x03,0xE0,0x00,0x0F,0xE0,
0x00,0x1F,0xE0,0x00,0x3F,0xE0,0x00,0x7F,0xE0,0x00,0xFF,0xE0,0x00,0xFF,0x00,0x00,
0xFF,0x00,0x01,0xFE,0x00,0x01,0xFE,0x00,0x01,0xFE,0x00,0x01,0xFC,0x00,0x01,0xFC,
0x00,0x01,0xFC,0x00,0x01,0xFC,0x00,0x01,0xFC,0x00,0x01,0xFC,0x00,0x7F,0xFF,0xE0,
0x7F,0xFF,0xE0,0x7F,0xFF,0xE0,0x7F,0xFF,0xE0,0x7F,0xFF,0xE0,0x7F,0xFF,0xE0,0x01,
0xFC,0x00,0x01,0xFC,0x00,0x01,0xFC,0x00,0x01,0xFC,0x00,0x01,0xFC,0x00,0x01,0xFC,
0x00,0x01,0xFC,0x00,0x01,0xFC,0x00,0x01,0xFC,0x00,0x01,0xFC,0x00,0x01,0xFC,0x00,
0x01,0xFC,0x00,0x01,0xFC,0x00,0x01,0xFC,0x00,0x01,0xFC,0x00,0x01,0xFC,0x00,0x01,
0xFC,0x00,0x01,0xFC,0x00,0x01,0xFC,0x00,0x01,0xFC,0x00,0x01,0xFC,0x00,0x01,0xFC,
0x00,0x01,0xFC,0x00,0x01,0xFC,0x00,0x01,0xFC,0x00,0x01,0xFC,0x00,0x01,0xFC,0x00,
0x01,0xFC,0x00,0x01,0xFC,0x00,0x00,0x00,0x00,0x00,0x00,0x00,0x00,0x00,0x00,0x00,
0x00,0x00,0x00,0x00,0x00,0x00,0x00,0x00,0x00,0x00,0x00,0x00,0x00,0x00,0x00,0x00,
0x00,0x00,0x00,0x00,0x00,0x00,0x00,0x00,0x00,0x00,0x00,0x00,0x00,0x00,0x00,0x00,
0x00,0x00,0x00,0x00,0x00,0x00,0x00,0x00,0x00,

/*--  文字:  g  --*/
/*--  微软雅黑48;  此字体下对应的点阵为：宽x高=19x83   --*/
/*--  宽度不是8的倍数，现调整为：宽度x高度=24x83  --*/
0x00,0x00,0x00,0x00,0x00,0x00,0x00,0x00,0x00,0x00,0x00,0x00,0x00,0x00,0x00,0x00,
0x00,0x00,0x00,0x00,0x00,0x00,0x00,0x00,0x00,0x00,0x00,0x00,0x00,0x00,0x00,0x00,
0x00,0x00,0x00,0x00,0x00,0x00,0x00,0x00,0x00,0x00,0x00,0x00,0x00,0x00,0x00,0x00,
0x00,0x00,0x00,0x00,0x00,0x00,0x00,0x00,0x00,0x00,0x00,0x00,0x00,0x00,0x00,0x00,
0x00,0x00,0x00,0x00,0x00,0x00,0x00,0x00,0x00,0x00,0x00,0x00,0x00,0x00,0x00,0x00,
0x00,0x00,0x00,0x00,0x00,0x00,0x00,0x00,0x00,0x00,0x00,0x00,0xE0,0x00,0x0F,0xE0,
0x00,0x3F,0xE0,0x00,0x7F,0xE0,0x00,0xFF,0xE0,0x01,0xFF,0xE0,0x03,0xFF,0x80,0x07,
0xFE,0x00,0x07,0xFC,0x00,0x0F,0xF8,0x00,0x0F,0xF0,0x00,0x0F,0xF0,0x00,0x1F,0xE0,
0x00,0x1F,0xE0,0x00,0x1F,0xE0,0x00,0x1F,0xC0,0x00,0x1F,0xC0,0x00,0x3F,0xC0,0x00,
0x3F,0xC0,0x00,0x3F,0xC0,0x00,0x3F,0xC0,0x00,0x3F,0xC0,0x00,0x1F,0xC0,0x00,0x1F,
0xE0,0x00,0x1F,0xE0,0x00,0x1F,0xE0,0x00,0x1F,0xF0,0x00,0x0F,0xF0,0x00,0x0F,0xF8,
0x00,0x07,0xFC,0x00,0x07,0xFF,0x00,0x03,0xFF,0xE0,0x01,0xFF,0xE0,0x00,0xFF,0xE0,
0x00,0x7F,0xE0,0x00,0x3F,0xE0,0x00,0x07,0xE0,0x00,0x00,0x00,0x00,0x00,0x00,0x00,
0x00,0x00,0x00,0x00,0x00,0x00,0x00,0x00,0x00,0x00,0x00,0x00,0x00,0x00,0x07,0x00,
0x00,0x07,0xC0,0x00,0x07,0xFC,0x00,0x07,0xFF,0xE0,0x07,0xFF,0xE0,0x07,0xFF,0xE0,
0x03,0xFF,0xE0,0x00,0x7F,0xE0,0x00,0x07,0xE0,

/*--  文字:  h  --*/
/*--  微软雅黑48;  此字体下对应的点阵为：宽x高=19x83   --*/
/*--  宽度不是8的倍数，现调整为：宽度x高度=24x83  --*/
0x00,0x00,0x00,0x00,0x00,0x00,0x00,0x00,0x00,0x00,0x00,0x00,0x00,0x00,0x00,0x00,
0x00,0x00,0x00,0x00,0x00,0x00,0x00,0x00,0x00,0x00,0x00,0x00,0x00,0x00,0x00,0x00,
0x00,0x00,0x00,0x00,0x00,0x00,0x00,0x00,0x00,0x00,0x07,0xF0,0x00,0x07,0xF0,0x00,
0x07,0xF0,0x00,0x07,0xF0,0x00,0x07,0xF0,0x00,0x07,0xF0,0x00,0x07,0xF0,0x00,0x07,
0xF0,0x00,0x07,0xF0,0x00,0x07,0xF0,0x00,0x07,0xF0,0x00,0x07,0xF0,0x00,0x07,0xF0,
0x00,0x07,0xF0,0x00,0x07,0xF0,0x00,0x07,0xF0,0x00,0x07,0xF0,0x00,0x07,0xF0,0x60,
0x07,0xF1,0xE0,0x07,0xF3,0xE0,0x07,0xF7,0xE0,0x07,0xFF,0xE0,0x07,0xFF,0xC0,0x07,
0xFF,0x00,0x07,0xFE,0x00,0x07,0xFC,0x00,0x07,0xFC,0x00,0x07,0xF8,0x00,0x07,0xF8,
0x00,0x07,0xF8,0x00,0x07,0xF0,0x00,0x07,0xF0,0x00,0x07,0xF0,0x00,0x07,0xF0,0x00,
0x07,0xF0,0x00,0x07,0xF0,0x00,0x07,0xF0,0x00,0x07,0xF0,0x00,0x07,0xF0,0x00,0x07,
0xF0,0x00,0x07,0xF0,0x00,0x07,0xF0,0x00,0x07,0xF0,0x00,0x07,0xF0,0x00,0x07,0xF0,
0x00,0x07,0xF0,0x00,0x07,0xF0,0x00,0x07,0xF0,0x00,0x07,0xF0,0x00,0x07,0xF0,0x00,
0x07,0xF0,0x00,0x07,0xF0,0x00,0x00,0x00,0x00,0x00,0x00,0x00,0x00,0x00,0x00,0x00,
0x00,0x00,0x00,0x00,0x00,0x00,0x00,0x00,0x00,0x00,0x00,0x00,0x00,0x00,0x00,0x00,
0x00,0x00,0x00,0x00,0x00,0x00,0x00,0x00,0x00,0x00,0x00,0x00,0x00,0x00,0x00,0x00,
0x00,0x00,0x00,0x00,0x00,0x00,0x00,0x00,0x00,

/*--  文字:  i  --*/
/*--  微软雅黑48;  此字体下对应的点阵为：宽x高=19x83   --*/
/*--  宽度不是8的倍数，现调整为：宽度x高度=24x83  --*/
0x00,0x00,0x00,0x00,0x00,0x00,0x00,0x00,0x00,0x00,0x00,0x00,0x00,0x00,0x00,0x00,
0x00,0x00,0x00,0x00,0x00,0x00,0x00,0x00,0x00,0x00,0x00,0x00,0x00,0x00,0x00,0x00,
0x00,0x00,0x00,0x00,0x00,0x00,0x00,0x00,0x00,0x00,0x00,0x00,0x00,0x03,0xE0,0x00,
0x07,0xF0,0x00,0x0F,0xF8,0x00,0x0F,0xF8,0x00,0x0F,0xF8,0x00,0x0F,0xF8,0x00,0x07,
0xF8,0x00,0x03,0xF0,0x00,0x00,0x00,0x00,0x00,0x00,0x00,0x00,0x00,0x00,0x00,0x00,
0x00,0x00,0x00,0x00,0x00,0x00,0x00,0x00,0x00,0x00,0x00,0x00,0x00,0x07,0xF0,0x00,
0x07,0xF0,0x00,0x07,0xF0,0x00,0x07,0xF0,0x00,0x07,0xF0,0x00,0x07,0xF0,0x00,0x07,
0xF0,0x00,0x07,0xF0,0x00,0x07,0xF0,0x00,0x07,0xF0,0x00,0x07,0xF0,0x00,0x07,0xF0,
0x00,0x07,0xF0,0x00,0x07,0xF0,0x00,0x07,0xF0,0x00,0x07,0xF0,0x00,0x07,0xF0,0x00,
0x07,0xF0,0x00,0x07,0xF0,0x00,0x07,0xF0,0x00,0x07,0xF0,0x00,0x07,0xF0,0x00,0x07,
0xF0,0x00,0x07,0xF0,0x00,0x07,0xF0,0x00,0x07,0xF0,0x00,0x07,0xF0,0x00,0x07,0xF0,
0x00,0x07,0xF0,0x00,0x07,0xF0,0x00,0x07,0xF0,0x00,0x07,0xF0,0x00,0x07,0xF0,0x00,
0x07,0xF0,0x00,0x07,0xF0,0x00,0x00,0x00,0x00,0x00,0x00,0x00,0x00,0x00,0x00,0x00,
0x00,0x00,0x00,0x00,0x00,0x00,0x00,0x00,0x00,0x00,0x00,0x00,0x00,0x00,0x00,0x00,
0x00,0x00,0x00,0x00,0x00,0x00,0x00,0x00,0x00,0x00,0x00,0x00,0x00,0x00,0x00,0x00,
0x00,0x00,0x00,0x00,0x00,0x00,0x00,0x00,0x00,

/*--  文字:  j  --*/
/*--  微软雅黑48;  此字体下对应的点阵为：宽x高=19x83   --*/
/*--  宽度不是8的倍数，现调整为：宽度x高度=24x83  --*/
0x00,0x00,0x00,0x00,0x00,0x00,0x00,0x00,0x00,0x00,0x00,0x00,0x00,0x00,0x00,0x00,
0x00,0x00,0x00,0x00,0x00,0x00,0x00,0x00,0x00,0x00,0x00,0x00,0x00,0x00,0x00,0x00,
0x00,0x00,0x00,0x00,0x00,0x00,0x00,0x00,0x00,0x00,0x00,0x00,0x00,0x03,0xE0,0x00,
0x07,0xF0,0x00,0x0F,0xF8,0x00,0x0F,0xF8,0x00,0x0F,0xF8,0x00,0x0F,0xF8,0x00,0x07,
0xF8,0x00,0x03,0xF0,0x00,0x00,0x00,0x00,0x00,0x00,0x00,0x00,0x00,0x00,0x00,0x00,
0x00,0x00,0x00,0x00,0x00,0x00,0x00,0x00,0x00,0x00,0x00,0x00,0x00,0x07,0xF0,0x00,
0x07,0xF0,0x00,0x07,0xF0,0x00,0x07,0xF0,0x00,0x07,0xF0,0x00,0x07,0xF0,0x00,0x07,
0xF0,0x00,0x07,0xF0,0x00,0x07,0xF0,0x00,0x07,0xF0,0x00,0x07,0xF0,0x00,0x07,0xF0,
0x00,0x07,0xF0,0x00,0x07,0xF0,0x00,0x07,0xF0,0x00,0x07,0xF0,0x00,0x07,0xF0,0x00,
0x07,0xF0,0x00,0x07,0xF0,0x00,0x07,0xF0,0x00,0x07,0xF0,0x00,0x07,0xF0,0x00,0x07,
0xF0,0x00,0x07,0xF0,0x00,0x07,0xF0,0x00,0x07,0xF0,0x00,0x07,0xF0,0x00,0x07,0xF0,
0x00,0x07,0xF0,0x00,0x07,0xF0,0x00,0x07,0xF0,0x00,0x07,0xF0,0x00,0x07,0xF0,0x00,
0x07,0xF0,0x00,0x07,0xF0,0x00,0x07,0xF0,0x00,0x07,0xF0,0x00,0x07,0xF0,0x00,0x0F,
0xF0,0x00,0x0F,0xF0,0x00,0x0F,0xF0,0x00,0x0F,0xE0,0x00,0x1F,0xE0,0x00,0x1F,0xE0,
0x00,0x3F,0xC0,0x00,0xFF,0xC0,0x00,0xFF,0x80,0x00,0xFF,0x00,0x00,0xFE,0x00,0x00,
0xFC,0x00,0x00,0xF0,0x00,0x00,0x80,0x00,0x00,

/*--  文字:  k  --*/
/*--  微软雅黑48;  此字体下对应的点阵为：宽x高=19x83   --*/
/*--  宽度不是8的倍数，现调整为：宽度x高度=24x83  --*/
0x00,0x00,0x00,0x00,0x00,0x00,0x00,0x00,0x00,0x00,0x00,0x00,0x00,0x00,0x00,0x00,
0x00,0x00,0x00,0x00,0x00,0x00,0x00,0x00,0x00,0x00,0x00,0x00,0x00,0x00,0x00,0x00,
0x00,0x00,0x00,0x00,0x00,0x00,0x00,0x00,0x00,0x00,0x07,0xF0,0x00,0x07,0xF0,0x00,
0x07,0xF0,0x00,0x07,0xF0,0x00,0x07,0xF0,0x00,0x07,0xF0,0x00,0x07,0xF0,0x00,0x07,
0xF0,0x00,0x07,0xF0,0x00,0x07,0xF0,0x00,0x07,0xF0,0x00,0x07,0xF0,0x00,0x07,0xF0,
0x00,0x07,0xF0,0x00,0x07,0xF0,0x00,0x07,0xF0,0x00,0x07,0xF0,0x00,0x07,0xF0,0x00,
0x07,0xF0,0x00,0x07,0xF0,0x00,0x07,0xF0,0x00,0x07,0xF0,0x00,0x07,0xF0,0x00,0x07,
0xF0,0x00,0x07,0xF0,0x00,0x07,0xF0,0x20,0x07,0xF0,0x60,0x07,0xF0,0xE0,0x07,0xF1,
0xE0,0x07,0xF3,0xE0,0x07,0xF7,0xE0,0x07,0xF7,0xE0,0x07,0xFF,0xE0,0x07,0xFF,0xE0,
0x07,0xFF,0xE0,0x07,0xFF,0xE0,0x07,0xFF,0xE0,0x07,0xF7,0xE0,0x07,0xF3,0xE0,0x07,
0xF1,0xE0,0x07,0xF0,0xE0,0x07,0xF0,0xE0,0x07,0xF0,0x60,0x07,0xF0,0x20,0x07,0xF0,
0x00,0x07,0xF0,0x00,0x07,0xF0,0x00,0x07,0xF0,0x00,0x07,0xF0,0x00,0x07,0xF0,0x00,
0x07,0xF0,0x00,0x07,0xF0,0x00,0x00,0x00,0x00,0x00,0x00,0x00,0x00,0x00,0x00,0x00,
0x00,0x00,0x00,0x00,0x00,0x00,0x00,0x00,0x00,0x00,0x00,0x00,0x00,0x00,0x00,0x00,
0x00,0x00,0x00,0x00,0x00,0x00,0x00,0x00,0x00,0x00,0x00,0x00,0x00,0x00,0x00,0x00,
0x00,0x00,0x00,0x00,0x00,0x00,0x00,0x00,0x00,

/*--  文字:  l  --*/
/*--  微软雅黑48;  此字体下对应的点阵为：宽x高=19x83   --*/
/*--  宽度不是8的倍数，现调整为：宽度x高度=24x83  --*/
0x00,0x00,0x00,0x00,0x00,0x00,0x00,0x00,0x00,0x00,0x00,0x00,0x00,0x00,0x00,0x00,
0x00,0x00,0x00,0x00,0x00,0x00,0x00,0x00,0x00,0x00,0x00,0x00,0x00,0x00,0x00,0x00,
0x00,0x00,0x00,0x00,0x00,0x00,0x00,0x00,0x00,0x00,0x07,0xF0,0x00,0x07,0xF0,0x00,
0x07,0xF0,0x00,0x07,0xF0,0x00,0x07,0xF0,0x00,0x07,0xF0,0x00,0x07,0xF0,0x00,0x07,
0xF0,0x00,0x07,0xF0,0x00,0x07,0xF0,0x00,0x07,0xF0,0x00,0x07,0xF0,0x00,0x07,0xF0,
0x00,0x07,0xF0,0x00,0x07,0xF0,0x00,0x07,0xF0,0x00,0x07,0xF0,0x00,0x07,0xF0,0x00,
0x07,0xF0,0x00,0x07,0xF0,0x00,0x07,0xF0,0x00,0x07,0xF0,0x00,0x07,0xF0,0x00,0x07,
0xF0,0x00,0x07,0xF0,0x00,0x07,0xF0,0x00,0x07,0xF0,0x00,0x07,0xF0,0x00,0x07,0xF0,
0x00,0x07,0xF0,0x00,0x07,0xF0,0x00,0x07,0xF0,0x00,0x07,0xF0,0x00,0x07,0xF0,0x00,
0x07,0xF0,0x00,0x07,0xF0,0x00,0x07,0xF0,0x00,0x07,0xF0,0x00,0x07,0xF0,0x00,0x07,
0xF0,0x00,0x07,0xF0,0x00,0x07,0xF0,0x00,0x07,0xF0,0x00,0x07,0xF0,0x00,0x07,0xF0,
0x00,0x07,0xF0,0x00,0x07,0xF0,0x00,0x07,0xF0,0x00,0x07,0xF0,0x00,0x07,0xF0,0x00,
0x07,0xF0,0x00,0x07,0xF0,0x00,0x00,0x00,0x00,0x00,0x00,0x00,0x00,0x00,0x00,0x00,
0x00,0x00,0x00,0x00,0x00,0x00,0x00,0x00,0x00,0x00,0x00,0x00,0x00,0x00,0x00,0x00,
0x00,0x00,0x00,0x00,0x00,0x00,0x00,0x00,0x00,0x00,0x00,0x00,0x00,0x00,0x00,0x00,
0x00,0x00,0x00,0x00,0x00,0x00,0x00,0x00,0x00,

/*--  文字:  m  --*/
/*--  微软雅黑48;  此字体下对应的点阵为：宽x高=19x83   --*/
/*--  宽度不是8的倍数，现调整为：宽度x高度=24x83  --*/
0x00,0x00,0x00,0x00,0x00,0x00,0x00,0x00,0x00,0x00,0x00,0x00,0x00,0x00,0x00,0x00,
0x00,0x00,0x00,0x00,0x00,0x00,0x00,0x00,0x00,0x00,0x00,0x00,0x00,0x00,0x00,0x00,
0x00,0x00,0x00,0x00,0x00,0x00,0x00,0x00,0x00,0x00,0x00,0x00,0x00,0x00,0x00,0x00,
0x00,0x00,0x00,0x00,0x00,0x00,0x00,0x00,0x00,0x00,0x00,0x00,0x00,0x00,0x00,0x00,
0x00,0x00,0x00,0x00,0x00,0x00,0x00,0x00,0x00,0x00,0x00,0x00,0x00,0x00,0x00,0x00,
0x00,0x00,0x00,0x00,0x00,0x00,0x00,0x00,0x00,0x00,0x00,0x00,0x00,0x07,0xF0,0xE0,
0x07,0xF1,0xE0,0x07,0xF3,0xE0,0x07,0xF7,0xE0,0x07,0xFF,0xE0,0x07,0xFF,0xC0,0x07,
0xFF,0x00,0x07,0xFE,0x00,0x07,0xFC,0x00,0x07,0xFC,0x00,0x07,0xF8,0x00,0x07,0xF8,
0x00,0x07,0xF8,0x00,0x07,0xF0,0x00,0x07,0xF0,0x00,0x07,0xF0,0x00,0x07,0xF0,0x00,
0x07,0xF0,0x00,0x07,0xF0,0x00,0x07,0xF0,0x00,0x07,0xF0,0x00,0x07,0xF0,0x00,0x07,
0xF0,0x00,0x07,0xF0,0x00,0x07,0xF0,0x00,0x07,0xF0,0x00,0x07,0xF0,0x00,0x07,0xF0,
0x00,0x07,0xF0,0x00,0x07,0xF0,0x00,0x07,0xF0,0x00,0x07,0xF0,0x00,0x07,0xF0,0x00,
0x07,0xF0,0x00,0x07,0xF0,0x00,0x00,0x00,0x00,0x00,0x00,0x00,0x00,0x00,0x00,0x00,
0x00,0x00,0x00,0x00,0x00,0x00,0x00,0x00,0x00,0x00,0x00,0x00,0x00,0x00,0x00,0x00,
0x00,0x00,0x00,0x00,0x00,0x00,0x00,0x00,0x00,0x00,0x00,0x00,0x00,0x00,0x00,0x00,
0x00,0x00,0x00,0x00,0x00,0x00,0x00,0x00,0x00,

/*--  文字:  n  --*/
/*--  微软雅黑48;  此字体下对应的点阵为：宽x高=19x83   --*/
/*--  宽度不是8的倍数，现调整为：宽度x高度=24x83  --*/
0x00,0x00,0x00,0x00,0x00,0x00,0x00,0x00,0x00,0x00,0x00,0x00,0x00,0x00,0x00,0x00,
0x00,0x00,0x00,0x00,0x00,0x00,0x00,0x00,0x00,0x00,0x00,0x00,0x00,0x00,0x00,0x00,
0x00,0x00,0x00,0x00,0x00,0x00,0x00,0x00,0x00,0x00,0x00,0x00,0x00,0x00,0x00,0x00,
0x00,0x00,0x00,0x00,0x00,0x00,0x00,0x00,0x00,0x00,0x00,0x00,0x00,0x00,0x00,0x00,
0x00,0x00,0x00,0x00,0x00,0x00,0x00,0x00,0x00,0x00,0x00,0x00,0x00,0x00,0x00,0x00,
0x00,0x00,0x00,0x00,0x00,0x00,0x00,0x00,0x00,0x00,0x00,0x00,0x00,0x07,0xF0,0x60,
0x07,0xF1,0xE0,0x07,0xF3,0xE0,0x07,0xF7,0xE0,0x07,0xFF,0xE0,0x07,0xFF,0xC0,0x07,
0xFF,0x00,0x07,0xFE,0x00,0x07,0xFC,0x00,0x07,0xFC,0x00,0x07,0xF8,0x00,0x07,0xF8,
0x00,0x07,0xF8,0x00,0x07,0xF0,0x00,0x07,0xF0,0x00,0x07,0xF0,0x00,0x07,0xF0,0x00,
0x07,0xF0,0x00,0x07,0xF0,0x00,0x07,0xF0,0x00,0x07,0xF0,0x00,0x07,0xF0,0x00,0x07,
0xF0,0x00,0x07,0xF0,0x00,0x07,0xF0,0x00,0x07,0xF0,0x00,0x07,0xF0,0x00,0x07,0xF0,
0x00,0x07,0xF0,0x00,0x07,0xF0,0x00,0x07,0xF0,0x00,0x07,0xF0,0x00,0x07,0xF0,0x00,
0x07,0xF0,0x00,0x07,0xF0,0x00,0x00,0x00,0x00,0x00,0x00,0x00,0x00,0x00,0x00,0x00,
0x00,0x00,0x00,0x00,0x00,0x00,0x00,0x00,0x00,0x00,0x00,0x00,0x00,0x00,0x00,0x00,
0x00,0x00,0x00,0x00,0x00,0x00,0x00,0x00,0x00,0x00,0x00,0x00,0x00,0x00,0x00,0x00,
0x00,0x00,0x00,0x00,0x00,0x00,0x00,0x00,0x00,

/*--  文字:  o  --*/
/*--  微软雅黑48;  此字体下对应的点阵为：宽x高=19x83   --*/
/*--  宽度不是8的倍数，现调整为：宽度x高度=24x83  --*/
0x00,0x00,0x00,0x00,0x00,0x00,0x00,0x00,0x00,0x00,0x00,0x00,0x00,0x00,0x00,0x00,
0x00,0x00,0x00,0x00,0x00,0x00,0x00,0x00,0x00,0x00,0x00,0x00,0x00,0x00,0x00,0x00,
0x00,0x00,0x00,0x00,0x00,0x00,0x00,0x00,0x00,0x00,0x00,0x00,0x00,0x00,0x00,0x00,
0x00,0x00,0x00,0x00,0x00,0x00,0x00,0x00,0x00,0x00,0x00,0x00,0x00,0x00,0x00,0x00,
0x00,0x00,0x00,0x00,0x00,0x00,0x00,0x00,0x00,0x00,0x00,0x00,0x00,0x00,0x00,0x00,
0x00,0x00,0x00,0x00,0x00,0x00,0x00,0x00,0x00,0x00,0x00,0x00,0x60,0x00,0x07,0xE0,
0x00,0x1F,0xE0,0x00,0x7F,0xE0,0x00,0xFF,0xE0,0x01,0xFF,0xE0,0x03,0xFF,0x80,0x03,
0xFE,0x00,0x07,0xFC,0x00,0x0F,0xF8,0x00,0x0F,0xF0,0x00,0x0F,0xF0,0x00,0x1F,0xE0,
0x00,0x1F,0xE0,0x00,0x1F,0xE0,0x00,0x1F,0xC0,0x00,0x1F,0xC0,0x00,0x3F,0xC0,0x00,
0x3F,0xC0,0x00,0x3F,0xC0,0x00,0x3F,0xC0,0x00,0x1F,0xC0,0x00,0x1F,0xC0,0x00,0x1F,
0xE0,0x00,0x1F,0xE0,0x00,0x1F,0xE0,0x00,0x0F,0xF0,0x00,0x0F,0xF8,0x00,0x07,0xF8,
0x00,0x07,0xFE,0x00,0x03,0xFF,0x00,0x01,0xFF,0xE0,0x00,0xFF,0xE0,0x00,0x7F,0xE0,
0x00,0x3F,0xE0,0x00,0x0F,0xE0,0x00,0x01,0xE0,0x00,0x00,0x00,0x00,0x00,0x00,0x00,
0x00,0x00,0x00,0x00,0x00,0x00,0x00,0x00,0x00,0x00,0x00,0x00,0x00,0x00,0x00,0x00,
0x00,0x00,0x00,0x00,0x00,0x00,0x00,0x00,0x00,0x00,0x00,0x00,0x00,0x00,0x00,0x00,
0x00,0x00,0x00,0x00,0x00,0x00,0x00,0x00,0x00,

/*--  文字:  p  --*/
/*--  微软雅黑48;  此字体下对应的点阵为：宽x高=19x83   --*/
/*--  宽度不是8的倍数，现调整为：宽度x高度=24x83  --*/
0x00,0x00,0x00,0x00,0x00,0x00,0x00,0x00,0x00,0x00,0x00,0x00,0x00,0x00,0x00,0x00,
0x00,0x00,0x00,0x00,0x00,0x00,0x00,0x00,0x00,0x00,0x00,0x00,0x00,0x00,0x00,0x00,
0x00,0x00,0x00,0x00,0x00,0x00,0x00,0x00,0x00,0x00,0x00,0x00,0x00,0x00,0x00,0x00,
0x00,0x00,0x00,0x00,0x00,0x00,0x00,0x00,0x00,0x00,0x00,0x00,0x00,0x00,0x00,0x00,
0x00,0x00,0x00,0x00,0x00,0x00,0x00,0x00,0x00,0x00,0x00,0x00,0x00,0x00,0x00,0x00,
0x00,0x00,0x00,0x00,0x00,0x00,0x00,0x00,0x00,0x00,0x00,0x00,0x00,0x07,0xF0,0x60,
0x07,0xF1,0xE0,0x07,0xF3,0xE0,0x07,0xF7,0xE0,0x07,0xFF,0xE0,0x07,0xFF,0xE0,0x07,
0xFF,0x80,0x07,0xFF,0x00,0x07,0xFE,0x00,0x07,0xFC,0x00,0x07,0xF8,0x00,0x07,0xF8,
0x00,0x07,0xF8,0x00,0x07,0xF8,0x00,0x07,0xF0,0x00,0x07,0xF0,0x00,0x07,0xF0,0x00,
0x07,0xF0,0x00,0x07,0xF0,0x00,0x07,0xF0,0x00,0x07,0xF0,0x00,0x07,0xF0,0x00,0x07,
0xF0,0x00,0x07,0xF8,0x00,0x07,0xF8,0x00,0x07,0xF8,0x00,0x07,0xFC,0x00,0x07,0xFE,
0x00,0x07,0xFF,0x00,0x07,0xFF,0x80,0x07,0xFF,0xE0,0x07,0xFF,0xE0,0x07,0xF7,0xE0,
0x07,0xF3,0xE0,0x07,0xF1,0xE0,0x07,0xF0,0x20,0x07,0xF0,0x00,0x07,0xF0,0x00,0x07,
0xF0,0x00,0x07,0xF0,0x00,0x07,0xF0,0x00,0x07,0xF0,0x00,0x07,0xF0,0x00,0x07,0xF0,
0x00,0x07,0xF0,0x00,0x07,0xF0,0x00,0x07,0xF0,0x00,0x07,0xF0,0x00,0x07,0xF0,0x00,
0x07,0xF0,0x00,0x07,0xF0,0x00,0x00,0x00,0x00,

/*--  文字:  q  --*/
/*--  微软雅黑48;  此字体下对应的点阵为：宽x高=19x83   --*/
/*--  宽度不是8的倍数，现调整为：宽度x高度=24x83  --*/
0x00,0x00,0x00,0x00,0x00,0x00,0x00,0x00,0x00,0x00,0x00,0x00,0x00,0x00,0x00,0x00,
0x00,0x00,0x00,0x00,0x00,0x00,0x00,0x00,0x00,0x00,0x00,0x00,0x00,0x00,0x00,0x00,
0x00,0x00,0x00,0x00,0x00,0x00,0x00,0x00,0x00,0x00,0x00,0x00,0x00,0x00,0x00,0x00,
0x00,0x00,0x00,0x00,0x00,0x00,0x00,0x00,0x00,0x00,0x00,0x00,0x00,0x00,0x00,0x00,
0x00,0x00,0x00,0x00,0x00,0x00,0x00,0x00,0x00,0x00,0x00,0x00,0x00,0x00,0x00,0x00,
0x00,0x00,0x00,0x00,0x00,0x00,0x00,0x00,0x00,0x00,0x00,0x00,0xE0,0x00,0x0F,0xE0,
0x00,0x3F,0xE0,0x00,0x7F,0xE0,0x00,0xFF,0xE0,0x01,0xFF,0xE0,0x03,0xFF,0x80,0x07,
0xFE,0x00,0x07,0xFC,0x00,0x0F,0xF8,0x00,0x0F,0xF0,0x00,0x0F,0xF0,0x00,0x1F,0xE0,
0x00,0x1F,0xE0,0x00,0x1F,0xE0,0x00,0x1F,0xC0,0x00,0x1F,0xC0,0x00,0x3F,0xC0,0x00,
0x3F,0xC0,0x00,0x3F,0xC0,0x00,0x3F,0xC0,0x00,0x3F,0xC0,0x00,0x1F,0xC0,0x00,0x1F,
0xE0,0x00,0x1F,0xE0,0x00,0x1F,0xE0,0x00,0x1F,0xF0,0x00,0x0F,0xF0,0x00,0x0F,0xF8,
0x00,0x07,0xFC,0x00,0x07,0xFE,0x00,0x03,0xFF,0xE0,0x01,0xFF,0xE0,0x01,0xFF,0xE0,
0x00,0x7F,0xE0,0x00,0x3F,0xE0,0x00,0x07,0xE0,0x00,0x00,0x00,0x00,0x00,0x00,0x00,
0x00,0x00,0x00,0x00,0x00,0x00,0x00,0x00,0x00,0x00,0x00,0x00,0x00,0x00,0x00,0x00,
0x00,0x00,0x00,0x00,0x00,0x00,0x00,0x00,0x00,0x00,0x00,0x00,0x00,0x00,0x00,0x00,
0x00,0x00,0x00,0x00,0x00,0x00,0x00,0x00,0x00,

/*--  文字:  r  --*/
/*--  微软雅黑48;  此字体下对应的点阵为：宽x高=19x83   --*/
/*--  宽度不是8的倍数，现调整为：宽度x高度=24x83  --*/
0x00,0x00,0x00,0x00,0x00,0x00,0x00,0x00,0x00,0x00,0x00,0x00,0x00,0x00,0x00,0x00,
0x00,0x00,0x00,0x00,0x00,0x00,0x00,0x00,0x00,0x00,0x00,0x00,0x00,0x00,0x00,0x00,
0x00,0x00,0x00,0x00,0x00,0x00,0x00,0x00,0x00,0x00,0x00,0x00,0x00,0x00,0x00,0x00,
0x00,0x00,0x00,0x00,0x00,0x00,0x00,0x00,0x00,0x00,0x00,0x00,0x00,0x00,0x00,0x00,
0x00,0x00,0x00,0x00,0x00,0x00,0x00,0x00,0x00,0x00,0x00,0x00,0x00,0x00,0x00,0x00,
0x00,0x00,0x00,0x00,0x00,0x00,0x00,0x00,0x00,0x00,0x00,0x00,0x00,0x07,0xF0,0xE0,
0x07,0xF1,0xE0,0x07,0xF3,0xE0,0x07,0xF7,0xE0,0x07,0xFF,0xE0,0x07,0xFF,0xE0,0x07,
0xFF,0x80,0x07,0xFF,0x00,0x07,0xFE,0x00,0x07,0xFC,0x00,0x07,0xFC,0x00,0x07,0xF8,
0x00,0x07,0xF8,0x00,0x07,0xF8,0x00,0x07,0xF8,0x00,0x07,0xF0,0x00,0x07,0xF0,0x00,
0x07,0xF0,0x00,0x07,0xF0,0x00,0x07,0xF0,0x00,0x07,0xF0,0x00,0x07,0xF0,0x00,0x07,
0xF0,0x00,0x07,0xF0,0x00,0x07,0xF0,0x00,0x07,0xF0,0x00,0x07,0xF0,0x00,0x07,0xF0,
0x00,0x07,0xF0,0x00,0x07,0xF0,0x00,0x07,0xF0,0x00,0x07,0xF0,0x00,0x07,0xF0,0x00,
0x07,0xF0,0x00,0x07,0xF0,0x00,0x00,0x00,0x00,0x00,0x00,0x00,0x00,0x00,0x00,0x00,
0x00,0x00,0x00,0x00,0x00,0x00,0x00,0x00,0x00,0x00,0x00,0x00,0x00,0x00,0x00,0x00,
0x00,0x00,0x00,0x00,0x00,0x00,0x00,0x00,0x00,0x00,0x00,0x00,0x00,0x00,0x00,0x00,
0x00,0x00,0x00,0x00,0x00,0x00,0x00,0x00,0x00,

/*--  文字:  s  --*/
/*--  微软雅黑48;  此字体下对应的点阵为：宽x高=19x83   --*/
/*--  宽度不是8的倍数，现调整为：宽度x高度=24x83  --*/
0x00,0x00,0x00,0x00,0x00,0x00,0x00,0x00,0x00,0x00,0x00,0x00,0x00,0x00,0x00,0x00,
0x00,0x00,0x00,0x00,0x00,0x00,0x00,0x00,0x00,0x00,0x00,0x00,0x00,0x00,0x00,0x00,
0x00,0x00,0x00,0x00,0x00,0x00,0x00,0x00,0x00,0x00,0x00,0x00,0x00,0x00,0x00,0x00,
0x00,0x00,0x00,0x00,0x00,0x00,0x00,0x00,0x00,0x00,0x00,0x00,0x00,0x00,0x00,0x00,
0x00,0x00,0x00,0x00,0x00,0x00,0x00,0x00,0x00,0x00,0x00,0x00,0x00,0x00,0x00,0x00,
0x00,0x00,0x00,0x00,0x00,0x00,0x00,0x00,0x00,0x00,0x00,0x03,0xE0,0x00,0x3F,0xE0,
0x00,0xFF,0xE0,0x03,0xFF,0xE0,0x07,0xFF,0xE0,0x0F,0xFF,0xE0,0x0F,0xF8,0x00,0x1F,
0xF0,0x00,0x1F,0xE0,0x00,0x1F,0xE0,0x00,0x1F,0xE0,0x00,0x1F,0xE0,0x00,0x1F,0xE0,
0x00,0x1F,0xF0,0x00,0x0F,0xFC,0x00,0x0F,0xFF,0x00,0x07,0xFF,0xE0,0x03,0xFF,0xE0,
0x01,0xFF,0xE0,0x00,0x7F,0xE0,0x00,0x1F,0xE0,0x00,0x07,0xE0,0x00,0x00,0xE0,0x00,
0x00,0x20,0x00,0x00,0x00,0x00,0x00,0x00,0x00,0x00,0x00,0x00,0x00,0x00,0x10,0x00,
0x00,0x1C,0x00,0x00,0x1F,0x00,0x20,0x1F,0xFF,0xE0,0x1F,0xFF,0xE0,0x1F,0xFF,0xE0,
0x1F,0xFF,0xE0,0x0F,0xFF,0xE0,0x01,0xFF,0xE0,0x00,0x00,0x00,0x00,0x00,0x00,0x00,
0x00,0x00,0x00,0x00,0x00,0x00,0x00,0x00,0x00,0x00,0x00,0x00,0x00,0x00,0x00,0x00,
0x00,0x00,0x00,0x00,0x00,0x00,0x00,0x00,0x00,0x00,0x00,0x00,0x00,0x00,0x00,0x00,
0x00,0x00,0x00,0x00,0x00,0x00,0x00,0x00,0x00,

/*--  文字:  t  --*/
/*--  微软雅黑48;  此字体下对应的点阵为：宽x高=19x83   --*/
/*--  宽度不是8的倍数，现调整为：宽度x高度=24x83  --*/
0x00,0x00,0x00,0x00,0x00,0x00,0x00,0x00,0x00,0x00,0x00,0x00,0x00,0x00,0x00,0x00,
0x00,0x00,0x00,0x00,0x00,0x00,0x00,0x00,0x00,0x00,0x00,0x00,0x00,0x00,0x00,0x00,
0x00,0x00,0x00,0x00,0x00,0x00,0x00,0x00,0x00,0x00,0x00,0x00,0x00,0x00,0x00,0x00,
0x00,0x00,0x00,0x00,0x00,0x00,0x00,0x00,0x00,0x00,0x00,0x00,0x00,0x00,0x00,0x00,
0x1C,0x00,0x00,0xFC,0x00,0x01,0xFC,0x00,0x01,0xFC,0x00,0x01,0xFC,0x00,0x01,0xFC,
0x00,0x01,0xFC,0x00,0x01,0xFC,0x00,0x01,0xFC,0x00,0x01,0xFC,0x00,0x7F,0xFF,0xE0,
0x7F,0xFF,0xE0,0x7F,0xFF,0xE0,0x7F,0xFF,0xE0,0x7F,0xFF,0xE0,0x7F,0xFF,0xE0,0x01,
0xFC,0x00,0x01,0xFC,0x00,0x01,0xFC,0x00,0x01,0xFC,0x00,0x01,0xFC,0x00,0x01,0xFC,
0x00,0x01,0xFC,0x00,0x01,0xFC,0x00,0x01,0xFC,0x00,0x01,0xFC,0x00,0x01,0xFC,0x00,
0x01,0xFC,0x00,0x01,0xFC,0x00,0x01,0xFC,0x00,0x01,0xFC,0x00,0x01,0xFC,0x00,0x01,
0xFC,0x00,0x01,0xFC,0x00,0x01,0xFC,0x00,0x01,0xFC,0x00,0x01,0xFC,0x00,0x01,0xFE,
0x00,0x01,0xFE,0x00,0x01,0xFF,0x00,0x01,0xFF,0xE0,0x00,0xFF,0xE0,0x00,0xFF,0xE0,
0x00,0x7F,0xE0,0x00,0x3F,0xE0,0x00,0x0F,0xE0,0x00,0x00,0x00,0x00,0x00,0x00,0x00,
0x00,0x00,0x00,0x00,0x00,0x00,0x00,0x00,0x00,0x00,0x00,0x00,0x00,0x00,0x00,0x00,
0x00,0x00,0x00,0x00,0x00,0x00,0x00,0x00,0x00,0x00,0x00,0x00,0x00,0x00,0x00,0x00,
0x00,0x00,0x00,0x00,0x00,0x00,0x00,0x00,0x00,

/*--  文字:  u  --*/
/*--  微软雅黑48;  此字体下对应的点阵为：宽x高=19x83   --*/
/*--  宽度不是8的倍数，现调整为：宽度x高度=24x83  --*/
0x00,0x00,0x00,0x00,0x00,0x00,0x00,0x00,0x00,0x00,0x00,0x00,0x00,0x00,0x00,0x00,
0x00,0x00,0x00,0x00,0x00,0x00,0x00,0x00,0x00,0x00,0x00,0x00,0x00,0x00,0x00,0x00,
0x00,0x00,0x00,0x00,0x00,0x00,0x00,0x00,0x00,0x00,0x00,0x00,0x00,0x00,0x00,0x00,
0x00,0x00,0x00,0x00,0x00,0x00,0x00,0x00,0x00,0x00,0x00,0x00,0x00,0x00,0x00,0x00,
0x00,0x00,0x00,0x00,0x00,0x00,0x00,0x00,0x00,0x00,0x00,0x00,0x00,0x00,0x00,0x00,
0x00,0x00,0x00,0x00,0x00,0x00,0x00,0x00,0x00,0x00,0x00,0x00,0x00,0x0F,0xF0,0x00,
0x0F,0xF0,0x00,0x0F,0xF0,0x00,0x0F,0xF0,0x00,0x0F,0xF0,0x00,0x0F,0xF0,0x00,0x0F,
0xF0,0x00,0x0F,0xF0,0x00,0x0F,0xF0,0x00,0x0F,0xF0,0x00,0x0F,0xF0,0x00,0x0F,0xF0,
0x00,0x0F,0xF0,0x00,0x0F,0xF0,0x00,0x0F,0xF0,0x00,0x0F,0xF0,0x00,0x0F,0xF0,0x00,
0x0F,0xF0,0x00,0x0F,0xF0,0x00,0x0F,0xF0,0x00,0x0F,0xF0,0x00,0x0F,0xF0,0x00,0x0F,
0xF0,0x00,0x0F,0xF0,0x00,0x0F,0xF0,0x00,0x0F,0xF0,0x00,0x07,0xF8,0x00,0x07,0xF8,
0x00,0x07,0xFC,0x00,0x07,0xFE,0x00,0x03,0xFF,0xE0,0x01,0xFF,0xE0,0x01,0xFF,0xE0,
0x00,0xFF,0xE0,0x00,0x3F,0xE0,0x00,0x0F,0xE0,0x00,0x00,0x00,0x00,0x00,0x00,0x00,
0x00,0x00,0x00,0x00,0x00,0x00,0x00,0x00,0x00,0x00,0x00,0x00,0x00,0x00,0x00,0x00,
0x00,0x00,0x00,0x00,0x00,0x00,0x00,0x00,0x00,0x00,0x00,0x00,0x00,0x00,0x00,0x00,
0x00,0x00,0x00,0x00,0x00,0x00,0x00,0x00,0x00,

/*--  文字:  v  --*/
/*--  微软雅黑48;  此字体下对应的点阵为：宽x高=19x83   --*/
/*--  宽度不是8的倍数，现调整为：宽度x高度=24x83  --*/
0x00,0x00,0x00,0x00,0x00,0x00,0x00,0x00,0x00,0x00,0x00,0x00,0x00,0x00,0x00,0x00,
0x00,0x00,0x00,0x00,0x00,0x00,0x00,0x00,0x00,0x00,0x00,0x00,0x00,0x00,0x00,0x00,
0x00,0x00,0x00,0x00,0x00,0x00,0x00,0x00,0x00,0x00,0x00,0x00,0x00,0x00,0x00,0x00,
0x00,0x00,0x00,0x00,0x00,0x00,0x00,0x00,0x00,0x00,0x00,0x00,0x00,0x00,0x00,0x00,
0x00,0x00,0x00,0x00,0x00,0x00,0x00,0x00,0x00,0x00,0x00,0x00,0x00,0x00,0x00,0x00,
0x00,0x00,0x00,0x00,0x00,0x00,0x00,0x00,0x00,0x00,0x00,0x00,0x00,0xFF,0x00,0x00,
0xFF,0x00,0x00,0xFF,0x80,0x00,0x7F,0x80,0x00,0x7F,0x80,0x00,0x3F,0xC0,0x00,0x3F,
0xC0,0x00,0x3F,0xC0,0x00,0x1F,0xE0,0x00,0x1F,0xE0,0x00,0x1F,0xE0,0x00,0x0F,0xF0,
0x00,0x0F,0xF0,0x00,0x07,0xF0,0x00,0x07,0xF8,0x00,0x07,0xF8,0x00,0x03,0xF8,0x00,
0x03,0xFC,0x00,0x03,0xFC,0x00,0x01,0xFC,0x00,0x01,0xFE,0x00,0x00,0xFE,0x00,0x00,
0xFE,0x20,0x00,0xFF,0x20,0x00,0x7F,0x20,0x00,0x7F,0x60,0x00,0x7F,0xE0,0x00,0x3F,
0xE0,0x00,0x3F,0xE0,0x00,0x1F,0xE0,0x00,0x1F,0xE0,0x00,0x1F,0xE0,0x00,0x0F,0xE0,
0x00,0x0F,0xE0,0x00,0x0F,0xE0,0x00,0x00,0x00,0x00,0x00,0x00,0x00,0x00,0x00,0x00,
0x00,0x00,0x00,0x00,0x00,0x00,0x00,0x00,0x00,0x00,0x00,0x00,0x00,0x00,0x00,0x00,
0x00,0x00,0x00,0x00,0x00,0x00,0x00,0x00,0x00,0x00,0x00,0x00,0x00,0x00,0x00,0x00,
0x00,0x00,0x00,0x00,0x00,0x00,0x00,0x00,0x00,

/*--  文字:  w  --*/
/*--  微软雅黑48;  此字体下对应的点阵为：宽x高=19x83   --*/
/*--  宽度不是8的倍数，现调整为：宽度x高度=24x83  --*/
0x00,0x00,0x00,0x00,0x00,0x00,0x00,0x00,0x00,0x00,0x00,0x00,0x00,0x00,0x00,0x00,
0x00,0x00,0x00,0x00,0x00,0x00,0x00,0x00,0x00,0x00,0x00,0x00,0x00,0x00,0x00,0x00,
0x00,0x00,0x00,0x00,0x00,0x00,0x00,0x00,0x00,0x00,0x00,0x00,0x00,0x00,0x00,0x00,
0x00,0x00,0x00,0x00,0x00,0x00,0x00,0x00,0x00,0x00,0x00,0x00,0x00,0x00,0x00,0x00,
0x00,0x00,0x00,0x00,0x00,0x00,0x00,0x00,0x00,0x00,0x00,0x00,0x00,0x00,0x00,0x00,
0x00,0x00,0x00,0x00,0x00,0x00,0x00,0x00,0x00,0x00,0x00,0x00,0x00,0xFF,0x00,0x00,
0xFF,0x00,0x00,0x7F,0x00,0x00,0x7F,0x80,0x00,0x7F,0x80,0x00,0x3F,0x80,0x00,0x3F,
0xC0,0x00,0x3F,0xC0,0x00,0x3F,0xC0,0x00,0x1F,0xC0,0x00,0x1F,0xE0,0x00,0x1F,0xE0,
0x00,0x0F,0xE0,0x00,0x0F,0xE0,0x20,0x0F,0xF0,0x20,0x07,0xF0,0x20,0x07,0xF0,0x60,
0x07,0xF8,0x60,0x07,0xF8,0x60,0x03,0xF8,0x60,0x03,0xF8,0xE0,0x03,0xFC,0xE0,0x01,
0xFC,0xE0,0x01,0xFD,0xE0,0x01,0xFD,0xE0,0x00,0xFF,0xE0,0x00,0xFF,0xE0,0x00,0xFF,
0xE0,0x00,0xFF,0xE0,0x00,0x7F,0xE0,0x00,0x7F,0xE0,0x00,0x7F,0xE0,0x00,0x3F,0xE0,
0x00,0x3F,0xE0,0x00,0x3F,0xC0,0x00,0x00,0x00,0x00,0x00,0x00,0x00,0x00,0x00,0x00,
0x00,0x00,0x00,0x00,0x00,0x00,0x00,0x00,0x00,0x00,0x00,0x00,0x00,0x00,0x00,0x00,
0x00,0x00,0x00,0x00,0x00,0x00,0x00,0x00,0x00,0x00,0x00,0x00,0x00,0x00,0x00,0x00,
0x00,0x00,0x00,0x00,0x00,0x00,0x00,0x00,0x00,

/*--  文字:  x  --*/
/*--  微软雅黑48;  此字体下对应的点阵为：宽x高=19x83   --*/
/*--  宽度不是8的倍数，现调整为：宽度x高度=24x83  --*/
0x00,0x00,0x00,0x00,0x00,0x00,0x00,0x00,0x00,0x00,0x00,0x00,0x00,0x00,0x00,0x00,
0x00,0x00,0x00,0x00,0x00,0x00,0x00,0x00,0x00,0x00,0x00,0x00,0x00,0x00,0x00,0x00,
0x00,0x00,0x00,0x00,0x00,0x00,0x00,0x00,0x00,0x00,0x00,0x00,0x00,0x00,0x00,0x00,
0x00,0x00,0x00,0x00,0x00,0x00,0x00,0x00,0x00,0x00,0x00,0x00,0x00,0x00,0x00,0x00,
0x00,0x00,0x00,0x00,0x00,0x00,0x00,0x00,0x00,0x00,0x00,0x00,0x00,0x00,0x00,0x00,
0x00,0x00,0x00,0x00,0x00,0x00,0x00,0x00,0x00,0x00,0x00,0x00,0x00,0x7F,0x80,0x00,
0x7F,0xC0,0x00,0x3F,0xC0,0x00,0x1F,0xE0,0x00,0x1F,0xE0,0x00,0x0F,0xF0,0x00,0x0F,
0xF8,0x00,0x07,0xF8,0x00,0x03,0xFC,0x00,0x03,0xFC,0x00,0x01,0xFE,0x20,0x00,0xFE,
0x20,0x00,0xFF,0x60,0x00,0x7F,0xE0,0x00,0x3F,0xE0,0x00,0x3F,0xE0,0x00,0x1F,0xE0,
0x00,0x1F,0xE0,0x00,0x1F,0xE0,0x00,0x1F,0xE0,0x00,0x3F,0xE0,0x00,0x7F,0xE0,0x00,
0x7F,0xE0,0x00,0xFF,0x60,0x01,0xFE,0x60,0x01,0xFC,0x20,0x03,0xFC,0x20,0x07,0xF8,
0x00,0x07,0xF8,0x00,0x0F,0xF0,0x00,0x1F,0xE0,0x00,0x3F,0xE0,0x00,0x3F,0xC0,0x00,
0x7F,0xC0,0x00,0xFF,0x80,0x00,0x00,0x00,0x00,0x00,0x00,0x00,0x00,0x00,0x00,0x00,
0x00,0x00,0x00,0x00,0x00,0x00,0x00,0x00,0x00,0x00,0x00,0x00,0x00,0x00,0x00,0x00,
0x00,0x00,0x00,0x00,0x00,0x00,0x00,0x00,0x00,0x00,0x00,0x00,0x00,0x00,0x00,0x00,
0x00,0x00,0x00,0x00,0x00,0x00,0x00,0x00,0x00,

/*--  文字:  y  --*/
/*--  微软雅黑48;  此字体下对应的点阵为：宽x高=19x83   --*/
/*--  宽度不是8的倍数，现调整为：宽度x高度=24x83  --*/
0x00,0x00,0x00,0x00,0x00,0x00,0x00,0x00,0x00,0x00,0x00,0x00,0x00,0x00,0x00,0x00,
0x00,0x00,0x00,0x00,0x00,0x00,0x00,0x00,0x00,0x00,0x00,0x00,0x00,0x00,0x00,0x00,
0x00,0x00,0x00,0x00,0x00,0x00,0x00,0x00,0x00,0x00,0x00,0x00,0x00,0x00,0x00,0x00,
0x00,0x00,0x00,0x00,0x00,0x00,0x00,0x00,0x00,0x00,0x00,0x00,0x00,0x00,0x00,0x00,
0x00,0x00,0x00,0x00,0x00,0x00,0x00,0x00,0x00,0x00,0x00,0x00,0x00,0x00,0x00,0x00,
0x00,0x00,0x00,0x00,0x00,0x00,0x00,0x00,0x00,0x00,0x00,0x00,0x00,0xFF,0x00,0x00,
0xFF,0x00,0x00,0xFF,0x80,0x00,0x7F,0x80,0x00,0x7F,0x80,0x00,0x3F,0xC0,0x00,0x3F,
0xC0,0x00,0x3F,0xC0,0x00,0x1F,0xE0,0x00,0x1F,0xE0,0x00,0x0F,0xE0,0x00,0x0F,0xF0,
0x00,0x0F,0xF0,0x00,0x07,0xF0,0x00,0x07,0xF8,0x00,0x03,0xF8,0x00,0x03,0xFC,0x00,
0x03,0xFC,0x00,0x01,0xFC,0x00,0x01,0xFE,0x00,0x00,0xFE,0x00,0x00,0xFE,0x00,0x00,
0xFF,0x00,0x00,0x7F,0x20,0x00,0x7F,0x20,0x00,0x3F,0xE0,0x00,0x3F,0xE0,0x00,0x3F,
0xE0,0x00,0x1F,0xE0,0x00,0x1F,0xE0,0x00,0x1F,0xE0,0x00,0x0F,0xE0,0x00,0x0F,0xE0,
0x00,0x07,0xE0,0x00,0x07,0xE0,0x00,0x07,0xE0,0x00,0x07,0xE0,0x00,0x0F,0xE0,0x00,
0x0F,0xE0,0x00,0x1F,0xE0,0x00,0x1F,0xE0,0x00,0x3F,0xC0,0x00,0x3F,0xC0,0x00,0x7F,
0x80,0x00,0xFF,0x80,0x61,0xFF,0x00,0x7F,0xFE,0x00,0x7F,0xFC,0x00,0x7F,0xF8,0x00,
0x7F,0xF0,0x00,0x7F,0xE0,0x00,0x1F,0x00,0x00,

/*--  文字:  z  --*/
/*--  微软雅黑48;  此字体下对应的点阵为：宽x高=19x83   --*/
/*--  宽度不是8的倍数，现调整为：宽度x高度=24x83  --*/
0x00,0x00,0x00,0x00,0x00,0x00,0x00,0x00,0x00,0x00,0x00,0x00,0x00,0x00,0x00,0x00,
0x00,0x00,0x00,0x00,0x00,0x00,0x00,0x00,0x00,0x00,0x00,0x00,0x00,0x00,0x00,0x00,
0x00,0x00,0x00,0x00,0x00,0x00,0x00,0x00,0x00,0x00,0x00,0x00,0x00,0x00,0x00,0x00,
0x00,0x00,0x00,0x00,0x00,0x00,0x00,0x00,0x00,0x00,0x00,0x00,0x00,0x00,0x00,0x00,
0x00,0x00,0x00,0x00,0x00,0x00,0x00,0x00,0x00,0x00,0x00,0x00,0x00,0x00,0x00,0x00,
0x00,0x00,0x00,0x00,0x00,0x00,0x00,0x00,0x00,0x00,0x00,0x00,0x00,0x3F,0xFF,0xE0,
0x3F,0xFF,0xE0,0x3F,0xFF,0xE0,0x3F,0xFF,0xE0,0x3F,0xFF,0xE0,0x3F,0xFF,0xE0,0x00,
0x00,0x00,0x00,0x00,0x00,0x00,0x00,0x20,0x00,0x00,0x20,0x00,0x00,0x60,0x00,0x00,
0xE0,0x00,0x01,0xE0,0x00,0x01,0xE0,0x00,0x03,0xE0,0x00,0x07,0xE0,0x00,0x0F,0xE0,
0x00,0x0F,0xE0,0x00,0x1F,0xE0,0x00,0x3F,0xC0,0x00,0x7F,0xC0,0x00,0x7F,0x80,0x00,
0xFF,0x00,0x01,0xFE,0x00,0x01,0xFE,0x00,0x03,0xFC,0x00,0x07,0xF8,0x00,0x0F,0xF0,
0x00,0x0F,0xF0,0x00,0x1F,0xE0,0x00,0x3F,0xFF,0xE0,0x7F,0xFF,0xE0,0x7F,0xFF,0xE0,
0xFF,0xFF,0xE0,0xFF,0xFF,0xE0,0x00,0x00,0x00,0x00,0x00,0x00,0x00,0x00,0x00,0x00,
0x00,0x00,0x00,0x00,0x00,0x00,0x00,0x00,0x00,0x00,0x00,0x00,0x00,0x00,0x00,0x00,
0x00,0x00,0x00,0x00,0x00,0x00,0x00,0x00,0x00,0x00,0x00,0x00,0x00,0x00,0x00,0x00,
0x00,0x00,0x00,0x00,0x00,0x00,0x00,0x00,0x00,

/*--  文字:  {  --*/
/*--  微软雅黑48;  此字体下对应的点阵为：宽x高=19x83   --*/
/*--  宽度不是8的倍数，现调整为：宽度x高度=24x83  --*/
0x00,0x00,0x00,0x00,0x00,0x00,0x00,0x00,0x00,0x00,0x00,0x00,0x00,0x00,0x00,0x00,
0x00,0x00,0x00,0x00,0x00,0x00,0x00,0x00,0x00,0x00,0x00,0x00,0x00,0x00,0x00,0x00,
0x00,0x00,0x00,0x00,0x00,0x00,0x00,0x00,0x00,0x00,0x00,0x00,0x00,0x00,0x00,0x00,
0x00,0x00,0x00,0x00,0x00,0xE0,0x00,0x07,0xE0,0x00,0x1F,0xE0,0x00,0x3F,0xE0,0x00,
0x7F,0xE0,0x00,0x7F,0xE0,0x00,0xFF,0x00,0x00,0xFE,0x00,0x00,0xFE,0x00,0x00,0xFE,
0x00,0x00,0xFE,0x00,0x00,0xFE,0x00,0x00,0xFE,0x00,0x00,0xFE,0x00,0x00,0xFE,0x00,
0x00,0xFE,0x00,0x00,0xFE,0x00,0x00,0xFE,0x00,0x00,0xFE,0x00,0x00,0xFE,0x00,0x00,
0xFE,0x00,0x00,0xFE,0x00,0x00,0xFE,0x00,0x01,0xFC,0x00,0x01,0xFC,0x00,0x01,0xFC,
0x00,0x03,0xFC,0x00,0x07,0xF8,0x00,0x3F,0xF0,0x00,0x3F,0xE0,0x00,0x3F,0xC0,0x00,
0x3F,0xF0,0x00,0x1F,0xF8,0x00,0x07,0xF8,0x00,0x03,0xFC,0x00,0x01,0xFC,0x00,0x01,
0xFC,0x00,0x00,0xFC,0x00,0x00,0xFE,0x00,0x00,0xFE,0x00,0x00,0xFE,0x00,0x00,0xFE,
0x00,0x00,0xFE,0x00,0x00,0xFE,0x00,0x00,0xFE,0x00,0x00,0xFE,0x00,0x00,0xFE,0x00,
0x00,0xFE,0x00,0x00,0xFE,0x00,0x00,0xFE,0x00,0x00,0xFE,0x00,0x00,0xFE,0x00,0x00,
0xFE,0x00,0x00,0xFE,0x00,0x00,0x7F,0x80,0x00,0x7F,0xE0,0x00,0x3F,0xE0,0x00,0x1F,
0xE0,0x00,0x0F,0xE0,0x00,0x03,0xE0,0x00,0x00,0x00,0x00,0x00,0x00,0x00,0x00,0x00,
0x00,0x00,0x00,0x00,0x00,0x00,0x00,0x00,0x00,

/*--  文字:  |  --*/
/*--  微软雅黑48;  此字体下对应的点阵为：宽x高=19x83   --*/
/*--  宽度不是8的倍数，现调整为：宽度x高度=24x83  --*/
0x00,0x00,0x00,0x00,0x00,0x00,0x00,0x00,0x00,0x00,0x00,0x00,0x00,0x00,0x00,0x00,
0x00,0x00,0x00,0x00,0x00,0x00,0x00,0x00,0x00,0x00,0x00,0x00,0x00,0x00,0x00,0x00,
0x00,0x00,0x00,0x00,0x00,0x00,0x00,0x07,0xF0,0x00,0x07,0xF0,0x00,0x07,0xF0,0x00,
0x07,0xF0,0x00,0x07,0xF0,0x00,0x07,0xF0,0x00,0x07,0xF0,0x00,0x07,0xF0,0x00,0x07,
0xF0,0x00,0x07,0xF0,0x00,0x07,0xF0,0x00,0x07,0xF0,0x00,0x07,0xF0,0x00,0x07,0xF0,
0x00,0x07,0xF0,0x00,0x07,0xF0,0x00,0x07,0xF0,0x00,0x07,0xF0,0x00,0x07,0xF0,0x00,
0x07,0xF0,0x00,0x07,0xF0,0x00,0x07,0xF0,0x00,0x07,0xF0,0x00,0x07,0xF0,0x00,0x07,
0xF0,0x00,0x07,0xF0,0x00,0x07,0xF0,0x00,0x07,0xF0,0x00,0x07,0xF0,0x00,0x07,0xF0,
0x00,0x07,0xF0,0x00,0x07,0xF0,0x00,0x07,0xF0,0x00,0x07,0xF0,0x00,0x07,0xF0,0x00,
0x07,0xF0,0x00,0x07,0xF0,0x00,0x07,0xF0,0x00,0x07,0xF0,0x00,0x07,0xF0,0x00,0x07,
0xF0,0x00,0x07,0xF0,0x00,0x07,0xF0,0x00,0x07,0xF0,0x00,0x07,0xF0,0x00,0x07,0xF0,
0x00,0x07,0xF0,0x00,0x07,0xF0,0x00,0x07,0xF0,0x00,0x07,0xF0,0x00,0x07,0xF0,0x00,
0x07,0xF0,0x00,0x07,0xF0,0x00,0x07,0xF0,0x00,0x07,0xF0,0x00,0x07,0xF0,0x00,0x07,
0xF0,0x00,0x07,0xF0,0x00,0x07,0xF0,0x00,0x07,0xF0,0x00,0x07,0xF0,0x00,0x07,0xF0,
0x00,0x07,0xF0,0x00,0x07,0xF0,0x00,0x07,0xF0,0x00,0x07,0xF0,0x00,0x07,0xF0,0x00,
0x07,0xF0,0x00,0x07,0xF0,0x00,0x03,0xE0,0x00,

/*--  文字:  }  --*/
/*--  微软雅黑48;  此字体下对应的点阵为：宽x高=19x83   --*/
/*--  宽度不是8的倍数，现调整为：宽度x高度=24x83  --*/
0x00,0x00,0x00,0x00,0x00,0x00,0x00,0x00,0x00,0x00,0x00,0x00,0x00,0x00,0x00,0x00,
0x00,0x00,0x00,0x00,0x00,0x00,0x00,0x00,0x00,0x00,0x00,0x00,0x00,0x00,0x00,0x00,
0x00,0x00,0x00,0x00,0x00,0x00,0x00,0x00,0x00,0x00,0x00,0x00,0x00,0x00,0x00,0x00,
0x00,0x00,0x00,0x3C,0x00,0x00,0x3F,0x80,0x00,0x3F,0xC0,0x00,0x3F,0xE0,0x00,0x3F,
0xF0,0x00,0x3F,0xF8,0x00,0x07,0xF8,0x00,0x03,0xF8,0x00,0x03,0xFC,0x00,0x01,0xFC,
0x00,0x01,0xFC,0x00,0x01,0xFC,0x00,0x01,0xFC,0x00,0x01,0xFC,0x00,0x01,0xFC,0x00,
0x01,0xFC,0x00,0x01,0xFC,0x00,0x01,0xFC,0x00,0x01,0xFC,0x00,0x01,0xFC,0x00,0x01,
0xFC,0x00,0x01,0xFC,0x00,0x01,0xFC,0x00,0x01,0xFC,0x00,0x01,0xFC,0x00,0x01,0xFE,
0x00,0x00,0xFE,0x00,0x00,0xFF,0x80,0x00,0x7F,0xE0,0x00,0x3F,0xE0,0x00,0x1F,0xE0,
0x00,0x3F,0xE0,0x00,0x7F,0xE0,0x00,0xFF,0x00,0x00,0xFE,0x00,0x01,0xFC,0x00,0x01,
0xFC,0x00,0x01,0xFC,0x00,0x01,0xFC,0x00,0x01,0xFC,0x00,0x01,0xFC,0x00,0x01,0xFC,
0x00,0x01,0xFC,0x00,0x01,0xFC,0x00,0x01,0xFC,0x00,0x01,0xFC,0x00,0x01,0xFC,0x00,
0x01,0xFC,0x00,0x01,0xFC,0x00,0x01,0xFC,0x00,0x01,0xFC,0x00,0x01,0xFC,0x00,0x03,
0xF8,0x00,0x03,0xF8,0x00,0x07,0xF8,0x00,0x3F,0xF0,0x00,0x3F,0xF0,0x00,0x3F,0xE0,
0x00,0x3F,0xC0,0x00,0x3F,0x00,0x00,0x00,0x00,0x00,0x00,0x00,0x00,0x00,0x00,0x00,
0x00,0x00,0x00,0x00,0x00,0x00,0x00,0x00,0x00,

/*--  文字:  ~  --*/
/*--  微软雅黑48;  此字体下对应的点阵为：宽x高=19x83   --*/
/*--  宽度不是8的倍数，现调整为：宽度x高度=24x83  --*/
0x00,0x00,0x00,0x00,0x00,0x00,0x00,0x00,0x00,0x00,0x00,0x00,0x00,0x00,0x00,0x00,
0x00,0x00,0x00,0x00,0x00,0x00,0x00,0x00,0x00,0x00,0x00,0x00,0x00,0x00,0x00,0x00,
0x00,0x00,0x00,0x00,0x00,0x00,0x00,0x00,0x00,0x00,0x00,0x00,0x00,0x00,0x00,0x00,
0x00,0x00,0x00,0x00,0x00,0x00,0x00,0x00,0x00,0x00,0x00,0x00,0x00,0x00,0x00,0x00,
0x00,0x00,0x00,0x00,0x00,0x00,0x00,0x00,0x00,0x00,0x00,0x00,0x00,0x00,0x00,0x00,
0x00,0x00,0x00,0x00,0x00,0x00,0x00,0x00,0x00,0x00,0x00,0x00,0x00,0x00,0x00,0x00,
0x00,0x00,0x00,0x00,0x00,0x00,0x00,0x00,0x00,0x00,0x00,0x00,0x00,0x00,0x00,0x00,
0x00,0x00,0x00,0x00,0x00,0x00,0x00,0x00,0x00,0x03,0xE0,0x00,0x1F,0xE0,0x00,0x3F,
0xE0,0x00,0x7F,0xE0,0x00,0xFF,0xE0,0x00,0xFF,0xE0,0x01,0xFC,0x00,0x01,0xF8,0x00,
0x01,0xF8,0x00,0x03,0xF8,0x00,0x03,0xF8,0x00,0x03,0xF0,0x00,0x00,0x00,0x00,0x00,
0x00,0x00,0x00,0x00,0x00,0x00,0x00,0x00,0x00,0x00,0x00,0x00,0x00,0x00,0x00,0x00,
0x00,0x00,0x00,0x00,0x00,0x00,0x00,0x00,0x00,0x00,0x00,0x00,0x00,0x00,0x00,0x00,
0x00,0x00,0x00,0x00,0x00,0x00,0x00,0x00,0x00,0x00,0x00,0x00,0x00,0x00,0x00,0x00,
0x00,0x00,0x00,0x00,0x00,0x00,0x00,0x00,0x00,0x00,0x00,0x00,0x00,0x00,0x00,0x00,
0x00,0x00,0x00,0x00,0x00,0x00,0x00,0x00,0x00,0x00,0x00,0x00,0x00,0x00,0x00,0x00,
0x00,0x00,0x00,0x00,0x00,0x00,0x00,0x00,0x00,
};

sFONT Font48 = {
  Font48_Table,
  24, /* Width */
  83, /* Height */
};

/************************ (C) COPYRIGHT STMicroelectronics *****END OF FILE****/
